[17:59:28.951][INFO]: CoT: Successfully identified and loaded ContentTweaker plugin contenttweaker:vanilla
[17:59:28.957][INFO]: CoT: Successfully identified and loaded ContentTweaker plugin contenttweaker:forge
[17:59:29.022][INFO]: Successfully identified and loaded plugin contenttweaker:core
[17:59:29.032][INFO]: Successfully identified and loaded plugin jeitweaker:default
[17:59:29.052][INFO]: Successfully identified and loaded plugin crafttweaker:builtin
[17:59:29.053][INFO]: Successfully identified and loaded plugin crafttweaker:builtin_forge
[17:59:29.058][INFO]: Successfully identified and loaded plugin immersiveengineering:ct_module
[17:59:30.339][INFO]: The following mods have explicit CraftTweaker support through the default plugin:
[17:59:30.339][INFO]: - 'contenttweaker' at version '1.0.0+13'
[17:59:30.340][INFO]: - 'crafttweaker' at version '9.1.211'
[17:59:30.340][INFO]: - 'createtweaker' at version '2.0.0.20'
[17:59:30.340][INFO]: - 'farmersdelight' at version '1.18.2-1.2.3'
[17:59:30.340][INFO]: - 'immersivepetroleum' at version '4.2.0-25'
[17:59:30.340][INFO]: - 'jeitweaker' at version '3.0.0.9'
[17:59:31.580][INFO]: Started loading scripts for loader 'contenttweaker'
[17:59:32.415][INFO]: Compiling and executing scripts
[17:59:32.609][INFO]: Successfully initialized modules [crafttweaker, contenttweaker, expansions]
[17:59:32.612][INFO]: Loading file 'Generic/newitem.zs' with priority 0
[17:59:33.009][INFO]: Registering object of type minecraft:creative_tab[S]{net.minecraft.world.item.CreativeModeTab} with name minecraft:deceased_tab
[17:59:33.027][INFO]: Registering object of type minecraft:item[R]{net.minecraft.world.item.Item} with name contenttweaker:horde_beacon
[17:59:33.097][INFO]: Registering object of type minecraft:item[R]{net.minecraft.world.item.Item} with name contenttweaker:incomplete_solar_panel
[17:59:33.111][INFO]: Registering object of type minecraft:item[R]{net.minecraft.world.item.Item} with name contenttweaker:incomplete_ender_pearl
[17:59:33.115][INFO]: Registering object of type minecraft:item[R]{net.minecraft.world.item.Item} with name contenttweaker:polyethylene
[17:59:33.116][INFO]: Registering object of type minecraft:item[R]{net.minecraft.world.item.Item} with name contenttweaker:high_carbon_steel_alloy
[17:59:33.116][INFO]: Registering object of type minecraft:item[R]{net.minecraft.world.item.Item} with name contenttweaker:resistant_fiber
[17:59:33.117][INFO]: Registering object of type minecraft:item[R]{net.minecraft.world.item.Item} with name contenttweaker:resistant_fabric
[17:59:33.117][INFO]: Registering object of type minecraft:item[R]{net.minecraft.world.item.Item} with name contenttweaker:rubber
[17:59:33.119][INFO]: Registering object of type minecraft:item[R]{net.minecraft.world.item.Item} with name contenttweaker:research_paper_1
[17:59:33.120][INFO]: Registering object of type minecraft:item[R]{net.minecraft.world.item.Item} with name contenttweaker:research_paper_2
[17:59:33.122][INFO]: Registering object of type minecraft:item[R]{net.minecraft.world.item.Item} with name contenttweaker:research_paper_3
[17:59:33.123][INFO]: Registering object of type minecraft:item[R]{net.minecraft.world.item.Item} with name contenttweaker:research_paper_4
[17:59:33.124][INFO]: Registering object of type minecraft:item[R]{net.minecraft.world.item.Item} with name contenttweaker:research_paper_5
[17:59:33.125][INFO]: Registering object of type minecraft:item[R]{net.minecraft.world.item.Item} with name contenttweaker:research_book
[17:59:33.126][INFO]: Registering object of type minecraft:item[R]{net.minecraft.world.item.Item} with name contenttweaker:formula_x
[17:59:33.126][INFO]: Registering object of type minecraft:item[R]{net.minecraft.world.item.Item} with name contenttweaker:incomplete_electron_tube
[17:59:33.134][INFO]: Registering object of type minecraft:item[R]{net.minecraft.world.item.Item} with name contenttweaker:incomplete_component_electronic
[17:59:33.134][INFO]: Registering object of type minecraft:item[R]{net.minecraft.world.item.Item} with name contenttweaker:incomplete_component_electronic_adv
[17:59:33.135][INFO]: Registering object of type minecraft:item[R]{net.minecraft.world.item.Item} with name contenttweaker:silica_dust
[17:59:33.135][INFO]: Registering object of type minecraft:item[R]{net.minecraft.world.item.Item} with name contenttweaker:incomplete_basic_processor
[17:59:33.136][INFO]: Registering object of type minecraft:item[R]{net.minecraft.world.item.Item} with name contenttweaker:incomplete_improved_processor
[17:59:33.140][INFO]: Registering object of type minecraft:item[R]{net.minecraft.world.item.Item} with name contenttweaker:incomplete_advanced_processor
[17:59:33.143][INFO]: Registering object of type minecraft:item[R]{net.minecraft.world.item.Item} with name contenttweaker:incomplete_1k_storage_part
[17:59:33.147][INFO]: Registering object of type minecraft:item[R]{net.minecraft.world.item.Item} with name contenttweaker:incomplete_4k_storage_part
[17:59:33.147][INFO]: Registering object of type minecraft:item[R]{net.minecraft.world.item.Item} with name contenttweaker:incomplete_16k_storage_part
[17:59:33.149][INFO]: Registering object of type minecraft:item[R]{net.minecraft.world.item.Item} with name contenttweaker:incomplete_64k_storage_part
[17:59:33.152][INFO]: Registering object of type minecraft:item[R]{net.minecraft.world.item.Item} with name contenttweaker:incomplete_64k_fluid_storage_part
[17:59:33.154][INFO]: Registering object of type minecraft:item[R]{net.minecraft.world.item.Item} with name contenttweaker:incomplete_256k_fluid_storage_part
[17:59:33.157][INFO]: Registering object of type minecraft:item[R]{net.minecraft.world.item.Item} with name contenttweaker:incomplete_1024k_fluid_storage_part
[17:59:33.161][INFO]: Registering object of type minecraft:item[R]{net.minecraft.world.item.Item} with name contenttweaker:incomplete_4096k_fluid_storage_part
[17:59:33.162][INFO]: Registering object of type minecraft:item[R]{net.minecraft.world.item.Item} with name contenttweaker:x_factor
[17:59:33.162][INFO]: Registering object of type minecraft:item[R]{net.minecraft.world.item.Item} with name contenttweaker:mold_basic_processor
[17:59:33.163][INFO]: Registering object of type minecraft:item[R]{net.minecraft.world.item.Item} with name contenttweaker:mold_improved_processor
[17:59:33.163][INFO]: Registering object of type minecraft:item[R]{net.minecraft.world.item.Item} with name contenttweaker:mold_advanced_processor
[17:59:33.163][INFO]: Registering object of type minecraft:item[R]{net.minecraft.world.item.Item} with name contenttweaker:incomplete_bullet
[17:59:33.166][INFO]: Registering object of type minecraft:item[R]{net.minecraft.world.item.Item} with name contenttweaker:bullet_casing_9mm_round
[17:59:33.167][INFO]: Registering object of type minecraft:item[R]{net.minecraft.world.item.Item} with name contenttweaker:bullet_casing_10_gauge_round
[17:59:33.168][INFO]: Registering object of type minecraft:item[R]{net.minecraft.world.item.Item} with name contenttweaker:bullet_casing_46x30
[17:59:33.168][INFO]: Registering object of type minecraft:item[R]{net.minecraft.world.item.Item} with name contenttweaker:bullet_casing_50bmg
[17:59:33.169][INFO]: Registering object of type minecraft:item[R]{net.minecraft.world.item.Item} with name contenttweaker:bullet_casing_57x28
[17:59:33.170][INFO]: Registering object of type minecraft:item[R]{net.minecraft.world.item.Item} with name contenttweaker:bullet_casing_58x42
[17:59:33.171][INFO]: Registering object of type minecraft:item[R]{net.minecraft.world.item.Item} with name contenttweaker:bullet_casing_762x25
[17:59:33.172][INFO]: Registering object of type minecraft:item[R]{net.minecraft.world.item.Item} with name contenttweaker:bullet_casing_762x39
[17:59:33.172][INFO]: Registering object of type minecraft:item[R]{net.minecraft.world.item.Item} with name contenttweaker:bullet_casing_762x54
[17:59:33.173][INFO]: Registering object of type minecraft:item[R]{net.minecraft.world.item.Item} with name contenttweaker:bullet_casing_ae50
[17:59:33.173][INFO]: Registering object of type minecraft:item[R]{net.minecraft.world.item.Item} with name contenttweaker:bullet_casing_bmagnum
[17:59:33.174][INFO]: Registering object of type minecraft:item[R]{net.minecraft.world.item.Item} with name contenttweaker:bullet_casing_bullet68
[17:59:33.174][INFO]: Registering object of type minecraft:item[R]{net.minecraft.world.item.Item} with name contenttweaker:bullet_casing_bullet308
[17:59:33.175][INFO]: Registering object of type minecraft:item[R]{net.minecraft.world.item.Item} with name contenttweaker:bullet_casing_lapua338
[17:59:33.176][INFO]: Registering object of type minecraft:item[R]{net.minecraft.world.item.Item} with name contenttweaker:bullet_casing_nato556
[17:59:33.176][INFO]: Registering object of type minecraft:item[R]{net.minecraft.world.item.Item} with name contenttweaker:bullet_casing_round45
[17:59:33.176][INFO]: Registering object of type minecraft:item[R]{net.minecraft.world.item.Item} with name contenttweaker:bullet_casing_win3030
[17:59:33.177][INFO]: Registering object of type minecraft:item[R]{net.minecraft.world.item.Item} with name contenttweaker:mold_bullet_casing_9mm_round
[17:59:33.177][INFO]: Registering object of type minecraft:item[R]{net.minecraft.world.item.Item} with name contenttweaker:mold_bullet_casing_10_gauge_round
[17:59:33.178][INFO]: Registering object of type minecraft:item[R]{net.minecraft.world.item.Item} with name contenttweaker:mold_bullet_casing_46x30
[17:59:33.179][INFO]: Registering object of type minecraft:item[R]{net.minecraft.world.item.Item} with name contenttweaker:mold_bullet_casing_50bmg
[17:59:33.179][INFO]: Registering object of type minecraft:item[R]{net.minecraft.world.item.Item} with name contenttweaker:mold_bullet_casing_57x28
[17:59:33.180][INFO]: Registering object of type minecraft:item[R]{net.minecraft.world.item.Item} with name contenttweaker:mold_bullet_casing_58x42
[17:59:33.180][INFO]: Registering object of type minecraft:item[R]{net.minecraft.world.item.Item} with name contenttweaker:mold_bullet_casing_762x25
[17:59:33.181][INFO]: Registering object of type minecraft:item[R]{net.minecraft.world.item.Item} with name contenttweaker:mold_bullet_casing_762x39
[17:59:33.181][INFO]: Registering object of type minecraft:item[R]{net.minecraft.world.item.Item} with name contenttweaker:mold_bullet_casing_762x54
[17:59:33.181][INFO]: Registering object of type minecraft:item[R]{net.minecraft.world.item.Item} with name contenttweaker:mold_bullet_casing_ae50
[17:59:33.182][INFO]: Registering object of type minecraft:item[R]{net.minecraft.world.item.Item} with name contenttweaker:mold_bullet_casing_bmagnum
[17:59:33.182][INFO]: Registering object of type minecraft:item[R]{net.minecraft.world.item.Item} with name contenttweaker:mold_bullet_casing_bullet68
[17:59:33.183][INFO]: Registering object of type minecraft:item[R]{net.minecraft.world.item.Item} with name contenttweaker:mold_bullet_casing_bullet308
[17:59:33.184][INFO]: Registering object of type minecraft:item[R]{net.minecraft.world.item.Item} with name contenttweaker:mold_bullet_casing_lapua338
[17:59:33.184][INFO]: Registering object of type minecraft:item[R]{net.minecraft.world.item.Item} with name contenttweaker:mold_bullet_casing_nato556
[17:59:33.185][INFO]: Registering object of type minecraft:item[R]{net.minecraft.world.item.Item} with name contenttweaker:mold_bullet_casing_round45
[17:59:33.185][INFO]: Registering object of type minecraft:item[R]{net.minecraft.world.item.Item} with name contenttweaker:mold_bullet_casing_win3030
[17:59:33.186][INFO]: Registering object of type minecraft:item[R]{net.minecraft.world.item.Item} with name contenttweaker:incomplete_battery
[17:59:33.186][INFO]: Registering object of type minecraft:item[R]{net.minecraft.world.item.Item} with name contenttweaker:incomplete_engine_piston
[17:59:33.187][INFO]: Registering object of type minecraft:item[R]{net.minecraft.world.item.Item} with name contenttweaker:incomplete_engine_3_cylinder
[17:59:33.187][INFO]: Registering object of type minecraft:item[R]{net.minecraft.world.item.Item} with name contenttweaker:incomplete_engine_6_cylinder
[17:59:33.188][INFO]: Registering object of type minecraft:item[R]{net.minecraft.world.item.Item} with name contenttweaker:incomplete_engine_truck
[17:59:33.188][INFO]: Registering object of type minecraft:item[R]{net.minecraft.world.item.Item} with name contenttweaker:incomplete_wheel
[17:59:33.188][INFO]: Registering object of type minecraft:item[R]{net.minecraft.world.item.Item} with name contenttweaker:incomplete_big_wheel
[17:59:33.189][INFO]: Registering object of type minecraft:item[R]{net.minecraft.world.item.Item} with name contenttweaker:incomplete_small_tank
[17:59:33.189][INFO]: Registering object of type minecraft:item[R]{net.minecraft.world.item.Item} with name contenttweaker:incomplete_medium_tank
[17:59:33.190][INFO]: Registering object of type minecraft:item[R]{net.minecraft.world.item.Item} with name contenttweaker:incomplete_large_tank
[17:59:33.190][INFO]: Execution for loader 'contenttweaker' completed successfully
[17:59:44.514][INFO]: Started loading scripts for loader 'initialize'
[17:59:44.613][INFO]: Compiling and executing scripts
[17:59:44.617][INFO]: Successfully initialized modules [crafttweaker, expansions]
[17:59:44.680][INFO]: Execution for loader 'initialize' completed successfully
[17:59:54.775][WARN]: Two subcommands with the same ID soundevents found for dump: this it not a critical error
[17:59:54.776][WARN]: Two subcommands with the same ID materials found for dump: this it not a critical error
[17:59:57.795][INFO]: Started loading scripts for loader 'tags'
[17:59:57.827][INFO]: Compiling and executing scripts
[17:59:57.838][INFO]: Successfully initialized modules [crafttweaker, expansions]
[17:59:57.850][INFO]: Execution for loader 'tags' completed successfully
[18:00:00.614][INFO]: Started loading scripts for loader 'crafttweaker'
[18:00:00.640][INFO]: Compiling and executing scripts
[18:00:01.116][INFO]: Successfully initialized modules [mods, crafttweaker, expansions]
[18:00:01.116][INFO]: Loading file 'Generic/armorValue.zs' with priority 0
[18:00:01.156][INFO]: Loading file 'Generic/armor_recipe.zs' with priority 0
[18:00:01.313][INFO]: Loading file 'Generic/cures.zs' with priority 0
[18:00:01.314][INFO]: Loading file 'Generic/descriptions.zs' with priority 0
[18:00:01.315][INFO]: Loading file 'Generic/food.zs' with priority 0
[18:00:01.327][INFO]: Loading file 'Generic/food_xp_tag.zs' with priority 0
[18:00:01.355][INFO]: Loading file 'Generic/item.zs' with priority 0
[18:00:01.360][INFO]: Loading file 'Generic/material.zs' with priority 0
[18:00:01.365][INFO]: Loading file 'Generic/material_ore.zs' with priority 0
[18:00:01.374][INFO]: Loading file 'Generic/mre.zs' with priority 0
[18:00:01.378][INFO]: Loading file 'Generic/profession.zs' with priority 0
[18:00:01.395][INFO]: Loading file 'Generic/repair.zs' with priority 0
[18:00:01.399][INFO]: Loading file 'Generic/rightclick.zs' with priority 0
[18:00:01.400][INFO]: Loading file 'Generic/tag.zs' with priority 0
[18:00:01.436][INFO]: Loading file 'Generic/weaponValue.zs' with priority 0
[18:00:01.454][INFO]: Loading file 'Generic/weapon_recipe.zs' with priority 0
[18:00:01.477][INFO]: Loading file 'Mod/advanced_finders.zs' with priority 0
[18:00:01.477][INFO]: Loading file 'Mod/apocalypsenow.zs' with priority 0
[18:00:01.487][INFO]: Loading file 'Mod/car_components.zs' with priority 0
[18:00:01.694][INFO]: Loading file 'Mod/car_containers.zs' with priority 0
[18:00:01.713][INFO]: Loading file 'Mod/cloche.zs' with priority 0
[18:00:01.715][INFO]: Loading file 'Mod/cold_sweat.zs' with priority 0
[18:00:01.715][INFO]: Loading file 'Mod/cooler.zs' with priority 0
[18:00:01.726][INFO]: Loading file 'Mod/create_deco.zs' with priority 0
[18:00:01.727][INFO]: Loading file 'Mod/createbigcannons.zs' with priority 0
[18:00:01.730][INFO]: Loading file 'Mod/firearms.zs' with priority 0
[18:00:01.740][INFO]: Loading file 'Mod/immersive_posts.zs' with priority 0
[18:00:01.740][INFO]: Loading file 'Mod/pipez.zs' with priority 0
[18:00:01.742][INFO]: Loading file 'Mod/refinedstorage.zs' with priority 0
[18:00:01.748][INFO]: Loading file 'Mod/securitycraft.zs' with priority 0
[18:00:01.761][INFO]: Loading file 'Mod/simpleplanes.zs' with priority 0
[18:00:01.764][INFO]: Loading file 'Mod/sophisticated_backpack.zs' with priority 0
[18:00:01.765][INFO]: Loading file 'Mod/storage_drawer.zs' with priority 0
[18:00:01.765][INFO]: Loading file 'Removal/alexs_removal.zs' with priority 0
[18:00:01.765][INFO]: Loading file 'Removal/apocalypsenow_removal.zs' with priority 0
[18:00:01.771][INFO]: Loading file 'Removal/armor_removal.zs' with priority 0
[18:00:01.771][INFO]: Loading file 'Removal/car_removal.zs' with priority 0
[18:00:01.772][INFO]: Loading file 'Removal/cgm_removal.zs' with priority 0
[18:00:01.772][INFO]: Loading file 'Removal/create_removal.zs' with priority 0
[18:00:01.772][INFO]: Loading file 'Removal/easy_villager_removal.zs' with priority 0
[18:00:01.772][INFO]: Loading file 'Removal/immersive_removal.zs' with priority 0
[18:00:01.773][INFO]: Loading file 'Removal/mutationcraft_removal.zs' with priority 0
[18:00:01.773][INFO]: Loading file 'Removal/nameless_trinkets_removal.zs' with priority 0
[18:00:01.774][INFO]: Loading file 'Removal/removal.zs' with priority 0
[18:00:01.775][INFO]: Loading file 'Removal/security_craft_removal.zs' with priority 0
[18:00:01.775][INFO]: Loading file 'Removal/sophisticated_removal.zs' with priority 0
[18:00:01.775][INFO]: Loading file 'Removal/tac_removal.zs' with priority 0
[18:00:03.016][INFO]: Modifying Attributes of: <item:minecraft:leather_helmet>.anyDamage()
[18:00:03.016][INFO]: Modifying Attributes of: <item:minecraft:leather_helmet>.anyDamage()
[18:00:03.020][INFO]: Set the value of Max Damage on <item:minecraft:leather_helmet> to: '55'
[18:00:03.021][INFO]: Modifying Attributes of: <item:minecraft:leather_chestplate>.anyDamage()
[18:00:03.021][INFO]: Modifying Attributes of: <item:minecraft:leather_chestplate>.anyDamage()
[18:00:03.021][INFO]: Set the value of Max Damage on <item:minecraft:leather_chestplate> to: '80'
[18:00:03.021][INFO]: Modifying Attributes of: <item:minecraft:leather_leggings>.anyDamage()
[18:00:03.021][INFO]: Modifying Attributes of: <item:minecraft:leather_leggings>.anyDamage()
[18:00:03.021][INFO]: Set the value of Max Damage on <item:minecraft:leather_leggings> to: '75'
[18:00:03.021][INFO]: Modifying Attributes of: <item:minecraft:leather_boots>.anyDamage()
[18:00:03.021][INFO]: Modifying Attributes of: <item:minecraft:leather_boots>.anyDamage()
[18:00:03.022][INFO]: Set the value of Max Damage on <item:minecraft:leather_boots> to: '65'
[18:00:03.022][INFO]: Modifying Attributes of: <item:apocalypsenow:police_helmet>.anyDamage()
[18:00:03.022][INFO]: Modifying Attributes of: <item:apocalypsenow:police_helmet>.anyDamage()
[18:00:03.022][INFO]: Set the value of Max Damage on <item:apocalypsenow:police_helmet> to: '125'
[18:00:03.022][INFO]: Modifying Attributes of: <item:apocalypsenow:police_chestplate>.anyDamage()
[18:00:03.022][INFO]: Modifying Attributes of: <item:apocalypsenow:police_chestplate>.anyDamage()
[18:00:03.022][INFO]: Set the value of Max Damage on <item:apocalypsenow:police_chestplate> to: '200'
[18:00:03.022][INFO]: Modifying Attributes of: <item:apocalypsenow:police_leggings>.anyDamage()
[18:00:03.022][INFO]: Modifying Attributes of: <item:apocalypsenow:police_leggings>.anyDamage()
[18:00:03.023][INFO]: Set the value of Max Damage on <item:apocalypsenow:police_leggings> to: '185'
[18:00:03.023][INFO]: Modifying Attributes of: <item:apocalypsenow:police_boots>.anyDamage()
[18:00:03.023][INFO]: Modifying Attributes of: <item:apocalypsenow:police_boots>.anyDamage()
[18:00:03.023][INFO]: Set the value of Max Damage on <item:apocalypsenow:police_boots> to: '155'
[18:00:03.023][INFO]: Modifying Attributes of: <item:apocalypsenow:fire_figther_helmet>.anyDamage()
[18:00:03.023][INFO]: Modifying Attributes of: <item:apocalypsenow:fire_figther_helmet>.anyDamage()
[18:00:03.023][INFO]: Set the value of Max Damage on <item:apocalypsenow:fire_figther_helmet> to: '145'
[18:00:03.023][INFO]: Modifying Attributes of: <item:apocalypsenow:fire_figther_chestplate>.anyDamage()
[18:00:03.024][INFO]: Modifying Attributes of: <item:apocalypsenow:fire_figther_chestplate>.anyDamage()
[18:00:03.024][INFO]: Set the value of Max Damage on <item:apocalypsenow:fire_figther_chestplate> to: '220'
[18:00:03.024][INFO]: Modifying Attributes of: <item:apocalypsenow:fire_figther_leggings>.anyDamage()
[18:00:03.024][INFO]: Modifying Attributes of: <item:apocalypsenow:fire_figther_leggings>.anyDamage()
[18:00:03.024][INFO]: Set the value of Max Damage on <item:apocalypsenow:fire_figther_leggings> to: '205'
[18:00:03.024][INFO]: Modifying Attributes of: <item:apocalypsenow:fire_figther_boots>.anyDamage()
[18:00:03.024][INFO]: Modifying Attributes of: <item:apocalypsenow:fire_figther_boots>.anyDamage()
[18:00:03.024][INFO]: Set the value of Max Damage on <item:apocalypsenow:fire_figther_boots> to: '175'
[18:00:03.024][INFO]: Modifying Attributes of: <item:apocalypsenow:nurse_helmet>.anyDamage()
[18:00:03.025][INFO]: Modifying Attributes of: <item:apocalypsenow:nurse_helmet>.anyDamage()
[18:00:03.025][INFO]: Set the value of Max Damage on <item:apocalypsenow:nurse_helmet> to: '65'
[18:00:03.025][INFO]: Modifying Attributes of: <item:apocalypsenow:nurse_chestplate>.anyDamage()
[18:00:03.025][INFO]: Modifying Attributes of: <item:apocalypsenow:nurse_chestplate>.anyDamage()
[18:00:03.025][INFO]: Set the value of Max Damage on <item:apocalypsenow:nurse_chestplate> to: '90'
[18:00:03.025][INFO]: Modifying Attributes of: <item:apocalypsenow:nurse_leggings>.anyDamage()
[18:00:03.025][INFO]: Modifying Attributes of: <item:apocalypsenow:nurse_leggings>.anyDamage()
[18:00:03.025][INFO]: Set the value of Max Damage on <item:apocalypsenow:nurse_leggings> to: '85'
[18:00:03.026][INFO]: Modifying Attributes of: <item:apocalypsenow:nurse_boots>.anyDamage()
[18:00:03.026][INFO]: Modifying Attributes of: <item:apocalypsenow:nurse_boots>.anyDamage()
[18:00:03.026][INFO]: Set the value of Max Damage on <item:apocalypsenow:nurse_boots> to: '75'
[18:00:03.026][INFO]: Modifying Attributes of: <item:apocalypsenow:desertghillie_helmet>.anyDamage()
[18:00:03.026][INFO]: Modifying Attributes of: <item:apocalypsenow:desertghillie_helmet>.anyDamage()
[18:00:03.026][INFO]: Set the value of Max Damage on <item:apocalypsenow:desertghillie_helmet> to: '105'
[18:00:03.026][INFO]: Modifying Attributes of: <item:apocalypsenow:desertghillie_chestplate>.anyDamage()
[18:00:03.026][INFO]: Modifying Attributes of: <item:apocalypsenow:desertghillie_chestplate>.anyDamage()
[18:00:03.027][INFO]: Set the value of Max Damage on <item:apocalypsenow:desertghillie_chestplate> to: '180'
[18:00:03.027][INFO]: Modifying Attributes of: <item:apocalypsenow:desertghillie_leggings>.anyDamage()
[18:00:03.027][INFO]: Modifying Attributes of: <item:apocalypsenow:desertghillie_leggings>.anyDamage()
[18:00:03.027][INFO]: Set the value of Max Damage on <item:apocalypsenow:desertghillie_leggings> to: '165'
[18:00:03.027][INFO]: Modifying Attributes of: <item:apocalypsenow:desertghillie_boots>.anyDamage()
[18:00:03.027][INFO]: Modifying Attributes of: <item:apocalypsenow:desertghillie_boots>.anyDamage()
[18:00:03.027][INFO]: Set the value of Max Damage on <item:apocalypsenow:desertghillie_boots> to: '135'
[18:00:03.027][INFO]: Modifying Attributes of: <item:apocalypsenow:snowghillie_helmet>.anyDamage()
[18:00:03.028][INFO]: Modifying Attributes of: <item:apocalypsenow:snowghillie_helmet>.anyDamage()
[18:00:03.028][INFO]: Set the value of Max Damage on <item:apocalypsenow:snowghillie_helmet> to: '105'
[18:00:03.028][INFO]: Modifying Attributes of: <item:apocalypsenow:snowghillie_chestplate>.anyDamage()
[18:00:03.028][INFO]: Modifying Attributes of: <item:apocalypsenow:snowghillie_chestplate>.anyDamage()
[18:00:03.028][INFO]: Set the value of Max Damage on <item:apocalypsenow:snowghillie_chestplate> to: '180'
[18:00:03.028][INFO]: Modifying Attributes of: <item:apocalypsenow:snowghillie_leggings>.anyDamage()
[18:00:03.028][INFO]: Modifying Attributes of: <item:apocalypsenow:snowghillie_leggings>.anyDamage()
[18:00:03.028][INFO]: Set the value of Max Damage on <item:apocalypsenow:snowghillie_leggings> to: '165'
[18:00:03.028][INFO]: Modifying Attributes of: <item:apocalypsenow:snowghillie_boots>.anyDamage()
[18:00:03.029][INFO]: Modifying Attributes of: <item:apocalypsenow:snowghillie_boots>.anyDamage()
[18:00:03.029][INFO]: Set the value of Max Damage on <item:apocalypsenow:snowghillie_boots> to: '135'
[18:00:03.029][INFO]: Modifying Attributes of: <item:apocalypsenow:ghilliesuit_helmet>.anyDamage()
[18:00:03.029][INFO]: Modifying Attributes of: <item:apocalypsenow:ghilliesuit_helmet>.anyDamage()
[18:00:03.029][INFO]: Set the value of Max Damage on <item:apocalypsenow:ghilliesuit_helmet> to: '105'
[18:00:03.029][INFO]: Modifying Attributes of: <item:apocalypsenow:ghilliesuit_chestplate>.anyDamage()
[18:00:03.029][INFO]: Modifying Attributes of: <item:apocalypsenow:ghilliesuit_chestplate>.anyDamage()
[18:00:03.029][INFO]: Set the value of Max Damage on <item:apocalypsenow:ghilliesuit_chestplate> to: '180'
[18:00:03.029][INFO]: Modifying Attributes of: <item:apocalypsenow:ghilliesuit_leggings>.anyDamage()
[18:00:03.030][INFO]: Modifying Attributes of: <item:apocalypsenow:ghilliesuit_leggings>.anyDamage()
[18:00:03.030][INFO]: Set the value of Max Damage on <item:apocalypsenow:ghilliesuit_leggings> to: '165'
[18:00:03.030][INFO]: Modifying Attributes of: <item:apocalypsenow:ghilliesuit_boots>.anyDamage()
[18:00:03.030][INFO]: Modifying Attributes of: <item:apocalypsenow:ghilliesuit_boots>.anyDamage()
[18:00:03.030][INFO]: Set the value of Max Damage on <item:apocalypsenow:ghilliesuit_boots> to: '135'
[18:00:03.030][INFO]: Modifying Attributes of: <item:apocalypsenow:anarchy_helmet>.anyDamage()
[18:00:03.030][INFO]: Modifying Attributes of: <item:apocalypsenow:anarchy_helmet>.anyDamage()
[18:00:03.030][INFO]: Set the value of Max Damage on <item:apocalypsenow:anarchy_helmet> to: '55'
[18:00:03.030][INFO]: Modifying Attributes of: <item:apocalypsenow:anarchy_chestplate>.anyDamage()
[18:00:03.031][INFO]: Modifying Attributes of: <item:apocalypsenow:anarchy_chestplate>.anyDamage()
[18:00:03.031][INFO]: Set the value of Max Damage on <item:apocalypsenow:anarchy_chestplate> to: '80'
[18:00:03.031][INFO]: Modifying Attributes of: <item:apocalypsenow:anarchy_leggings>.anyDamage()
[18:00:03.031][INFO]: Modifying Attributes of: <item:apocalypsenow:anarchy_leggings>.anyDamage()
[18:00:03.031][INFO]: Set the value of Max Damage on <item:apocalypsenow:anarchy_leggings> to: '75'
[18:00:03.031][INFO]: Modifying Attributes of: <item:apocalypsenow:anarchy_boots>.anyDamage()
[18:00:03.031][INFO]: Modifying Attributes of: <item:apocalypsenow:anarchy_boots>.anyDamage()
[18:00:03.031][INFO]: Set the value of Max Damage on <item:apocalypsenow:anarchy_boots> to: '65'
[18:00:03.031][INFO]: Modifying Attributes of: <item:apocalypsenow:forestguard_helmet>.anyDamage()
[18:00:03.032][INFO]: Modifying Attributes of: <item:apocalypsenow:forestguard_helmet>.anyDamage()
[18:00:03.032][INFO]: Set the value of Max Damage on <item:apocalypsenow:forestguard_helmet> to: '125'
[18:00:03.032][INFO]: Modifying Attributes of: <item:apocalypsenow:forestguard_chestplate>.anyDamage()
[18:00:03.032][INFO]: Modifying Attributes of: <item:apocalypsenow:forestguard_chestplate>.anyDamage()
[18:00:03.032][INFO]: Set the value of Max Damage on <item:apocalypsenow:forestguard_chestplate> to: '200'
[18:00:03.032][INFO]: Modifying Attributes of: <item:apocalypsenow:forestguard_leggings>.anyDamage()
[18:00:03.032][INFO]: Modifying Attributes of: <item:apocalypsenow:forestguard_leggings>.anyDamage()
[18:00:03.032][INFO]: Set the value of Max Damage on <item:apocalypsenow:forestguard_leggings> to: '185'
[18:00:03.032][INFO]: Modifying Attributes of: <item:apocalypsenow:forestguard_boots>.anyDamage()
[18:00:03.032][INFO]: Modifying Attributes of: <item:apocalypsenow:forestguard_boots>.anyDamage()
[18:00:03.033][INFO]: Set the value of Max Damage on <item:apocalypsenow:forestguard_boots> to: '155'
[18:00:03.033][INFO]: Modifying Attributes of: <item:apocalypsenow:hunting_chestplate>.anyDamage()
[18:00:03.033][INFO]: Modifying Attributes of: <item:apocalypsenow:hunting_chestplate>.anyDamage()
[18:00:03.033][INFO]: Set the value of Max Damage on <item:apocalypsenow:hunting_chestplate> to: '235'
[18:00:03.033][INFO]: Modifying Attributes of: <item:apocalypsenow:hunting_helmet>.anyDamage()
[18:00:03.033][INFO]: Modifying Attributes of: <item:apocalypsenow:hunting_helmet>.anyDamage()
[18:00:03.033][INFO]: Set the value of Max Damage on <item:apocalypsenow:hunting_helmet> to: '120'
[18:00:03.033][INFO]: Modifying Attributes of: <item:apocalypsenow:life_jacket_bullet_helmet_chestplate>.anyDamage()
[18:00:03.033][INFO]: Modifying Attributes of: <item:apocalypsenow:life_jacket_bullet_helmet_chestplate>.anyDamage()
[18:00:03.034][INFO]: Set the value of Max Damage on <item:apocalypsenow:life_jacket_bullet_helmet_chestplate> to: '180'
[18:00:03.034][INFO]: Modifying Attributes of: <item:apocalypsenow:sheriff_helmet>.anyDamage()
[18:00:03.034][INFO]: Modifying Attributes of: <item:apocalypsenow:sheriff_helmet>.anyDamage()
[18:00:03.034][INFO]: Set the value of Max Damage on <item:apocalypsenow:sheriff_helmet> to: '120'
[18:00:03.034][INFO]: Modifying Attributes of: <item:apocalypsenow:cowboy_hat_helmet>.anyDamage()
[18:00:03.034][INFO]: Modifying Attributes of: <item:apocalypsenow:cowboy_hat_helmet>.anyDamage()
[18:00:03.034][INFO]: Set the value of Max Damage on <item:apocalypsenow:cowboy_hat_helmet> to: '120'
[18:00:03.034][INFO]: Modifying Attributes of: <item:apocalypsenow:old_west_hat_helmet>.anyDamage()
[18:00:03.034][INFO]: Modifying Attributes of: <item:apocalypsenow:old_west_hat_helmet>.anyDamage()
[18:00:03.035][INFO]: Set the value of Max Damage on <item:apocalypsenow:old_west_hat_helmet> to: '120'
[18:00:03.035][INFO]: Modifying Attributes of: <item:apocalypsenow:jasonmask_helmet>.anyDamage()
[18:00:03.035][INFO]: Modifying Attributes of: <item:apocalypsenow:jasonmask_helmet>.anyDamage()
[18:00:03.035][INFO]: Set the value of Max Damage on <item:apocalypsenow:jasonmask_helmet> to: '120'
[18:00:03.035][INFO]: Modifying Attributes of: <item:apocalypsenow:welding_mask_helmet>.anyDamage()
[18:00:03.035][INFO]: Modifying Attributes of: <item:apocalypsenow:welding_mask_helmet>.anyDamage()
[18:00:03.035][INFO]: Set the value of Max Damage on <item:apocalypsenow:welding_mask_helmet> to: '430'
[18:00:03.035][INFO]: Modifying Attributes of: <item:apocalypsenow:welding_mask_helmet>.anyDamage()
[18:00:03.036][INFO]: Modifying Attributes of: <item:apocalypsenow:welding_mask_helmet>.anyDamage()
[18:00:03.036][INFO]: Modifying Attributes of: <item:apocalypsenow:balaclava_helmet>.anyDamage()
[18:00:03.036][INFO]: Modifying Attributes of: <item:apocalypsenow:balaclava_helmet>.anyDamage()
[18:00:03.036][INFO]: Set the value of Max Damage on <item:apocalypsenow:balaclava_helmet> to: '120'
[18:00:03.036][INFO]: Modifying Attributes of: <item:apocalypsenow:white_balaclava_helmet>.anyDamage()
[18:00:03.036][INFO]: Modifying Attributes of: <item:apocalypsenow:white_balaclava_helmet>.anyDamage()
[18:00:03.036][INFO]: Set the value of Max Damage on <item:apocalypsenow:white_balaclava_helmet> to: '120'
[18:00:03.036][INFO]: Modifying Attributes of: <item:apocalypsenow:red_balaclava_helmet>.anyDamage()
[18:00:03.036][INFO]: Modifying Attributes of: <item:apocalypsenow:red_balaclava_helmet>.anyDamage()
[18:00:03.037][INFO]: Set the value of Max Damage on <item:apocalypsenow:red_balaclava_helmet> to: '120'
[18:00:03.037][INFO]: Modifying Attributes of: <item:apocalypsenow:blue_balaclava_helmet>.anyDamage()
[18:00:03.037][INFO]: Modifying Attributes of: <item:apocalypsenow:blue_balaclava_helmet>.anyDamage()
[18:00:03.037][INFO]: Set the value of Max Damage on <item:apocalypsenow:blue_balaclava_helmet> to: '120'
[18:00:03.037][INFO]: Modifying Attributes of: <item:apocalypsenow:green_balaclava_helmet>.anyDamage()
[18:00:03.037][INFO]: Modifying Attributes of: <item:apocalypsenow:green_balaclava_helmet>.anyDamage()
[18:00:03.037][INFO]: Set the value of Max Damage on <item:apocalypsenow:green_balaclava_helmet> to: '120'
[18:00:03.037][INFO]: Modifying Attributes of: <item:apocalypsenow:forest_camo_balaclava_helmet>.anyDamage()
[18:00:03.037][INFO]: Modifying Attributes of: <item:apocalypsenow:forest_camo_balaclava_helmet>.anyDamage()
[18:00:03.038][INFO]: Set the value of Max Damage on <item:apocalypsenow:forest_camo_balaclava_helmet> to: '120'
[18:00:03.038][INFO]: Modifying Attributes of: <item:apocalypsenow:snow_camo_balaclava_helmet>.anyDamage()
[18:00:03.038][INFO]: Modifying Attributes of: <item:apocalypsenow:snow_camo_balaclava_helmet>.anyDamage()
[18:00:03.038][INFO]: Set the value of Max Damage on <item:apocalypsenow:snow_camo_balaclava_helmet> to: '120'
[18:00:03.038][INFO]: Modifying Attributes of: <item:apocalypsenow:urbancamobalaclava_helmet>.anyDamage()
[18:00:03.038][INFO]: Modifying Attributes of: <item:apocalypsenow:urbancamobalaclava_helmet>.anyDamage()
[18:00:03.038][INFO]: Set the value of Max Damage on <item:apocalypsenow:urbancamobalaclava_helmet> to: '120'
[18:00:03.038][INFO]: Modifying Attributes of: <item:apocalypsenow:desert_camo_balaclava_helmet>.anyDamage()
[18:00:03.038][INFO]: Modifying Attributes of: <item:apocalypsenow:desert_camo_balaclava_helmet>.anyDamage()
[18:00:03.038][INFO]: Set the value of Max Damage on <item:apocalypsenow:desert_camo_balaclava_helmet> to: '120'
[18:00:03.038][INFO]: Modifying Attributes of: <item:apocalypsenow:pink_balaclava_helmet>.anyDamage()
[18:00:03.038][INFO]: Modifying Attributes of: <item:apocalypsenow:pink_balaclava_helmet>.anyDamage()
[18:00:03.039][INFO]: Set the value of Max Damage on <item:apocalypsenow:pink_balaclava_helmet> to: '120'
[18:00:03.039][INFO]: Modifying Attributes of: <item:apocalypsenow:visor_helmet>.anyDamage()
[18:00:03.039][INFO]: Modifying Attributes of: <item:apocalypsenow:visor_helmet>.anyDamage()
[18:00:03.039][INFO]: Set the value of Max Damage on <item:apocalypsenow:visor_helmet> to: '120'
[18:00:03.039][INFO]: Modifying Attributes of: <item:alexsmobs:frontier_cap>.anyDamage()
[18:00:03.039][INFO]: Modifying Attributes of: <item:alexsmobs:frontier_cap>.anyDamage()
[18:00:03.039][INFO]: Set the value of Max Damage on <item:alexsmobs:frontier_cap> to: '135'
[18:00:03.039][INFO]: Modifying Attributes of: <item:alexsmobs:frontier_cap>.anyDamage()
[18:00:03.039][INFO]: Modifying Attributes of: <item:alexsmobs:frontier_cap>.anyDamage()
[18:00:03.039][INFO]: Modifying Attributes of: <item:alexsmobs:fedora>.anyDamage()
[18:00:03.039][INFO]: Modifying Attributes of: <item:alexsmobs:fedora>.anyDamage()
[18:00:03.039][INFO]: Set the value of Max Damage on <item:alexsmobs:fedora> to: '110'
[18:00:03.040][INFO]: Modifying Attributes of: <item:alexsmobs:fedora>.anyDamage()
[18:00:03.040][INFO]: Modifying Attributes of: <item:alexsmobs:fedora>.anyDamage()
[18:00:03.040][INFO]: Modifying Attributes of: <item:alexsmobs:froststalker_helmet>.anyDamage()
[18:00:03.040][INFO]: Modifying Attributes of: <item:alexsmobs:froststalker_helmet>.anyDamage()
[18:00:03.040][INFO]: Set the value of Max Damage on <item:alexsmobs:froststalker_helmet> to: '99'
[18:00:03.040][INFO]: Modifying Attributes of: <item:alexsmobs:froststalker_helmet>.anyDamage()
[18:00:03.040][INFO]: Modifying Attributes of: <item:alexsmobs:froststalker_helmet>.anyDamage()
[18:00:03.040][INFO]: Modifying Attributes of: <item:alexsmobs:roadrunner_boots>.anyDamage()
[18:00:03.040][INFO]: Modifying Attributes of: <item:alexsmobs:roadrunner_boots>.anyDamage()
[18:00:03.041][INFO]: Set the value of Max Damage on <item:alexsmobs:roadrunner_boots> to: '135'
[18:00:03.041][INFO]: Modifying Attributes of: <item:alexsmobs:crocodile_chestplate>.anyDamage()
[18:00:03.041][INFO]: Modifying Attributes of: <item:alexsmobs:crocodile_chestplate>.anyDamage()
[18:00:03.041][INFO]: Set the value of Max Damage on <item:alexsmobs:crocodile_chestplate> to: '253'
[18:00:03.041][INFO]: Modifying Attributes of: <item:alexsmobs:crocodile_chestplate>.anyDamage()
[18:00:03.041][INFO]: Modifying Attributes of: <item:alexsmobs:crocodile_chestplate>.anyDamage()
[18:00:03.041][INFO]: Modifying Attributes of: <item:alexsmobs:moose_headgear>.anyDamage()
[18:00:03.041][INFO]: Modifying Attributes of: <item:alexsmobs:moose_headgear>.anyDamage()
[18:00:03.041][INFO]: Set the value of Max Damage on <item:alexsmobs:moose_headgear> to: '222'
[18:00:03.041][INFO]: Modifying Attributes of: <item:alexsmobs:moose_headgear>.anyDamage()
[18:00:03.042][INFO]: Modifying Attributes of: <item:alexsmobs:moose_headgear>.anyDamage()
[18:00:03.042][INFO]: Modifying Attributes of: <item:alexsmobs:sombrero>.anyDamage()
[18:00:03.042][INFO]: Modifying Attributes of: <item:alexsmobs:sombrero>.anyDamage()
[18:00:03.042][INFO]: Set the value of Max Damage on <item:alexsmobs:sombrero> to: '135'
[18:00:03.042][INFO]: Modifying Attributes of: <item:alexsmobs:sombrero>.anyDamage()
[18:00:03.042][INFO]: Modifying Attributes of: <item:alexsmobs:sombrero>.anyDamage()
[18:00:03.042][INFO]: Modifying Attributes of: <item:minecraft:chainmail_helmet>.anyDamage()
[18:00:03.042][INFO]: Modifying Attributes of: <item:minecraft:chainmail_helmet>.anyDamage()
[18:00:03.042][INFO]: Set the value of Max Damage on <item:minecraft:chainmail_helmet> to: '165'
[18:00:03.042][INFO]: Modifying Attributes of: <item:minecraft:chainmail_chestplate>.anyDamage()
[18:00:03.042][INFO]: Modifying Attributes of: <item:minecraft:chainmail_chestplate>.anyDamage()
[18:00:03.043][INFO]: Set the value of Max Damage on <item:minecraft:chainmail_chestplate> to: '240'
[18:00:03.043][INFO]: Modifying Attributes of: <item:minecraft:chainmail_leggings>.anyDamage()
[18:00:03.043][INFO]: Modifying Attributes of: <item:minecraft:chainmail_leggings>.anyDamage()
[18:00:03.043][INFO]: Set the value of Max Damage on <item:minecraft:chainmail_leggings> to: '225'
[18:00:03.043][INFO]: Modifying Attributes of: <item:minecraft:chainmail_boots>.anyDamage()
[18:00:03.043][INFO]: Modifying Attributes of: <item:minecraft:chainmail_boots>.anyDamage()
[18:00:03.043][INFO]: Set the value of Max Damage on <item:minecraft:chainmail_boots> to: '195'
[18:00:03.043][INFO]: Modifying Attributes of: <item:minecraft:iron_helmet>.anyDamage()
[18:00:03.044][INFO]: Modifying Attributes of: <item:minecraft:iron_helmet>.anyDamage()
[18:00:03.044][INFO]: Set the value of Max Damage on <item:minecraft:iron_helmet> to: '165'
[18:00:03.044][INFO]: Modifying Attributes of: <item:minecraft:iron_chestplate>.anyDamage()
[18:00:03.044][INFO]: Modifying Attributes of: <item:minecraft:iron_chestplate>.anyDamage()
[18:00:03.044][INFO]: Set the value of Max Damage on <item:minecraft:iron_chestplate> to: '240'
[18:00:03.044][INFO]: Modifying Attributes of: <item:minecraft:iron_leggings>.anyDamage()
[18:00:03.044][INFO]: Modifying Attributes of: <item:minecraft:iron_leggings>.anyDamage()
[18:00:03.044][INFO]: Set the value of Max Damage on <item:minecraft:iron_leggings> to: '225'
[18:00:03.045][INFO]: Modifying Attributes of: <item:minecraft:iron_boots>.anyDamage()
[18:00:03.045][INFO]: Modifying Attributes of: <item:minecraft:iron_boots>.anyDamage()
[18:00:03.045][INFO]: Set the value of Max Damage on <item:minecraft:iron_boots> to: '195'
[18:00:03.045][INFO]: Modifying Attributes of: <item:apocalypsenow:construction_helmet>.anyDamage()
[18:00:03.045][INFO]: Modifying Attributes of: <item:apocalypsenow:construction_helmet>.anyDamage()
[18:00:03.046][INFO]: Set the value of Max Damage on <item:apocalypsenow:construction_helmet> to: '180'
[18:00:03.046][INFO]: Modifying Attributes of: <item:apocalypsenow:construction_chestplate>.anyDamage()
[18:00:03.046][INFO]: Modifying Attributes of: <item:apocalypsenow:construction_chestplate>.anyDamage()
[18:00:03.046][INFO]: Set the value of Max Damage on <item:apocalypsenow:construction_chestplate> to: '255'
[18:00:03.046][INFO]: Modifying Attributes of: <item:apocalypsenow:construction_leggings>.anyDamage()
[18:00:03.046][INFO]: Modifying Attributes of: <item:apocalypsenow:construction_leggings>.anyDamage()
[18:00:03.047][INFO]: Set the value of Max Damage on <item:apocalypsenow:construction_leggings> to: '240'
[18:00:03.047][INFO]: Modifying Attributes of: <item:apocalypsenow:construction_boots>.anyDamage()
[18:00:03.047][INFO]: Modifying Attributes of: <item:apocalypsenow:construction_boots>.anyDamage()
[18:00:03.047][INFO]: Set the value of Max Damage on <item:apocalypsenow:construction_boots> to: '210'
[18:00:03.047][INFO]: Modifying Attributes of: <item:apocalypsenow:yellow_football_armor_helmet>.anyDamage()
[18:00:03.047][INFO]: Modifying Attributes of: <item:apocalypsenow:yellow_football_armor_helmet>.anyDamage()
[18:00:03.047][INFO]: Set the value of Max Damage on <item:apocalypsenow:yellow_football_armor_helmet> to: '165'
[18:00:03.047][INFO]: Modifying Attributes of: <item:apocalypsenow:yellow_football_armor_chestplate>.anyDamage()
[18:00:03.047][INFO]: Modifying Attributes of: <item:apocalypsenow:yellow_football_armor_chestplate>.anyDamage()
[18:00:03.047][INFO]: Set the value of Max Damage on <item:apocalypsenow:yellow_football_armor_chestplate> to: '240'
[18:00:03.048][INFO]: Modifying Attributes of: <item:apocalypsenow:yellow_football_armor_leggings>.anyDamage()
[18:00:03.048][INFO]: Modifying Attributes of: <item:apocalypsenow:yellow_football_armor_leggings>.anyDamage()
[18:00:03.048][INFO]: Set the value of Max Damage on <item:apocalypsenow:yellow_football_armor_leggings> to: '225'
[18:00:03.048][INFO]: Modifying Attributes of: <item:apocalypsenow:yellow_football_armor_boots>.anyDamage()
[18:00:03.048][INFO]: Modifying Attributes of: <item:apocalypsenow:yellow_football_armor_boots>.anyDamage()
[18:00:03.048][INFO]: Set the value of Max Damage on <item:apocalypsenow:yellow_football_armor_boots> to: '195'
[18:00:03.048][INFO]: Modifying Attributes of: <item:apocalypsenow:red_football_armor_helmet>.anyDamage()
[18:00:03.049][INFO]: Modifying Attributes of: <item:apocalypsenow:red_football_armor_helmet>.anyDamage()
[18:00:03.049][INFO]: Set the value of Max Damage on <item:apocalypsenow:red_football_armor_helmet> to: '165'
[18:00:03.049][INFO]: Modifying Attributes of: <item:apocalypsenow:red_football_armor_chestplate>.anyDamage()
[18:00:03.049][INFO]: Modifying Attributes of: <item:apocalypsenow:red_football_armor_chestplate>.anyDamage()
[18:00:03.049][INFO]: Set the value of Max Damage on <item:apocalypsenow:red_football_armor_chestplate> to: '240'
[18:00:03.049][INFO]: Modifying Attributes of: <item:apocalypsenow:red_football_armor_leggings>.anyDamage()
[18:00:03.049][INFO]: Modifying Attributes of: <item:apocalypsenow:red_football_armor_leggings>.anyDamage()
[18:00:03.049][INFO]: Set the value of Max Damage on <item:apocalypsenow:red_football_armor_leggings> to: '225'
[18:00:03.050][INFO]: Modifying Attributes of: <item:apocalypsenow:red_football_armor_boots>.anyDamage()
[18:00:03.050][INFO]: Modifying Attributes of: <item:apocalypsenow:red_football_armor_boots>.anyDamage()
[18:00:03.050][INFO]: Set the value of Max Damage on <item:apocalypsenow:red_football_armor_boots> to: '195'
[18:00:03.050][INFO]: Modifying Attributes of: <item:apocalypsenow:black_football_armor_helmet>.anyDamage()
[18:00:03.050][INFO]: Modifying Attributes of: <item:apocalypsenow:black_football_armor_helmet>.anyDamage()
[18:00:03.050][INFO]: Set the value of Max Damage on <item:apocalypsenow:black_football_armor_helmet> to: '165'
[18:00:03.050][INFO]: Modifying Attributes of: <item:apocalypsenow:black_football_armor_chestplate>.anyDamage()
[18:00:03.051][INFO]: Modifying Attributes of: <item:apocalypsenow:black_football_armor_chestplate>.anyDamage()
[18:00:03.051][INFO]: Set the value of Max Damage on <item:apocalypsenow:black_football_armor_chestplate> to: '240'
[18:00:03.051][INFO]: Modifying Attributes of: <item:apocalypsenow:black_football_armor_leggings>.anyDamage()
[18:00:03.051][INFO]: Modifying Attributes of: <item:apocalypsenow:black_football_armor_leggings>.anyDamage()
[18:00:03.051][INFO]: Set the value of Max Damage on <item:apocalypsenow:black_football_armor_leggings> to: '225'
[18:00:03.051][INFO]: Modifying Attributes of: <item:apocalypsenow:black_football_armor_boots>.anyDamage()
[18:00:03.051][INFO]: Modifying Attributes of: <item:apocalypsenow:black_football_armor_boots>.anyDamage()
[18:00:03.051][INFO]: Set the value of Max Damage on <item:apocalypsenow:black_football_armor_boots> to: '195'
[18:00:03.051][INFO]: Modifying Attributes of: <item:apocalypsenow:blue_football_armor_helmet>.anyDamage()
[18:00:03.052][INFO]: Modifying Attributes of: <item:apocalypsenow:blue_football_armor_helmet>.anyDamage()
[18:00:03.052][INFO]: Set the value of Max Damage on <item:apocalypsenow:blue_football_armor_helmet> to: '165'
[18:00:03.052][INFO]: Modifying Attributes of: <item:apocalypsenow:blue_football_armor_chestplate>.anyDamage()
[18:00:03.052][INFO]: Modifying Attributes of: <item:apocalypsenow:blue_football_armor_chestplate>.anyDamage()
[18:00:03.052][INFO]: Set the value of Max Damage on <item:apocalypsenow:blue_football_armor_chestplate> to: '240'
[18:00:03.052][INFO]: Modifying Attributes of: <item:apocalypsenow:blue_football_armor_leggings>.anyDamage()
[18:00:03.052][INFO]: Modifying Attributes of: <item:apocalypsenow:blue_football_armor_leggings>.anyDamage()
[18:00:03.052][INFO]: Set the value of Max Damage on <item:apocalypsenow:blue_football_armor_leggings> to: '225'
[18:00:03.052][INFO]: Modifying Attributes of: <item:apocalypsenow:blue_football_armor_boots>.anyDamage()
[18:00:03.052][INFO]: Modifying Attributes of: <item:apocalypsenow:blue_football_armor_boots>.anyDamage()
[18:00:03.053][INFO]: Set the value of Max Damage on <item:apocalypsenow:blue_football_armor_boots> to: '195'
[18:00:03.053][INFO]: Modifying Attributes of: <item:apocalypsenow:red_fighting_helmet>.anyDamage()
[18:00:03.053][INFO]: Modifying Attributes of: <item:apocalypsenow:red_fighting_helmet>.anyDamage()
[18:00:03.053][INFO]: Set the value of Max Damage on <item:apocalypsenow:red_fighting_helmet> to: '165'
[18:00:03.053][INFO]: Modifying Attributes of: <item:apocalypsenow:red_fighting_helmet>.anyDamage()
[18:00:03.053][INFO]: Modifying Attributes of: <item:apocalypsenow:red_fighting_helmet>.anyDamage()
[18:00:03.053][INFO]: Modifying Attributes of: <item:apocalypsenow:red_fighting_chestplate>.anyDamage()
[18:00:03.053][INFO]: Modifying Attributes of: <item:apocalypsenow:red_fighting_chestplate>.anyDamage()
[18:00:03.053][INFO]: Set the value of Max Damage on <item:apocalypsenow:red_fighting_chestplate> to: '240'
[18:00:03.053][INFO]: Modifying Attributes of: <item:apocalypsenow:red_fighting_chestplate>.anyDamage()
[18:00:03.053][INFO]: Modifying Attributes of: <item:apocalypsenow:red_fighting_chestplate>.anyDamage()
[18:00:03.053][INFO]: Modifying Attributes of: <item:apocalypsenow:red_fighting_leggings>.anyDamage()
[18:00:03.054][INFO]: Modifying Attributes of: <item:apocalypsenow:red_fighting_leggings>.anyDamage()
[18:00:03.054][INFO]: Set the value of Max Damage on <item:apocalypsenow:red_fighting_leggings> to: '225'
[18:00:03.054][INFO]: Modifying Attributes of: <item:apocalypsenow:red_fighting_leggings>.anyDamage()
[18:00:03.054][INFO]: Modifying Attributes of: <item:apocalypsenow:red_fighting_leggings>.anyDamage()
[18:00:03.054][INFO]: Modifying Attributes of: <item:apocalypsenow:blue_fighting_helmet>.anyDamage()
[18:00:03.054][INFO]: Modifying Attributes of: <item:apocalypsenow:blue_fighting_helmet>.anyDamage()
[18:00:03.054][INFO]: Set the value of Max Damage on <item:apocalypsenow:blue_fighting_helmet> to: '165'
[18:00:03.054][INFO]: Modifying Attributes of: <item:apocalypsenow:blue_fighting_helmet>.anyDamage()
[18:00:03.054][INFO]: Modifying Attributes of: <item:apocalypsenow:blue_fighting_helmet>.anyDamage()
[18:00:03.054][INFO]: Modifying Attributes of: <item:apocalypsenow:blue_fighting_chestplate>.anyDamage()
[18:00:03.055][INFO]: Modifying Attributes of: <item:apocalypsenow:blue_fighting_chestplate>.anyDamage()
[18:00:03.055][INFO]: Set the value of Max Damage on <item:apocalypsenow:blue_fighting_chestplate> to: '240'
[18:00:03.055][INFO]: Modifying Attributes of: <item:apocalypsenow:blue_fighting_chestplate>.anyDamage()
[18:00:03.055][INFO]: Modifying Attributes of: <item:apocalypsenow:blue_fighting_chestplate>.anyDamage()
[18:00:03.055][INFO]: Modifying Attributes of: <item:apocalypsenow:blue_fighting_leggings>.anyDamage()
[18:00:03.055][INFO]: Modifying Attributes of: <item:apocalypsenow:blue_fighting_leggings>.anyDamage()
[18:00:03.055][INFO]: Set the value of Max Damage on <item:apocalypsenow:blue_fighting_leggings> to: '225'
[18:00:03.055][INFO]: Modifying Attributes of: <item:apocalypsenow:blue_fighting_leggings>.anyDamage()
[18:00:03.055][INFO]: Modifying Attributes of: <item:apocalypsenow:blue_fighting_leggings>.anyDamage()
[18:00:03.055][INFO]: Modifying Attributes of: <item:apocalypsenow:hazmat_suit_helmet>.anyDamage()
[18:00:03.056][INFO]: Modifying Attributes of: <item:apocalypsenow:hazmat_suit_helmet>.anyDamage()
[18:00:03.056][INFO]: Set the value of Max Damage on <item:apocalypsenow:hazmat_suit_helmet> to: '250'
[18:00:03.056][INFO]: Modifying Attributes of: <item:apocalypsenow:hazmat_suit_chestplate>.anyDamage()
[18:00:03.056][INFO]: Modifying Attributes of: <item:apocalypsenow:hazmat_suit_chestplate>.anyDamage()
[18:00:03.056][INFO]: Set the value of Max Damage on <item:apocalypsenow:hazmat_suit_chestplate> to: '240'
[18:00:03.056][INFO]: Modifying Attributes of: <item:apocalypsenow:hazmat_suit_leggings>.anyDamage()
[18:00:03.056][INFO]: Modifying Attributes of: <item:apocalypsenow:hazmat_suit_leggings>.anyDamage()
[18:00:03.056][INFO]: Set the value of Max Damage on <item:apocalypsenow:hazmat_suit_leggings> to: '225'
[18:00:03.056][INFO]: Modifying Attributes of: <item:apocalypsenow:hazmat_suit_boots>.anyDamage()
[18:00:03.056][INFO]: Modifying Attributes of: <item:apocalypsenow:hazmat_suit_boots>.anyDamage()
[18:00:03.057][INFO]: Set the value of Max Damage on <item:apocalypsenow:hazmat_suit_boots> to: '195'
[18:00:03.057][INFO]: Modifying Attributes of: <item:apocalypsenow:army_helmet>.anyDamage()
[18:00:03.057][INFO]: Modifying Attributes of: <item:apocalypsenow:army_helmet>.anyDamage()
[18:00:03.057][INFO]: Set the value of Max Damage on <item:apocalypsenow:army_helmet> to: '165'
[18:00:03.057][INFO]: Modifying Attributes of: <item:apocalypsenow:army_chestplate>.anyDamage()
[18:00:03.057][INFO]: Modifying Attributes of: <item:apocalypsenow:army_chestplate>.anyDamage()
[18:00:03.057][INFO]: Set the value of Max Damage on <item:apocalypsenow:army_chestplate> to: '240'
[18:00:03.057][INFO]: Modifying Attributes of: <item:apocalypsenow:army_leggings>.anyDamage()
[18:00:03.057][INFO]: Modifying Attributes of: <item:apocalypsenow:army_leggings>.anyDamage()
[18:00:03.057][INFO]: Set the value of Max Damage on <item:apocalypsenow:army_leggings> to: '225'
[18:00:03.057][INFO]: Modifying Attributes of: <item:apocalypsenow:army_boots>.anyDamage()
[18:00:03.057][INFO]: Modifying Attributes of: <item:apocalypsenow:army_boots>.anyDamage()
[18:00:03.057][INFO]: Set the value of Max Damage on <item:apocalypsenow:army_boots> to: '195'
[18:00:03.058][INFO]: Modifying Attributes of: <item:apocalypsenow:royal_canada_police_officer_helmet>.anyDamage()
[18:00:03.058][INFO]: Modifying Attributes of: <item:apocalypsenow:royal_canada_police_officer_helmet>.anyDamage()
[18:00:03.058][INFO]: Set the value of Max Damage on <item:apocalypsenow:royal_canada_police_officer_helmet> to: '165'
[18:00:03.058][INFO]: Modifying Attributes of: <item:apocalypsenow:royal_canada_police_officer_chestplate>.anyDamage()
[18:00:03.058][INFO]: Modifying Attributes of: <item:apocalypsenow:royal_canada_police_officer_chestplate>.anyDamage()
[18:00:03.058][INFO]: Set the value of Max Damage on <item:apocalypsenow:royal_canada_police_officer_chestplate> to: '240'
[18:00:03.058][INFO]: Modifying Attributes of: <item:apocalypsenow:royal_canada_police_officer_leggings>.anyDamage()
[18:00:03.058][INFO]: Modifying Attributes of: <item:apocalypsenow:royal_canada_police_officer_leggings>.anyDamage()
[18:00:03.058][INFO]: Set the value of Max Damage on <item:apocalypsenow:royal_canada_police_officer_leggings> to: '225'
[18:00:03.058][INFO]: Modifying Attributes of: <item:apocalypsenow:royal_canada_police_officer_boots>.anyDamage()
[18:00:03.058][INFO]: Modifying Attributes of: <item:apocalypsenow:royal_canada_police_officer_boots>.anyDamage()
[18:00:03.058][INFO]: Set the value of Max Damage on <item:apocalypsenow:royal_canada_police_officer_boots> to: '195'
[18:00:03.058][INFO]: Modifying Attributes of: <item:create_sa:copper_exoskeleton_chestplate>.anyDamage()
[18:00:03.058][INFO]: Modifying Attributes of: <item:create_sa:copper_exoskeleton_chestplate>.anyDamage()
[18:00:03.059][INFO]: Set the value of Max Damage on <item:create_sa:copper_exoskeleton_chestplate> to: '280'
[18:00:03.059][INFO]: Modifying Attributes of: <item:create_sa:andesite_exoskeleton_chestplate>.anyDamage()
[18:00:03.059][INFO]: Modifying Attributes of: <item:create_sa:andesite_exoskeleton_chestplate>.anyDamage()
[18:00:03.059][INFO]: Set the value of Max Damage on <item:create_sa:andesite_exoskeleton_chestplate> to: '280'
[18:00:03.059][INFO]: Modifying Attributes of: <item:apocalypsenow:red_bikers_helmet>.anyDamage()
[18:00:03.059][INFO]: Modifying Attributes of: <item:apocalypsenow:red_bikers_helmet>.anyDamage()
[18:00:03.059][INFO]: Set the value of Max Damage on <item:apocalypsenow:red_bikers_helmet> to: '195'
[18:00:03.059][INFO]: Modifying Attributes of: <item:apocalypsenow:black_bikers_helmet>.anyDamage()
[18:00:03.059][INFO]: Modifying Attributes of: <item:apocalypsenow:black_bikers_helmet>.anyDamage()
[18:00:03.059][INFO]: Set the value of Max Damage on <item:apocalypsenow:black_bikers_helmet> to: '195'
[18:00:03.059][INFO]: Modifying Attributes of: <item:apocalypsenow:green_bikers_helmet>.anyDamage()
[18:00:03.059][INFO]: Modifying Attributes of: <item:apocalypsenow:green_bikers_helmet>.anyDamage()
[18:00:03.059][INFO]: Set the value of Max Damage on <item:apocalypsenow:green_bikers_helmet> to: '195'
[18:00:03.059][INFO]: Modifying Attributes of: <item:apocalypsenow:pink_bikers_helmet>.anyDamage()
[18:00:03.059][INFO]: Modifying Attributes of: <item:apocalypsenow:pink_bikers_helmet>.anyDamage()
[18:00:03.059][INFO]: Set the value of Max Damage on <item:apocalypsenow:pink_bikers_helmet> to: '195'
[18:00:03.060][INFO]: Modifying Attributes of: <item:apocalypsenow:bikers_helmet>.anyDamage()
[18:00:03.060][INFO]: Modifying Attributes of: <item:apocalypsenow:bikers_helmet>.anyDamage()
[18:00:03.060][INFO]: Set the value of Max Damage on <item:apocalypsenow:bikers_helmet> to: '195'
[18:00:03.060][INFO]: Modifying Attributes of: <item:apocalypsenow:baseball_helmet_helmet>.anyDamage()
[18:00:03.060][INFO]: Modifying Attributes of: <item:apocalypsenow:baseball_helmet_helmet>.anyDamage()
[18:00:03.060][INFO]: Set the value of Max Damage on <item:apocalypsenow:baseball_helmet_helmet> to: '195'
[18:00:03.060][INFO]: Modifying Attributes of: <item:apocalypsenow:hockey_helmet>.anyDamage()
[18:00:03.060][INFO]: Modifying Attributes of: <item:apocalypsenow:hockey_helmet>.anyDamage()
[18:00:03.060][INFO]: Set the value of Max Damage on <item:apocalypsenow:hockey_helmet> to: '195'
[18:00:03.060][INFO]: Modifying Attributes of: <item:apocalypsenow:black_motorcycle_helmet_helmet>.anyDamage()
[18:00:03.060][INFO]: Modifying Attributes of: <item:apocalypsenow:black_motorcycle_helmet_helmet>.anyDamage()
[18:00:03.060][INFO]: Set the value of Max Damage on <item:apocalypsenow:black_motorcycle_helmet_helmet> to: '195'
[18:00:03.061][INFO]: Modifying Attributes of: <item:apocalypsenow:red_motorcycle_helmet_helmet>.anyDamage()
[18:00:03.061][INFO]: Modifying Attributes of: <item:apocalypsenow:red_motorcycle_helmet_helmet>.anyDamage()
[18:00:03.061][INFO]: Set the value of Max Damage on <item:apocalypsenow:red_motorcycle_helmet_helmet> to: '195'
[18:00:03.061][INFO]: Modifying Attributes of: <item:apocalypsenow:bluemotorcyclehelmet_helmet>.anyDamage()
[18:00:03.061][INFO]: Modifying Attributes of: <item:apocalypsenow:bluemotorcyclehelmet_helmet>.anyDamage()
[18:00:03.061][INFO]: Set the value of Max Damage on <item:apocalypsenow:bluemotorcyclehelmet_helmet> to: '195'
[18:00:03.061][INFO]: Modifying Attributes of: <item:apocalypsenow:gasmask_helmet>.anyDamage()
[18:00:03.061][INFO]: Modifying Attributes of: <item:apocalypsenow:gasmask_helmet>.anyDamage()
[18:00:03.061][INFO]: Set the value of Max Damage on <item:apocalypsenow:gasmask_helmet> to: '150'
[18:00:03.061][INFO]: Modifying Attributes of: <item:apocalypsenow:officer_helmet>.anyDamage()
[18:00:03.061][INFO]: Modifying Attributes of: <item:apocalypsenow:officer_helmet>.anyDamage()
[18:00:03.061][INFO]: Set the value of Max Damage on <item:apocalypsenow:officer_helmet> to: '231'
[18:00:03.062][INFO]: Modifying Attributes of: <item:apocalypsenow:officer_helmet>.anyDamage()
[18:00:03.062][INFO]: Modifying Attributes of: <item:apocalypsenow:officer_helmet>.anyDamage()
[18:00:03.062][INFO]: Modifying Attributes of: <item:create_sa:copper_jetpack_chestplate>.anyDamage()
[18:00:03.062][INFO]: Modifying Attributes of: <item:create_sa:copper_jetpack_chestplate>.anyDamage()
[18:00:03.062][INFO]: Set the value of Max Damage on <item:create_sa:copper_jetpack_chestplate> to: '280'
[18:00:03.062][INFO]: Modifying Attributes of: <item:create_sa:andesite_jetpack_chestplate>.anyDamage()
[18:00:03.062][INFO]: Modifying Attributes of: <item:create_sa:andesite_jetpack_chestplate>.anyDamage()
[18:00:03.062][INFO]: Set the value of Max Damage on <item:create_sa:andesite_jetpack_chestplate> to: '280'
[18:00:03.062][INFO]: Modifying Attributes of: <item:create_sa:copper_helmet>.anyDamage()
[18:00:03.062][INFO]: Modifying Attributes of: <item:create_sa:copper_helmet>.anyDamage()
[18:00:03.062][INFO]: Set the value of Max Damage on <item:create_sa:copper_helmet> to: '165'
[18:00:03.062][INFO]: Modifying Attributes of: <item:create_sa:copper_chestplate>.anyDamage()
[18:00:03.062][INFO]: Modifying Attributes of: <item:create_sa:copper_chestplate>.anyDamage()
[18:00:03.063][INFO]: Set the value of Max Damage on <item:create_sa:copper_chestplate> to: '240'
[18:00:03.063][INFO]: Modifying Attributes of: <item:create_sa:copper_leggings>.anyDamage()
[18:00:03.063][INFO]: Modifying Attributes of: <item:create_sa:copper_leggings>.anyDamage()
[18:00:03.063][INFO]: Set the value of Max Damage on <item:create_sa:copper_leggings> to: '225'
[18:00:03.063][INFO]: Modifying Attributes of: <item:create_sa:copper_boots>.anyDamage()
[18:00:03.063][INFO]: Modifying Attributes of: <item:create_sa:copper_boots>.anyDamage()
[18:00:03.063][INFO]: Set the value of Max Damage on <item:create_sa:copper_boots> to: '195'
[18:00:03.063][INFO]: Modifying Attributes of: <item:create_sa:zinc_helmet>.anyDamage()
[18:00:03.063][INFO]: Modifying Attributes of: <item:create_sa:zinc_helmet>.anyDamage()
[18:00:03.063][INFO]: Set the value of Max Damage on <item:create_sa:zinc_helmet> to: '165'
[18:00:03.063][INFO]: Modifying Attributes of: <item:create_sa:zinc_chestplate>.anyDamage()
[18:00:03.064][INFO]: Modifying Attributes of: <item:create_sa:zinc_chestplate>.anyDamage()
[18:00:03.064][INFO]: Set the value of Max Damage on <item:create_sa:zinc_chestplate> to: '240'
[18:00:03.064][INFO]: Modifying Attributes of: <item:create_sa:zinc_leggings>.anyDamage()
[18:00:03.064][INFO]: Modifying Attributes of: <item:create_sa:zinc_leggings>.anyDamage()
[18:00:03.064][INFO]: Set the value of Max Damage on <item:create_sa:zinc_leggings> to: '225'
[18:00:03.064][INFO]: Modifying Attributes of: <item:create_sa:zinc_boots>.anyDamage()
[18:00:03.064][INFO]: Modifying Attributes of: <item:create_sa:zinc_boots>.anyDamage()
[18:00:03.064][INFO]: Set the value of Max Damage on <item:create_sa:zinc_boots> to: '195'
[18:00:03.065][INFO]: Modifying Attributes of: <item:apocalypsenow:u_sarmy_helmet>.anyDamage()
[18:00:03.065][INFO]: Modifying Attributes of: <item:apocalypsenow:u_sarmy_helmet>.anyDamage()
[18:00:03.065][INFO]: Set the value of Max Damage on <item:apocalypsenow:u_sarmy_helmet> to: '363'
[18:00:03.065][INFO]: Modifying Attributes of: <item:apocalypsenow:u_sarmy_helmet>.anyDamage()
[18:00:03.065][INFO]: Modifying Attributes of: <item:apocalypsenow:u_sarmy_helmet>.anyDamage()
[18:00:03.065][INFO]: Modifying Attributes of: <item:apocalypsenow:u_sarmy_chestplate>.anyDamage()
[18:00:03.065][INFO]: Modifying Attributes of: <item:apocalypsenow:u_sarmy_chestplate>.anyDamage()
[18:00:03.066][INFO]: Set the value of Max Damage on <item:apocalypsenow:u_sarmy_chestplate> to: '528'
[18:00:03.066][INFO]: Modifying Attributes of: <item:apocalypsenow:u_sarmy_chestplate>.anyDamage()
[18:00:03.066][INFO]: Modifying Attributes of: <item:apocalypsenow:u_sarmy_chestplate>.anyDamage()
[18:00:03.066][INFO]: Modifying Attributes of: <item:apocalypsenow:u_sarmy_leggings>.anyDamage()
[18:00:03.066][INFO]: Modifying Attributes of: <item:apocalypsenow:u_sarmy_leggings>.anyDamage()
[18:00:03.066][INFO]: Set the value of Max Damage on <item:apocalypsenow:u_sarmy_leggings> to: '495'
[18:00:03.066][INFO]: Modifying Attributes of: <item:apocalypsenow:u_sarmy_leggings>.anyDamage()
[18:00:03.066][INFO]: Modifying Attributes of: <item:apocalypsenow:u_sarmy_leggings>.anyDamage()
[18:00:03.066][INFO]: Modifying Attributes of: <item:apocalypsenow:u_sarmy_boots>.anyDamage()
[18:00:03.066][INFO]: Modifying Attributes of: <item:apocalypsenow:u_sarmy_boots>.anyDamage()
[18:00:03.066][INFO]: Set the value of Max Damage on <item:apocalypsenow:u_sarmy_boots> to: '429'
[18:00:03.066][INFO]: Modifying Attributes of: <item:apocalypsenow:u_sarmy_boots>.anyDamage()
[18:00:03.067][INFO]: Modifying Attributes of: <item:apocalypsenow:u_sarmy_boots>.anyDamage()
[18:00:03.067][INFO]: Modifying Attributes of: <item:apocalypsenow:canadian_army_helmet>.anyDamage()
[18:00:03.067][INFO]: Modifying Attributes of: <item:apocalypsenow:canadian_army_helmet>.anyDamage()
[18:00:03.067][INFO]: Set the value of Max Damage on <item:apocalypsenow:canadian_army_helmet> to: '363'
[18:00:03.067][INFO]: Modifying Attributes of: <item:apocalypsenow:canadian_army_helmet>.anyDamage()
[18:00:03.067][INFO]: Modifying Attributes of: <item:apocalypsenow:canadian_army_helmet>.anyDamage()
[18:00:03.067][INFO]: Modifying Attributes of: <item:apocalypsenow:canadian_army_chestplate>.anyDamage()
[18:00:03.067][INFO]: Modifying Attributes of: <item:apocalypsenow:canadian_army_chestplate>.anyDamage()
[18:00:03.067][INFO]: Set the value of Max Damage on <item:apocalypsenow:canadian_army_chestplate> to: '528'
[18:00:03.067][INFO]: Modifying Attributes of: <item:apocalypsenow:canadian_army_chestplate>.anyDamage()
[18:00:03.067][INFO]: Modifying Attributes of: <item:apocalypsenow:canadian_army_chestplate>.anyDamage()
[18:00:03.068][INFO]: Modifying Attributes of: <item:apocalypsenow:canadian_army_leggings>.anyDamage()
[18:00:03.068][INFO]: Modifying Attributes of: <item:apocalypsenow:canadian_army_leggings>.anyDamage()
[18:00:03.068][INFO]: Set the value of Max Damage on <item:apocalypsenow:canadian_army_leggings> to: '495'
[18:00:03.068][INFO]: Modifying Attributes of: <item:apocalypsenow:canadian_army_leggings>.anyDamage()
[18:00:03.068][INFO]: Modifying Attributes of: <item:apocalypsenow:canadian_army_leggings>.anyDamage()
[18:00:03.068][INFO]: Modifying Attributes of: <item:apocalypsenow:canadian_army_boots>.anyDamage()
[18:00:03.068][INFO]: Modifying Attributes of: <item:apocalypsenow:canadian_army_boots>.anyDamage()
[18:00:03.068][INFO]: Set the value of Max Damage on <item:apocalypsenow:canadian_army_boots> to: '429'
[18:00:03.068][INFO]: Modifying Attributes of: <item:apocalypsenow:canadian_army_boots>.anyDamage()
[18:00:03.068][INFO]: Modifying Attributes of: <item:apocalypsenow:canadian_army_boots>.anyDamage()
[18:00:03.068][INFO]: Modifying Attributes of: <item:apocalypsenow:mexican_army_helmet>.anyDamage()
[18:00:03.069][INFO]: Modifying Attributes of: <item:apocalypsenow:mexican_army_helmet>.anyDamage()
[18:00:03.069][INFO]: Set the value of Max Damage on <item:apocalypsenow:mexican_army_helmet> to: '363'
[18:00:03.069][INFO]: Modifying Attributes of: <item:apocalypsenow:mexican_army_helmet>.anyDamage()
[18:00:03.069][INFO]: Modifying Attributes of: <item:apocalypsenow:mexican_army_helmet>.anyDamage()
[18:00:03.069][INFO]: Modifying Attributes of: <item:apocalypsenow:mexican_army_chestplate>.anyDamage()
[18:00:03.069][INFO]: Modifying Attributes of: <item:apocalypsenow:mexican_army_chestplate>.anyDamage()
[18:00:03.069][INFO]: Set the value of Max Damage on <item:apocalypsenow:mexican_army_chestplate> to: '528'
[18:00:03.069][INFO]: Modifying Attributes of: <item:apocalypsenow:mexican_army_chestplate>.anyDamage()
[18:00:03.069][INFO]: Modifying Attributes of: <item:apocalypsenow:mexican_army_chestplate>.anyDamage()
[18:00:03.069][INFO]: Modifying Attributes of: <item:apocalypsenow:mexican_army_leggings>.anyDamage()
[18:00:03.069][INFO]: Modifying Attributes of: <item:apocalypsenow:mexican_army_leggings>.anyDamage()
[18:00:03.070][INFO]: Set the value of Max Damage on <item:apocalypsenow:mexican_army_leggings> to: '495'
[18:00:03.070][INFO]: Modifying Attributes of: <item:apocalypsenow:mexican_army_leggings>.anyDamage()
[18:00:03.070][INFO]: Modifying Attributes of: <item:apocalypsenow:mexican_army_leggings>.anyDamage()
[18:00:03.070][INFO]: Modifying Attributes of: <item:apocalypsenow:mexican_army_boots>.anyDamage()
[18:00:03.070][INFO]: Modifying Attributes of: <item:apocalypsenow:mexican_army_boots>.anyDamage()
[18:00:03.070][INFO]: Set the value of Max Damage on <item:apocalypsenow:mexican_army_boots> to: '429'
[18:00:03.070][INFO]: Modifying Attributes of: <item:apocalypsenow:mexican_army_boots>.anyDamage()
[18:00:03.070][INFO]: Modifying Attributes of: <item:apocalypsenow:mexican_army_boots>.anyDamage()
[18:00:03.070][INFO]: Modifying Attributes of: <item:apocalypsenow:chinese_army_helmet>.anyDamage()
[18:00:03.070][INFO]: Modifying Attributes of: <item:apocalypsenow:chinese_army_helmet>.anyDamage()
[18:00:03.070][INFO]: Set the value of Max Damage on <item:apocalypsenow:chinese_army_helmet> to: '363'
[18:00:03.070][INFO]: Modifying Attributes of: <item:apocalypsenow:chinese_army_helmet>.anyDamage()
[18:00:03.070][INFO]: Modifying Attributes of: <item:apocalypsenow:chinese_army_helmet>.anyDamage()
[18:00:03.071][INFO]: Modifying Attributes of: <item:apocalypsenow:chinese_army_chestplate>.anyDamage()
[18:00:03.071][INFO]: Modifying Attributes of: <item:apocalypsenow:chinese_army_chestplate>.anyDamage()
[18:00:03.071][INFO]: Set the value of Max Damage on <item:apocalypsenow:chinese_army_chestplate> to: '528'
[18:00:03.071][INFO]: Modifying Attributes of: <item:apocalypsenow:chinese_army_chestplate>.anyDamage()
[18:00:03.071][INFO]: Modifying Attributes of: <item:apocalypsenow:chinese_army_chestplate>.anyDamage()
[18:00:03.071][INFO]: Modifying Attributes of: <item:apocalypsenow:chinese_army_leggings>.anyDamage()
[18:00:03.071][INFO]: Modifying Attributes of: <item:apocalypsenow:chinese_army_leggings>.anyDamage()
[18:00:03.071][INFO]: Set the value of Max Damage on <item:apocalypsenow:chinese_army_leggings> to: '495'
[18:00:03.071][INFO]: Modifying Attributes of: <item:apocalypsenow:chinese_army_leggings>.anyDamage()
[18:00:03.071][INFO]: Modifying Attributes of: <item:apocalypsenow:chinese_army_leggings>.anyDamage()
[18:00:03.071][INFO]: Modifying Attributes of: <item:apocalypsenow:chinese_army_boots>.anyDamage()
[18:00:03.071][INFO]: Modifying Attributes of: <item:apocalypsenow:chinese_army_boots>.anyDamage()
[18:00:03.072][INFO]: Set the value of Max Damage on <item:apocalypsenow:chinese_army_boots> to: '429'
[18:00:03.072][INFO]: Modifying Attributes of: <item:apocalypsenow:chinese_army_boots>.anyDamage()
[18:00:03.072][INFO]: Modifying Attributes of: <item:apocalypsenow:chinese_army_boots>.anyDamage()
[18:00:03.072][INFO]: Modifying Attributes of: <item:apocalypsenow:russian_army_helmet>.anyDamage()
[18:00:03.072][INFO]: Modifying Attributes of: <item:apocalypsenow:russian_army_helmet>.anyDamage()
[18:00:03.072][INFO]: Set the value of Max Damage on <item:apocalypsenow:russian_army_helmet> to: '363'
[18:00:03.072][INFO]: Modifying Attributes of: <item:apocalypsenow:russian_army_helmet>.anyDamage()
[18:00:03.072][INFO]: Modifying Attributes of: <item:apocalypsenow:russian_army_helmet>.anyDamage()
[18:00:03.072][INFO]: Modifying Attributes of: <item:apocalypsenow:russian_army_chestplate>.anyDamage()
[18:00:03.072][INFO]: Modifying Attributes of: <item:apocalypsenow:russian_army_chestplate>.anyDamage()
[18:00:03.072][INFO]: Set the value of Max Damage on <item:apocalypsenow:russian_army_chestplate> to: '528'
[18:00:03.073][INFO]: Modifying Attributes of: <item:apocalypsenow:russian_army_chestplate>.anyDamage()
[18:00:03.073][INFO]: Modifying Attributes of: <item:apocalypsenow:russian_army_chestplate>.anyDamage()
[18:00:03.073][INFO]: Modifying Attributes of: <item:apocalypsenow:russian_army_leggings>.anyDamage()
[18:00:03.073][INFO]: Modifying Attributes of: <item:apocalypsenow:russian_army_leggings>.anyDamage()
[18:00:03.073][INFO]: Set the value of Max Damage on <item:apocalypsenow:russian_army_leggings> to: '495'
[18:00:03.073][INFO]: Modifying Attributes of: <item:apocalypsenow:russian_army_leggings>.anyDamage()
[18:00:03.073][INFO]: Modifying Attributes of: <item:apocalypsenow:russian_army_leggings>.anyDamage()
[18:00:03.073][INFO]: Modifying Attributes of: <item:apocalypsenow:russian_army_boots>.anyDamage()
[18:00:03.074][INFO]: Modifying Attributes of: <item:apocalypsenow:russian_army_boots>.anyDamage()
[18:00:03.074][INFO]: Set the value of Max Damage on <item:apocalypsenow:russian_army_boots> to: '429'
[18:00:03.074][INFO]: Modifying Attributes of: <item:apocalypsenow:russian_army_boots>.anyDamage()
[18:00:03.074][INFO]: Modifying Attributes of: <item:apocalypsenow:russian_army_boots>.anyDamage()
[18:00:03.074][INFO]: Modifying Attributes of: <item:apocalypsenow:japanese_army_helmet>.anyDamage()
[18:00:03.074][INFO]: Modifying Attributes of: <item:apocalypsenow:japanese_army_helmet>.anyDamage()
[18:00:03.074][INFO]: Set the value of Max Damage on <item:apocalypsenow:japanese_army_helmet> to: '363'
[18:00:03.074][INFO]: Modifying Attributes of: <item:apocalypsenow:japanese_army_helmet>.anyDamage()
[18:00:03.074][INFO]: Modifying Attributes of: <item:apocalypsenow:japanese_army_helmet>.anyDamage()
[18:00:03.074][INFO]: Modifying Attributes of: <item:apocalypsenow:japanese_army_chestplate>.anyDamage()
[18:00:03.075][INFO]: Modifying Attributes of: <item:apocalypsenow:japanese_army_chestplate>.anyDamage()
[18:00:03.075][INFO]: Set the value of Max Damage on <item:apocalypsenow:japanese_army_chestplate> to: '528'
[18:00:03.075][INFO]: Modifying Attributes of: <item:apocalypsenow:japanese_army_chestplate>.anyDamage()
[18:00:03.075][INFO]: Modifying Attributes of: <item:apocalypsenow:japanese_army_chestplate>.anyDamage()
[18:00:03.075][INFO]: Modifying Attributes of: <item:apocalypsenow:japanese_army_leggings>.anyDamage()
[18:00:03.075][INFO]: Modifying Attributes of: <item:apocalypsenow:japanese_army_leggings>.anyDamage()
[18:00:03.075][INFO]: Set the value of Max Damage on <item:apocalypsenow:japanese_army_leggings> to: '495'
[18:00:03.076][INFO]: Modifying Attributes of: <item:apocalypsenow:japanese_army_leggings>.anyDamage()
[18:00:03.076][INFO]: Modifying Attributes of: <item:apocalypsenow:japanese_army_leggings>.anyDamage()
[18:00:03.076][INFO]: Modifying Attributes of: <item:apocalypsenow:japanese_army_boots>.anyDamage()
[18:00:03.076][INFO]: Modifying Attributes of: <item:apocalypsenow:japanese_army_boots>.anyDamage()
[18:00:03.076][INFO]: Set the value of Max Damage on <item:apocalypsenow:japanese_army_boots> to: '429'
[18:00:03.076][INFO]: Modifying Attributes of: <item:apocalypsenow:japanese_army_boots>.anyDamage()
[18:00:03.076][INFO]: Modifying Attributes of: <item:apocalypsenow:japanese_army_boots>.anyDamage()
[18:00:03.077][INFO]: Modifying Attributes of: <item:apocalypsenow:british_army_helmet>.anyDamage()
[18:00:03.077][INFO]: Modifying Attributes of: <item:apocalypsenow:british_army_helmet>.anyDamage()
[18:00:03.077][INFO]: Set the value of Max Damage on <item:apocalypsenow:british_army_helmet> to: '363'
[18:00:03.077][INFO]: Modifying Attributes of: <item:apocalypsenow:british_army_helmet>.anyDamage()
[18:00:03.077][INFO]: Modifying Attributes of: <item:apocalypsenow:british_army_helmet>.anyDamage()
[18:00:03.077][INFO]: Modifying Attributes of: <item:apocalypsenow:british_army_chestplate>.anyDamage()
[18:00:03.077][INFO]: Modifying Attributes of: <item:apocalypsenow:british_army_chestplate>.anyDamage()
[18:00:03.077][INFO]: Set the value of Max Damage on <item:apocalypsenow:british_army_chestplate> to: '528'
[18:00:03.077][INFO]: Modifying Attributes of: <item:apocalypsenow:british_army_chestplate>.anyDamage()
[18:00:03.077][INFO]: Modifying Attributes of: <item:apocalypsenow:british_army_chestplate>.anyDamage()
[18:00:03.077][INFO]: Modifying Attributes of: <item:apocalypsenow:british_army_leggings>.anyDamage()
[18:00:03.077][INFO]: Modifying Attributes of: <item:apocalypsenow:british_army_leggings>.anyDamage()
[18:00:03.078][INFO]: Set the value of Max Damage on <item:apocalypsenow:british_army_leggings> to: '495'
[18:00:03.078][INFO]: Modifying Attributes of: <item:apocalypsenow:british_army_leggings>.anyDamage()
[18:00:03.078][INFO]: Modifying Attributes of: <item:apocalypsenow:british_army_leggings>.anyDamage()
[18:00:03.078][INFO]: Modifying Attributes of: <item:apocalypsenow:british_army_boots>.anyDamage()
[18:00:03.078][INFO]: Modifying Attributes of: <item:apocalypsenow:british_army_boots>.anyDamage()
[18:00:03.078][INFO]: Set the value of Max Damage on <item:apocalypsenow:british_army_boots> to: '429'
[18:00:03.078][INFO]: Modifying Attributes of: <item:apocalypsenow:british_army_boots>.anyDamage()
[18:00:03.078][INFO]: Modifying Attributes of: <item:apocalypsenow:british_army_boots>.anyDamage()
[18:00:03.078][INFO]: Modifying Attributes of: <item:apocalypsenow:usa_armor_helmet>.anyDamage()
[18:00:03.078][INFO]: Modifying Attributes of: <item:apocalypsenow:usa_armor_helmet>.anyDamage()
[18:00:03.078][INFO]: Set the value of Max Damage on <item:apocalypsenow:usa_armor_helmet> to: '363'
[18:00:03.078][INFO]: Modifying Attributes of: <item:apocalypsenow:usa_armor_helmet>.anyDamage()
[18:00:03.078][INFO]: Modifying Attributes of: <item:apocalypsenow:usa_armor_helmet>.anyDamage()
[18:00:03.079][INFO]: Modifying Attributes of: <item:apocalypsenow:usa_armor_chestplate>.anyDamage()
[18:00:03.079][INFO]: Modifying Attributes of: <item:apocalypsenow:usa_armor_chestplate>.anyDamage()
[18:00:03.079][INFO]: Set the value of Max Damage on <item:apocalypsenow:usa_armor_chestplate> to: '528'
[18:00:03.079][INFO]: Modifying Attributes of: <item:apocalypsenow:usa_armor_chestplate>.anyDamage()
[18:00:03.079][INFO]: Modifying Attributes of: <item:apocalypsenow:usa_armor_chestplate>.anyDamage()
[18:00:03.079][INFO]: Modifying Attributes of: <item:apocalypsenow:usa_armor_leggings>.anyDamage()
[18:00:03.079][INFO]: Modifying Attributes of: <item:apocalypsenow:usa_armor_leggings>.anyDamage()
[18:00:03.079][INFO]: Set the value of Max Damage on <item:apocalypsenow:usa_armor_leggings> to: '495'
[18:00:03.079][INFO]: Modifying Attributes of: <item:apocalypsenow:usa_armor_leggings>.anyDamage()
[18:00:03.079][INFO]: Modifying Attributes of: <item:apocalypsenow:usa_armor_leggings>.anyDamage()
[18:00:03.079][INFO]: Modifying Attributes of: <item:apocalypsenow:usa_armor_boots>.anyDamage()
[18:00:03.079][INFO]: Modifying Attributes of: <item:apocalypsenow:usa_armor_boots>.anyDamage()
[18:00:03.079][INFO]: Set the value of Max Damage on <item:apocalypsenow:usa_armor_boots> to: '429'
[18:00:03.080][INFO]: Modifying Attributes of: <item:apocalypsenow:usa_armor_boots>.anyDamage()
[18:00:03.080][INFO]: Modifying Attributes of: <item:apocalypsenow:usa_armor_boots>.anyDamage()
[18:00:03.080][INFO]: Modifying Attributes of: <item:apocalypsenow:italian_bersaglieri_army_helmet>.anyDamage()
[18:00:03.080][INFO]: Modifying Attributes of: <item:apocalypsenow:italian_bersaglieri_army_helmet>.anyDamage()
[18:00:03.080][INFO]: Set the value of Max Damage on <item:apocalypsenow:italian_bersaglieri_army_helmet> to: '363'
[18:00:03.080][INFO]: Modifying Attributes of: <item:apocalypsenow:italian_bersaglieri_army_helmet>.anyDamage()
[18:00:03.080][INFO]: Modifying Attributes of: <item:apocalypsenow:italian_bersaglieri_army_helmet>.anyDamage()
[18:00:03.080][INFO]: Modifying Attributes of: <item:apocalypsenow:italian_bersaglieri_army_chestplate>.anyDamage()
[18:00:03.080][INFO]: Modifying Attributes of: <item:apocalypsenow:italian_bersaglieri_army_chestplate>.anyDamage()
[18:00:03.080][INFO]: Set the value of Max Damage on <item:apocalypsenow:italian_bersaglieri_army_chestplate> to: '528'
[18:00:03.080][INFO]: Modifying Attributes of: <item:apocalypsenow:italian_bersaglieri_army_chestplate>.anyDamage()
[18:00:03.080][INFO]: Modifying Attributes of: <item:apocalypsenow:italian_bersaglieri_army_chestplate>.anyDamage()
[18:00:03.080][INFO]: Modifying Attributes of: <item:apocalypsenow:italian_bersaglieri_army_leggings>.anyDamage()
[18:00:03.081][INFO]: Modifying Attributes of: <item:apocalypsenow:italian_bersaglieri_army_leggings>.anyDamage()
[18:00:03.081][INFO]: Set the value of Max Damage on <item:apocalypsenow:italian_bersaglieri_army_leggings> to: '495'
[18:00:03.081][INFO]: Modifying Attributes of: <item:apocalypsenow:italian_bersaglieri_army_leggings>.anyDamage()
[18:00:03.081][INFO]: Modifying Attributes of: <item:apocalypsenow:italian_bersaglieri_army_leggings>.anyDamage()
[18:00:03.081][INFO]: Modifying Attributes of: <item:apocalypsenow:italian_bersaglieri_army_boots>.anyDamage()
[18:00:03.081][INFO]: Modifying Attributes of: <item:apocalypsenow:italian_bersaglieri_army_boots>.anyDamage()
[18:00:03.081][INFO]: Set the value of Max Damage on <item:apocalypsenow:italian_bersaglieri_army_boots> to: '429'
[18:00:03.081][INFO]: Modifying Attributes of: <item:apocalypsenow:italian_bersaglieri_army_boots>.anyDamage()
[18:00:03.081][INFO]: Modifying Attributes of: <item:apocalypsenow:italian_bersaglieri_army_boots>.anyDamage()
[18:00:03.081][INFO]: Modifying Attributes of: <item:apocalypsenow:brazilian_army_helmet>.anyDamage()
[18:00:03.081][INFO]: Modifying Attributes of: <item:apocalypsenow:brazilian_army_helmet>.anyDamage()
[18:00:03.081][INFO]: Set the value of Max Damage on <item:apocalypsenow:brazilian_army_helmet> to: '363'
[18:00:03.081][INFO]: Modifying Attributes of: <item:apocalypsenow:brazilian_army_helmet>.anyDamage()
[18:00:03.081][INFO]: Modifying Attributes of: <item:apocalypsenow:brazilian_army_helmet>.anyDamage()
[18:00:03.082][INFO]: Modifying Attributes of: <item:apocalypsenow:brazilian_army_chestplate>.anyDamage()
[18:00:03.082][INFO]: Modifying Attributes of: <item:apocalypsenow:brazilian_army_chestplate>.anyDamage()
[18:00:03.082][INFO]: Set the value of Max Damage on <item:apocalypsenow:brazilian_army_chestplate> to: '528'
[18:00:03.082][INFO]: Modifying Attributes of: <item:apocalypsenow:brazilian_army_chestplate>.anyDamage()
[18:00:03.082][INFO]: Modifying Attributes of: <item:apocalypsenow:brazilian_army_chestplate>.anyDamage()
[18:00:03.082][INFO]: Modifying Attributes of: <item:apocalypsenow:brazilian_army_leggings>.anyDamage()
[18:00:03.082][INFO]: Modifying Attributes of: <item:apocalypsenow:brazilian_army_leggings>.anyDamage()
[18:00:03.082][INFO]: Set the value of Max Damage on <item:apocalypsenow:brazilian_army_leggings> to: '495'
[18:00:03.082][INFO]: Modifying Attributes of: <item:apocalypsenow:brazilian_army_leggings>.anyDamage()
[18:00:03.082][INFO]: Modifying Attributes of: <item:apocalypsenow:brazilian_army_leggings>.anyDamage()
[18:00:03.082][INFO]: Modifying Attributes of: <item:apocalypsenow:brazilian_army_boots>.anyDamage()
[18:00:03.082][INFO]: Modifying Attributes of: <item:apocalypsenow:brazilian_army_boots>.anyDamage()
[18:00:03.082][INFO]: Set the value of Max Damage on <item:apocalypsenow:brazilian_army_boots> to: '429'
[18:00:03.083][INFO]: Modifying Attributes of: <item:apocalypsenow:brazilian_army_boots>.anyDamage()
[18:00:03.083][INFO]: Modifying Attributes of: <item:apocalypsenow:brazilian_army_boots>.anyDamage()
[18:00:03.083][INFO]: Modifying Attributes of: <item:apocalypsenow:un_armor_helmet>.anyDamage()
[18:00:03.083][INFO]: Modifying Attributes of: <item:apocalypsenow:un_armor_helmet>.anyDamage()
[18:00:03.083][INFO]: Set the value of Max Damage on <item:apocalypsenow:un_armor_helmet> to: '231'
[18:00:03.083][INFO]: Modifying Attributes of: <item:apocalypsenow:un_armor_helmet>.anyDamage()
[18:00:03.083][INFO]: Modifying Attributes of: <item:apocalypsenow:un_armor_helmet>.anyDamage()
[18:00:03.083][INFO]: Modifying Attributes of: <item:apocalypsenow:un_armor_chestplate>.anyDamage()
[18:00:03.083][INFO]: Modifying Attributes of: <item:apocalypsenow:un_armor_chestplate>.anyDamage()
[18:00:03.083][INFO]: Set the value of Max Damage on <item:apocalypsenow:un_armor_chestplate> to: '336'
[18:00:03.083][INFO]: Modifying Attributes of: <item:apocalypsenow:un_armor_chestplate>.anyDamage()
[18:00:03.083][INFO]: Modifying Attributes of: <item:apocalypsenow:un_armor_chestplate>.anyDamage()
[18:00:03.084][INFO]: Modifying Attributes of: <item:apocalypsenow:un_armor_leggings>.anyDamage()
[18:00:03.084][INFO]: Modifying Attributes of: <item:apocalypsenow:un_armor_leggings>.anyDamage()
[18:00:03.084][INFO]: Set the value of Max Damage on <item:apocalypsenow:un_armor_leggings> to: '315'
[18:00:03.084][INFO]: Modifying Attributes of: <item:apocalypsenow:un_armor_leggings>.anyDamage()
[18:00:03.084][INFO]: Modifying Attributes of: <item:apocalypsenow:un_armor_leggings>.anyDamage()
[18:00:03.084][INFO]: Modifying Attributes of: <item:apocalypsenow:un_armor_boots>.anyDamage()
[18:00:03.084][INFO]: Modifying Attributes of: <item:apocalypsenow:un_armor_boots>.anyDamage()
[18:00:03.084][INFO]: Set the value of Max Damage on <item:apocalypsenow:un_armor_boots> to: '273'
[18:00:03.084][INFO]: Modifying Attributes of: <item:apocalypsenow:un_armor_boots>.anyDamage()
[18:00:03.084][INFO]: Modifying Attributes of: <item:apocalypsenow:un_armor_boots>.anyDamage()
[18:00:03.084][INFO]: Modifying Attributes of: <item:apocalypsenow:military_riot_armor_helmet>.anyDamage()
[18:00:03.084][INFO]: Modifying Attributes of: <item:apocalypsenow:military_riot_armor_helmet>.anyDamage()
[18:00:03.085][INFO]: Set the value of Max Damage on <item:apocalypsenow:military_riot_armor_helmet> to: '393'
[18:00:03.085][INFO]: Modifying Attributes of: <item:apocalypsenow:military_riot_armor_helmet>.anyDamage()
[18:00:03.085][INFO]: Modifying Attributes of: <item:apocalypsenow:military_riot_armor_helmet>.anyDamage()
[18:00:03.085][INFO]: Modifying Attributes of: <item:apocalypsenow:military_riot_armor_chestplate>.anyDamage()
[18:00:03.085][INFO]: Modifying Attributes of: <item:apocalypsenow:military_riot_armor_chestplate>.anyDamage()
[18:00:03.085][INFO]: Set the value of Max Damage on <item:apocalypsenow:military_riot_armor_chestplate> to: '558'
[18:00:03.085][INFO]: Modifying Attributes of: <item:apocalypsenow:military_riot_armor_chestplate>.anyDamage()
[18:00:03.085][INFO]: Modifying Attributes of: <item:apocalypsenow:military_riot_armor_chestplate>.anyDamage()
[18:00:03.085][INFO]: Modifying Attributes of: <item:apocalypsenow:military_riot_armor_leggings>.anyDamage()
[18:00:03.085][INFO]: Modifying Attributes of: <item:apocalypsenow:military_riot_armor_leggings>.anyDamage()
[18:00:03.085][INFO]: Set the value of Max Damage on <item:apocalypsenow:military_riot_armor_leggings> to: '515'
[18:00:03.085][INFO]: Modifying Attributes of: <item:apocalypsenow:military_riot_armor_leggings>.anyDamage()
[18:00:03.085][INFO]: Modifying Attributes of: <item:apocalypsenow:military_riot_armor_leggings>.anyDamage()
[18:00:03.085][INFO]: Modifying Attributes of: <item:apocalypsenow:military_riot_armor_boots>.anyDamage()
[18:00:03.086][INFO]: Modifying Attributes of: <item:apocalypsenow:military_riot_armor_boots>.anyDamage()
[18:00:03.086][INFO]: Set the value of Max Damage on <item:apocalypsenow:military_riot_armor_boots> to: '459'
[18:00:03.086][INFO]: Modifying Attributes of: <item:apocalypsenow:military_riot_armor_boots>.anyDamage()
[18:00:03.086][INFO]: Modifying Attributes of: <item:apocalypsenow:military_riot_armor_boots>.anyDamage()
[18:00:03.086][INFO]: Modifying Attributes of: <item:apocalypsenow:military_urban_helmet>.anyDamage()
[18:00:03.086][INFO]: Modifying Attributes of: <item:apocalypsenow:military_urban_helmet>.anyDamage()
[18:00:03.086][INFO]: Set the value of Max Damage on <item:apocalypsenow:military_urban_helmet> to: '393'
[18:00:03.086][INFO]: Modifying Attributes of: <item:apocalypsenow:military_urban_helmet>.anyDamage()
[18:00:03.086][INFO]: Modifying Attributes of: <item:apocalypsenow:military_urban_helmet>.anyDamage()
[18:00:03.086][INFO]: Modifying Attributes of: <item:apocalypsenow:military_urban_chestplate>.anyDamage()
[18:00:03.086][INFO]: Modifying Attributes of: <item:apocalypsenow:military_urban_chestplate>.anyDamage()
[18:00:03.086][INFO]: Set the value of Max Damage on <item:apocalypsenow:military_urban_chestplate> to: '558'
[18:00:03.086][INFO]: Modifying Attributes of: <item:apocalypsenow:military_urban_chestplate>.anyDamage()
[18:00:03.087][INFO]: Modifying Attributes of: <item:apocalypsenow:military_urban_chestplate>.anyDamage()
[18:00:03.087][INFO]: Modifying Attributes of: <item:apocalypsenow:military_urban_leggings>.anyDamage()
[18:00:03.087][INFO]: Modifying Attributes of: <item:apocalypsenow:military_urban_leggings>.anyDamage()
[18:00:03.087][INFO]: Set the value of Max Damage on <item:apocalypsenow:military_urban_leggings> to: '515'
[18:00:03.087][INFO]: Modifying Attributes of: <item:apocalypsenow:military_urban_leggings>.anyDamage()
[18:00:03.087][INFO]: Modifying Attributes of: <item:apocalypsenow:military_urban_leggings>.anyDamage()
[18:00:03.087][INFO]: Modifying Attributes of: <item:apocalypsenow:military_urban_boots>.anyDamage()
[18:00:03.087][INFO]: Modifying Attributes of: <item:apocalypsenow:military_urban_boots>.anyDamage()
[18:00:03.087][INFO]: Set the value of Max Damage on <item:apocalypsenow:military_urban_boots> to: '459'
[18:00:03.087][INFO]: Modifying Attributes of: <item:apocalypsenow:military_urban_boots>.anyDamage()
[18:00:03.088][INFO]: Modifying Attributes of: <item:apocalypsenow:military_urban_boots>.anyDamage()
[18:00:03.088][INFO]: Modifying Attributes of: <item:apocalypsenow:biohazard_helmet>.anyDamage()
[18:00:03.088][INFO]: Modifying Attributes of: <item:apocalypsenow:biohazard_helmet>.anyDamage()
[18:00:03.088][INFO]: Set the value of Max Damage on <item:apocalypsenow:biohazard_helmet> to: '500'
[18:00:03.088][INFO]: Modifying Attributes of: <item:apocalypsenow:biohazard_helmet>.anyDamage()
[18:00:03.088][INFO]: Modifying Attributes of: <item:apocalypsenow:biohazard_helmet>.anyDamage()
[18:00:03.088][INFO]: Modifying Attributes of: <item:apocalypsenow:biohazard_chestplate>.anyDamage()
[18:00:03.089][INFO]: Modifying Attributes of: <item:apocalypsenow:biohazard_chestplate>.anyDamage()
[18:00:03.089][INFO]: Set the value of Max Damage on <item:apocalypsenow:biohazard_chestplate> to: '336'
[18:00:03.089][INFO]: Modifying Attributes of: <item:apocalypsenow:biohazard_chestplate>.anyDamage()
[18:00:03.089][INFO]: Modifying Attributes of: <item:apocalypsenow:biohazard_chestplate>.anyDamage()
[18:00:03.089][INFO]: Modifying Attributes of: <item:apocalypsenow:biohazard_leggings>.anyDamage()
[18:00:03.089][INFO]: Modifying Attributes of: <item:apocalypsenow:biohazard_leggings>.anyDamage()
[18:00:03.089][INFO]: Set the value of Max Damage on <item:apocalypsenow:biohazard_leggings> to: '315'
[18:00:03.089][INFO]: Modifying Attributes of: <item:apocalypsenow:biohazard_leggings>.anyDamage()
[18:00:03.090][INFO]: Modifying Attributes of: <item:apocalypsenow:biohazard_leggings>.anyDamage()
[18:00:03.090][INFO]: Modifying Attributes of: <item:apocalypsenow:biohazard_boots>.anyDamage()
[18:00:03.090][INFO]: Modifying Attributes of: <item:apocalypsenow:biohazard_boots>.anyDamage()
[18:00:03.090][INFO]: Set the value of Max Damage on <item:apocalypsenow:biohazard_boots> to: '273'
[18:00:03.090][INFO]: Modifying Attributes of: <item:apocalypsenow:biohazard_boots>.anyDamage()
[18:00:03.090][INFO]: Modifying Attributes of: <item:apocalypsenow:biohazard_boots>.anyDamage()
[18:00:03.091][INFO]: Modifying Attributes of: <item:apocalypsenow:contamination_suit_white_helmet>.anyDamage()
[18:00:03.091][INFO]: Modifying Attributes of: <item:apocalypsenow:contamination_suit_white_helmet>.anyDamage()
[18:00:03.092][INFO]: Set the value of Max Damage on <item:apocalypsenow:contamination_suit_white_helmet> to: '500'
[18:00:03.092][INFO]: Modifying Attributes of: <item:apocalypsenow:contamination_suit_white_helmet>.anyDamage()
[18:00:03.092][INFO]: Modifying Attributes of: <item:apocalypsenow:contamination_suit_white_helmet>.anyDamage()
[18:00:03.092][INFO]: Modifying Attributes of: <item:apocalypsenow:contamination_suit_white_chestplate>.anyDamage()
[18:00:03.093][INFO]: Modifying Attributes of: <item:apocalypsenow:contamination_suit_white_chestplate>.anyDamage()
[18:00:03.093][INFO]: Set the value of Max Damage on <item:apocalypsenow:contamination_suit_white_chestplate> to: '336'
[18:00:03.093][INFO]: Modifying Attributes of: <item:apocalypsenow:contamination_suit_white_chestplate>.anyDamage()
[18:00:03.093][INFO]: Modifying Attributes of: <item:apocalypsenow:contamination_suit_white_chestplate>.anyDamage()
[18:00:03.094][INFO]: Modifying Attributes of: <item:apocalypsenow:contamination_suit_white_leggings>.anyDamage()
[18:00:03.094][INFO]: Modifying Attributes of: <item:apocalypsenow:contamination_suit_white_leggings>.anyDamage()
[18:00:03.094][INFO]: Set the value of Max Damage on <item:apocalypsenow:contamination_suit_white_leggings> to: '315'
[18:00:03.094][INFO]: Modifying Attributes of: <item:apocalypsenow:contamination_suit_white_leggings>.anyDamage()
[18:00:03.094][INFO]: Modifying Attributes of: <item:apocalypsenow:contamination_suit_white_leggings>.anyDamage()
[18:00:03.094][INFO]: Modifying Attributes of: <item:apocalypsenow:contamination_suit_white_boots>.anyDamage()
[18:00:03.095][INFO]: Modifying Attributes of: <item:apocalypsenow:contamination_suit_white_boots>.anyDamage()
[18:00:03.095][INFO]: Set the value of Max Damage on <item:apocalypsenow:contamination_suit_white_boots> to: '273'
[18:00:03.095][INFO]: Modifying Attributes of: <item:apocalypsenow:contamination_suit_white_boots>.anyDamage()
[18:00:03.095][INFO]: Modifying Attributes of: <item:apocalypsenow:contamination_suit_white_boots>.anyDamage()
[18:00:03.095][INFO]: Modifying Attributes of: <item:apocalypsenow:contamination_suit_blue_helmet>.anyDamage()
[18:00:03.095][INFO]: Modifying Attributes of: <item:apocalypsenow:contamination_suit_blue_helmet>.anyDamage()
[18:00:03.095][INFO]: Set the value of Max Damage on <item:apocalypsenow:contamination_suit_blue_helmet> to: '500'
[18:00:03.095][INFO]: Modifying Attributes of: <item:apocalypsenow:contamination_suit_blue_helmet>.anyDamage()
[18:00:03.095][INFO]: Modifying Attributes of: <item:apocalypsenow:contamination_suit_blue_helmet>.anyDamage()
[18:00:03.095][INFO]: Modifying Attributes of: <item:apocalypsenow:contamination_suit_blue_chestplate>.anyDamage()
[18:00:03.095][INFO]: Modifying Attributes of: <item:apocalypsenow:contamination_suit_blue_chestplate>.anyDamage()
[18:00:03.095][INFO]: Set the value of Max Damage on <item:apocalypsenow:contamination_suit_blue_chestplate> to: '336'
[18:00:03.095][INFO]: Modifying Attributes of: <item:apocalypsenow:contamination_suit_blue_chestplate>.anyDamage()
[18:00:03.096][INFO]: Modifying Attributes of: <item:apocalypsenow:contamination_suit_blue_chestplate>.anyDamage()
[18:00:03.096][INFO]: Modifying Attributes of: <item:apocalypsenow:contamination_suit_blue_leggings>.anyDamage()
[18:00:03.096][INFO]: Modifying Attributes of: <item:apocalypsenow:contamination_suit_blue_leggings>.anyDamage()
[18:00:03.096][INFO]: Set the value of Max Damage on <item:apocalypsenow:contamination_suit_blue_leggings> to: '315'
[18:00:03.096][INFO]: Modifying Attributes of: <item:apocalypsenow:contamination_suit_blue_leggings>.anyDamage()
[18:00:03.096][INFO]: Modifying Attributes of: <item:apocalypsenow:contamination_suit_blue_leggings>.anyDamage()
[18:00:03.096][INFO]: Modifying Attributes of: <item:apocalypsenow:contamination_suit_green_helmet>.anyDamage()
[18:00:03.096][INFO]: Modifying Attributes of: <item:apocalypsenow:contamination_suit_green_helmet>.anyDamage()
[18:00:03.096][INFO]: Set the value of Max Damage on <item:apocalypsenow:contamination_suit_green_helmet> to: '500'
[18:00:03.096][INFO]: Modifying Attributes of: <item:apocalypsenow:contamination_suit_green_helmet>.anyDamage()
[18:00:03.096][INFO]: Modifying Attributes of: <item:apocalypsenow:contamination_suit_green_helmet>.anyDamage()
[18:00:03.096][INFO]: Modifying Attributes of: <item:apocalypsenow:contamination_suit_green_chestplate>.anyDamage()
[18:00:03.096][INFO]: Modifying Attributes of: <item:apocalypsenow:contamination_suit_green_chestplate>.anyDamage()
[18:00:03.096][INFO]: Set the value of Max Damage on <item:apocalypsenow:contamination_suit_green_chestplate> to: '336'
[18:00:03.096][INFO]: Modifying Attributes of: <item:apocalypsenow:contamination_suit_green_chestplate>.anyDamage()
[18:00:03.097][INFO]: Modifying Attributes of: <item:apocalypsenow:contamination_suit_green_chestplate>.anyDamage()
[18:00:03.097][INFO]: Modifying Attributes of: <item:apocalypsenow:contamination_suit_green_leggings>.anyDamage()
[18:00:03.097][INFO]: Modifying Attributes of: <item:apocalypsenow:contamination_suit_green_leggings>.anyDamage()
[18:00:03.097][INFO]: Set the value of Max Damage on <item:apocalypsenow:contamination_suit_green_leggings> to: '315'
[18:00:03.097][INFO]: Modifying Attributes of: <item:apocalypsenow:contamination_suit_green_leggings>.anyDamage()
[18:00:03.097][INFO]: Modifying Attributes of: <item:apocalypsenow:contamination_suit_green_leggings>.anyDamage()
[18:00:03.097][INFO]: Modifying Attributes of: <item:create_sa:brass_exoskeleton_chestplate>.anyDamage()
[18:00:03.097][INFO]: Modifying Attributes of: <item:create_sa:brass_exoskeleton_chestplate>.anyDamage()
[18:00:03.097][INFO]: Set the value of Max Damage on <item:create_sa:brass_exoskeleton_chestplate> to: '460'
[18:00:03.097][INFO]: Modifying Attributes of: <item:create_sa:brass_exoskeleton_chestplate>.anyDamage()
[18:00:03.097][INFO]: Modifying Attributes of: <item:create_sa:brass_exoskeleton_chestplate>.anyDamage()
[18:00:03.097][INFO]: Modifying Attributes of: <item:apocalypsenow:officer_beret_chestplate>.anyDamage()
[18:00:03.097][INFO]: Modifying Attributes of: <item:apocalypsenow:officer_beret_chestplate>.anyDamage()
[18:00:03.097][INFO]: Set the value of Max Damage on <item:apocalypsenow:officer_beret_chestplate> to: '580'
[18:00:03.097][INFO]: Modifying Attributes of: <item:apocalypsenow:officer_beret_helmet>.anyDamage()
[18:00:03.097][INFO]: Modifying Attributes of: <item:apocalypsenow:officer_beret_helmet>.anyDamage()
[18:00:03.097][INFO]: Set the value of Max Damage on <item:apocalypsenow:officer_beret_helmet> to: '231'
[18:00:03.097][INFO]: Modifying Attributes of: <item:apocalypsenow:officer_beret_helmet>.anyDamage()
[18:00:03.098][INFO]: Modifying Attributes of: <item:apocalypsenow:officer_beret_helmet>.anyDamage()
[18:00:03.098][INFO]: Modifying Attributes of: <item:apocalypsenow:military_beret_chestplate>.anyDamage()
[18:00:03.098][INFO]: Modifying Attributes of: <item:apocalypsenow:military_beret_chestplate>.anyDamage()
[18:00:03.098][INFO]: Set the value of Max Damage on <item:apocalypsenow:military_beret_chestplate> to: '580'
[18:00:03.098][INFO]: Modifying Attributes of: <item:apocalypsenow:military_beret_chestplate>.anyDamage()
[18:00:03.098][INFO]: Modifying Attributes of: <item:apocalypsenow:military_beret_chestplate>.anyDamage()
[18:00:03.098][INFO]: Modifying Attributes of: <item:apocalypsenow:military_beret_helmet>.anyDamage()
[18:00:03.098][INFO]: Modifying Attributes of: <item:apocalypsenow:military_beret_helmet>.anyDamage()
[18:00:03.098][INFO]: Set the value of Max Damage on <item:apocalypsenow:military_beret_helmet> to: '231'
[18:00:03.098][INFO]: Modifying Attributes of: <item:apocalypsenow:military_beret_helmet>.anyDamage()
[18:00:03.098][INFO]: Modifying Attributes of: <item:apocalypsenow:military_beret_helmet>.anyDamage()
[18:00:03.098][INFO]: Modifying Attributes of: <item:apocalypsenow:military_pilot_headset_chestplate>.anyDamage()
[18:00:03.098][INFO]: Modifying Attributes of: <item:apocalypsenow:military_pilot_headset_chestplate>.anyDamage()
[18:00:03.099][INFO]: Set the value of Max Damage on <item:apocalypsenow:military_pilot_headset_chestplate> to: '580'
[18:00:03.099][INFO]: Modifying Attributes of: <item:apocalypsenow:military_pilot_headset_chestplate>.anyDamage()
[18:00:03.099][INFO]: Modifying Attributes of: <item:apocalypsenow:military_pilot_headset_chestplate>.anyDamage()
[18:00:03.099][INFO]: Modifying Attributes of: <item:apocalypsenow:military_pilot_headset_helmet>.anyDamage()
[18:00:03.099][INFO]: Modifying Attributes of: <item:apocalypsenow:military_pilot_headset_helmet>.anyDamage()
[18:00:03.099][INFO]: Set the value of Max Damage on <item:apocalypsenow:military_pilot_headset_helmet> to: '231'
[18:00:03.099][INFO]: Modifying Attributes of: <item:apocalypsenow:military_pilot_headset_helmet>.anyDamage()
[18:00:03.099][INFO]: Modifying Attributes of: <item:apocalypsenow:military_pilot_headset_helmet>.anyDamage()
[18:00:03.099][INFO]: Modifying Attributes of: <item:apocalypsenow:atlast_7_chestplate>.anyDamage()
[18:00:03.099][INFO]: Modifying Attributes of: <item:apocalypsenow:atlast_7_chestplate>.anyDamage()
[18:00:03.099][INFO]: Set the value of Max Damage on <item:apocalypsenow:atlast_7_chestplate> to: '580'
[18:00:03.099][INFO]: Modifying Attributes of: <item:apocalypsenow:atlast_7_chestplate>.anyDamage()
[18:00:03.099][INFO]: Modifying Attributes of: <item:apocalypsenow:atlast_7_chestplate>.anyDamage()
[18:00:03.100][INFO]: Modifying Attributes of: <item:apocalypsenow:atlast_7_helmet>.anyDamage()
[18:00:03.100][INFO]: Modifying Attributes of: <item:apocalypsenow:atlast_7_helmet>.anyDamage()
[18:00:03.100][INFO]: Set the value of Max Damage on <item:apocalypsenow:atlast_7_helmet> to: '231'
[18:00:03.100][INFO]: Modifying Attributes of: <item:apocalypsenow:atlast_7_helmet>.anyDamage()
[18:00:03.100][INFO]: Modifying Attributes of: <item:apocalypsenow:atlast_7_helmet>.anyDamage()
[18:00:03.100][INFO]: Modifying Attributes of: <item:apocalypsenow:life_jacket_bullet_helmet_helmet>.anyDamage()
[18:00:03.100][INFO]: Modifying Attributes of: <item:apocalypsenow:life_jacket_bullet_helmet_helmet>.anyDamage()
[18:00:03.100][INFO]: Set the value of Max Damage on <item:apocalypsenow:life_jacket_bullet_helmet_helmet> to: '526'
[18:00:03.100][INFO]: Modifying Attributes of: <item:apocalypsenow:life_jacket_bullet_helmet_helmet>.anyDamage()
[18:00:03.100][INFO]: Modifying Attributes of: <item:apocalypsenow:life_jacket_bullet_helmet_helmet>.anyDamage()
[18:00:03.100][INFO]: Modifying Attributes of: <item:apocalypsenow:beret_chestplate>.anyDamage()
[18:00:03.100][INFO]: Modifying Attributes of: <item:apocalypsenow:beret_chestplate>.anyDamage()
[18:00:03.100][INFO]: Set the value of Max Damage on <item:apocalypsenow:beret_chestplate> to: '580'
[18:00:03.100][INFO]: Modifying Attributes of: <item:apocalypsenow:beret_chestplate>.anyDamage()
[18:00:03.101][INFO]: Modifying Attributes of: <item:apocalypsenow:beret_chestplate>.anyDamage()
[18:00:03.101][INFO]: Modifying Attributes of: <item:apocalypsenow:beret_helmet>.anyDamage()
[18:00:03.101][INFO]: Modifying Attributes of: <item:apocalypsenow:beret_helmet>.anyDamage()
[18:00:03.101][INFO]: Set the value of Max Damage on <item:apocalypsenow:beret_helmet> to: '231'
[18:00:03.101][INFO]: Modifying Attributes of: <item:apocalypsenow:beret_helmet>.anyDamage()
[18:00:03.101][INFO]: Modifying Attributes of: <item:apocalypsenow:beret_helmet>.anyDamage()
[18:00:03.101][INFO]: Modifying Attributes of: <item:create_sa:brass_jetpack_chestplate>.anyDamage()
[18:00:03.101][INFO]: Modifying Attributes of: <item:create_sa:brass_jetpack_chestplate>.anyDamage()
[18:00:03.101][INFO]: Set the value of Max Damage on <item:create_sa:brass_jetpack_chestplate> to: '460'
[18:00:03.101][INFO]: Modifying Attributes of: <item:create_sa:brass_jetpack_chestplate>.anyDamage()
[18:00:03.101][INFO]: Modifying Attributes of: <item:create_sa:brass_jetpack_chestplate>.anyDamage()
[18:00:03.101][INFO]: Modifying Attributes of: <item:apocalypsenow:helicopter_chestplate>.anyDamage()
[18:00:03.101][INFO]: Modifying Attributes of: <item:apocalypsenow:helicopter_chestplate>.anyDamage()
[18:00:03.101][INFO]: Set the value of Max Damage on <item:apocalypsenow:helicopter_chestplate> to: '580'
[18:00:03.101][INFO]: Modifying Attributes of: <item:apocalypsenow:helicopter_chestplate>.anyDamage()
[18:00:03.102][INFO]: Modifying Attributes of: <item:apocalypsenow:helicopter_chestplate>.anyDamage()
[18:00:03.102][INFO]: Modifying Attributes of: <item:apocalypsenow:helicopter_helmet>.anyDamage()
[18:00:03.102][INFO]: Modifying Attributes of: <item:apocalypsenow:helicopter_helmet>.anyDamage()
[18:00:03.102][INFO]: Set the value of Max Damage on <item:apocalypsenow:helicopter_helmet> to: '231'
[18:00:03.102][INFO]: Modifying Attributes of: <item:apocalypsenow:helicopter_helmet>.anyDamage()
[18:00:03.102][INFO]: Modifying Attributes of: <item:apocalypsenow:helicopter_helmet>.anyDamage()
[18:00:03.102][INFO]: Modifying Attributes of: <item:minecraft:netherite_helmet>.anyDamage()
[18:00:03.102][INFO]: Modifying Attributes of: <item:minecraft:netherite_helmet>.anyDamage()
[18:00:03.102][INFO]: Set the value of Max Damage on <item:minecraft:netherite_helmet> to: '407'
[18:00:03.102][INFO]: Modifying Attributes of: <item:minecraft:netherite_helmet>.anyDamage()
[18:00:03.102][INFO]: Modifying Attributes of: <item:minecraft:netherite_helmet>.anyDamage()
[18:00:03.102][INFO]: Modifying Attributes of: <item:minecraft:netherite_chestplate>.anyDamage()
[18:00:03.102][INFO]: Modifying Attributes of: <item:minecraft:netherite_chestplate>.anyDamage()
[18:00:03.102][INFO]: Set the value of Max Damage on <item:minecraft:netherite_chestplate> to: '592'
[18:00:03.102][INFO]: Modifying Attributes of: <item:minecraft:netherite_chestplate>.anyDamage()
[18:00:03.103][INFO]: Modifying Attributes of: <item:minecraft:netherite_chestplate>.anyDamage()
[18:00:03.103][INFO]: Modifying Attributes of: <item:minecraft:netherite_leggings>.anyDamage()
[18:00:03.103][INFO]: Modifying Attributes of: <item:minecraft:netherite_leggings>.anyDamage()
[18:00:03.103][INFO]: Set the value of Max Damage on <item:minecraft:netherite_leggings> to: '555'
[18:00:03.103][INFO]: Modifying Attributes of: <item:minecraft:netherite_leggings>.anyDamage()
[18:00:03.103][INFO]: Modifying Attributes of: <item:minecraft:netherite_leggings>.anyDamage()
[18:00:03.103][INFO]: Modifying Attributes of: <item:minecraft:netherite_boots>.anyDamage()
[18:00:03.103][INFO]: Modifying Attributes of: <item:minecraft:netherite_boots>.anyDamage()
[18:00:03.103][INFO]: Set the value of Max Damage on <item:minecraft:netherite_boots> to: '481'
[18:00:03.103][INFO]: Modifying Attributes of: <item:minecraft:netherite_boots>.anyDamage()
[18:00:03.103][INFO]: Modifying Attributes of: <item:minecraft:netherite_boots>.anyDamage()
[18:00:03.103][INFO]: Modifying Attributes of: <item:apocalypsenow:swat_helmet>.anyDamage()
[18:00:03.103][INFO]: Modifying Attributes of: <item:apocalypsenow:swat_helmet>.anyDamage()
[18:00:03.103][INFO]: Set the value of Max Damage on <item:apocalypsenow:swat_helmet> to: '607'
[18:00:03.103][INFO]: Modifying Attributes of: <item:apocalypsenow:swat_helmet>.anyDamage()
[18:00:03.103][INFO]: Modifying Attributes of: <item:apocalypsenow:swat_helmet>.anyDamage()
[18:00:03.103][INFO]: Modifying Attributes of: <item:apocalypsenow:swat_chestplate>.anyDamage()
[18:00:03.103][INFO]: Modifying Attributes of: <item:apocalypsenow:swat_chestplate>.anyDamage()
[18:00:03.104][INFO]: Set the value of Max Damage on <item:apocalypsenow:swat_chestplate> to: '792'
[18:00:03.104][INFO]: Modifying Attributes of: <item:apocalypsenow:swat_chestplate>.anyDamage()
[18:00:03.104][INFO]: Modifying Attributes of: <item:apocalypsenow:swat_chestplate>.anyDamage()
[18:00:03.104][INFO]: Modifying Attributes of: <item:apocalypsenow:swat_leggings>.anyDamage()
[18:00:03.104][INFO]: Modifying Attributes of: <item:apocalypsenow:swat_leggings>.anyDamage()
[18:00:03.104][INFO]: Set the value of Max Damage on <item:apocalypsenow:swat_leggings> to: '755'
[18:00:03.104][INFO]: Modifying Attributes of: <item:apocalypsenow:swat_leggings>.anyDamage()
[18:00:03.104][INFO]: Modifying Attributes of: <item:apocalypsenow:swat_leggings>.anyDamage()
[18:00:03.104][INFO]: Modifying Attributes of: <item:apocalypsenow:swat_boots>.anyDamage()
[18:00:03.104][INFO]: Modifying Attributes of: <item:apocalypsenow:swat_boots>.anyDamage()
[18:00:03.104][INFO]: Set the value of Max Damage on <item:apocalypsenow:swat_boots> to: '681'
[18:00:03.104][INFO]: Modifying Attributes of: <item:apocalypsenow:swat_boots>.anyDamage()
[18:00:03.105][INFO]: Modifying Attributes of: <item:apocalypsenow:swat_boots>.anyDamage()
[18:00:03.105][INFO]: Modifying Attributes of: <item:apocalypsenow:juggernaut_helmet>.anyDamage()
[18:00:03.105][INFO]: Modifying Attributes of: <item:apocalypsenow:juggernaut_helmet>.anyDamage()
[18:00:03.105][INFO]: Set the value of Max Damage on <item:apocalypsenow:juggernaut_helmet> to: '607'
[18:00:03.105][INFO]: Modifying Attributes of: <item:apocalypsenow:juggernaut_helmet>.anyDamage()
[18:00:03.105][INFO]: Modifying Attributes of: <item:apocalypsenow:juggernaut_helmet>.anyDamage()
[18:00:03.105][INFO]: Modifying Attributes of: <item:apocalypsenow:juggernaut_chestplate>.anyDamage()
[18:00:03.105][INFO]: Modifying Attributes of: <item:apocalypsenow:juggernaut_chestplate>.anyDamage()
[18:00:03.105][INFO]: Set the value of Max Damage on <item:apocalypsenow:juggernaut_chestplate> to: '792'
[18:00:03.105][INFO]: Modifying Attributes of: <item:apocalypsenow:juggernaut_chestplate>.anyDamage()
[18:00:03.105][INFO]: Modifying Attributes of: <item:apocalypsenow:juggernaut_chestplate>.anyDamage()
[18:00:03.105][INFO]: Modifying Attributes of: <item:apocalypsenow:juggernaut_leggings>.anyDamage()
[18:00:03.105][INFO]: Modifying Attributes of: <item:apocalypsenow:juggernaut_leggings>.anyDamage()
[18:00:03.105][INFO]: Set the value of Max Damage on <item:apocalypsenow:juggernaut_leggings> to: '755'
[18:00:03.106][INFO]: Modifying Attributes of: <item:apocalypsenow:juggernaut_leggings>.anyDamage()
[18:00:03.106][INFO]: Modifying Attributes of: <item:apocalypsenow:juggernaut_leggings>.anyDamage()
[18:00:03.106][INFO]: Modifying Attributes of: <item:apocalypsenow:juggernaut_boots>.anyDamage()
[18:00:03.106][INFO]: Modifying Attributes of: <item:apocalypsenow:juggernaut_boots>.anyDamage()
[18:00:03.106][INFO]: Set the value of Max Damage on <item:apocalypsenow:juggernaut_boots> to: '681'
[18:00:03.106][INFO]: Modifying Attributes of: <item:apocalypsenow:juggernaut_boots>.anyDamage()
[18:00:03.106][INFO]: Modifying Attributes of: <item:apocalypsenow:juggernaut_boots>.anyDamage()
[18:00:03.106][INFO]: Modifying Attributes of: <item:apocalypsenow:swatriotcontrol_helmet>.anyDamage()
[18:00:03.106][INFO]: Modifying Attributes of: <item:apocalypsenow:swatriotcontrol_helmet>.anyDamage()
[18:00:03.106][INFO]: Set the value of Max Damage on <item:apocalypsenow:swatriotcontrol_helmet> to: '607'
[18:00:03.106][INFO]: Modifying Attributes of: <item:apocalypsenow:swatriotcontrol_helmet>.anyDamage()
[18:00:03.106][INFO]: Modifying Attributes of: <item:apocalypsenow:swatriotcontrol_helmet>.anyDamage()
[18:00:03.106][INFO]: Modifying Attributes of: <item:apocalypsenow:swatriotcontrol_chestplate>.anyDamage()
[18:00:03.106][INFO]: Modifying Attributes of: <item:apocalypsenow:swatriotcontrol_chestplate>.anyDamage()
[18:00:03.106][INFO]: Set the value of Max Damage on <item:apocalypsenow:swatriotcontrol_chestplate> to: '792'
[18:00:03.106][INFO]: Modifying Attributes of: <item:apocalypsenow:swatriotcontrol_chestplate>.anyDamage()
[18:00:03.106][INFO]: Modifying Attributes of: <item:apocalypsenow:swatriotcontrol_chestplate>.anyDamage()
[18:00:03.106][INFO]: Modifying Attributes of: <item:apocalypsenow:swatriotcontrol_leggings>.anyDamage()
[18:00:03.106][INFO]: Modifying Attributes of: <item:apocalypsenow:swatriotcontrol_leggings>.anyDamage()
[18:00:03.107][INFO]: Set the value of Max Damage on <item:apocalypsenow:swatriotcontrol_leggings> to: '755'
[18:00:03.107][INFO]: Modifying Attributes of: <item:apocalypsenow:swatriotcontrol_leggings>.anyDamage()
[18:00:03.107][INFO]: Modifying Attributes of: <item:apocalypsenow:swatriotcontrol_leggings>.anyDamage()
[18:00:03.107][INFO]: Modifying Attributes of: <item:apocalypsenow:swatriotcontrol_boots>.anyDamage()
[18:00:03.107][INFO]: Modifying Attributes of: <item:apocalypsenow:swatriotcontrol_boots>.anyDamage()
[18:00:03.107][INFO]: Set the value of Max Damage on <item:apocalypsenow:swatriotcontrol_boots> to: '681'
[18:00:03.107][INFO]: Modifying Attributes of: <item:apocalypsenow:swatriotcontrol_boots>.anyDamage()
[18:00:03.107][INFO]: Modifying Attributes of: <item:apocalypsenow:swatriotcontrol_boots>.anyDamage()
[18:00:03.107][INFO]: Modifying Attributes of: <item:apocalypsenow:spec_ops_helmet>.anyDamage()
[18:00:03.107][INFO]: Modifying Attributes of: <item:apocalypsenow:spec_ops_helmet>.anyDamage()
[18:00:03.107][INFO]: Set the value of Max Damage on <item:apocalypsenow:spec_ops_helmet> to: '607'
[18:00:03.107][INFO]: Modifying Attributes of: <item:apocalypsenow:spec_ops_helmet>.anyDamage()
[18:00:03.107][INFO]: Modifying Attributes of: <item:apocalypsenow:spec_ops_helmet>.anyDamage()
[18:00:03.107][INFO]: Modifying Attributes of: <item:apocalypsenow:spec_ops_chestplate>.anyDamage()
[18:00:03.107][INFO]: Modifying Attributes of: <item:apocalypsenow:spec_ops_chestplate>.anyDamage()
[18:00:03.107][INFO]: Set the value of Max Damage on <item:apocalypsenow:spec_ops_chestplate> to: '792'
[18:00:03.107][INFO]: Modifying Attributes of: <item:apocalypsenow:spec_ops_chestplate>.anyDamage()
[18:00:03.107][INFO]: Modifying Attributes of: <item:apocalypsenow:spec_ops_chestplate>.anyDamage()
[18:00:03.107][INFO]: Modifying Attributes of: <item:apocalypsenow:spec_ops_leggings>.anyDamage()
[18:00:03.107][INFO]: Modifying Attributes of: <item:apocalypsenow:spec_ops_leggings>.anyDamage()
[18:00:03.107][INFO]: Set the value of Max Damage on <item:apocalypsenow:spec_ops_leggings> to: '755'
[18:00:03.108][INFO]: Modifying Attributes of: <item:apocalypsenow:spec_ops_leggings>.anyDamage()
[18:00:03.108][INFO]: Modifying Attributes of: <item:apocalypsenow:spec_ops_leggings>.anyDamage()
[18:00:03.108][INFO]: Modifying Attributes of: <item:apocalypsenow:spec_ops_boots>.anyDamage()
[18:00:03.108][INFO]: Modifying Attributes of: <item:apocalypsenow:spec_ops_boots>.anyDamage()
[18:00:03.108][INFO]: Set the value of Max Damage on <item:apocalypsenow:spec_ops_boots> to: '681'
[18:00:03.108][INFO]: Modifying Attributes of: <item:apocalypsenow:spec_ops_boots>.anyDamage()
[18:00:03.108][INFO]: Modifying Attributes of: <item:apocalypsenow:spec_ops_boots>.anyDamage()
[18:00:03.108][INFO]: Modifying Attributes of: <item:apocalypsenow:jet_pilot_helmet>.anyDamage()
[18:00:03.108][INFO]: Modifying Attributes of: <item:apocalypsenow:jet_pilot_helmet>.anyDamage()
[18:00:03.108][INFO]: Set the value of Max Damage on <item:apocalypsenow:jet_pilot_helmet> to: '607'
[18:00:03.108][INFO]: Modifying Attributes of: <item:apocalypsenow:jet_pilot_helmet>.anyDamage()
[18:00:03.108][INFO]: Modifying Attributes of: <item:apocalypsenow:jet_pilot_helmet>.anyDamage()
[18:00:03.108][INFO]: Modifying Attributes of: <item:apocalypsenow:jet_pilot_chestplate>.anyDamage()
[18:00:03.108][INFO]: Modifying Attributes of: <item:apocalypsenow:jet_pilot_chestplate>.anyDamage()
[18:00:03.108][INFO]: Set the value of Max Damage on <item:apocalypsenow:jet_pilot_chestplate> to: '792'
[18:00:03.108][INFO]: Modifying Attributes of: <item:apocalypsenow:jet_pilot_chestplate>.anyDamage()
[18:00:03.108][INFO]: Modifying Attributes of: <item:apocalypsenow:jet_pilot_chestplate>.anyDamage()
[18:00:03.108][INFO]: Modifying Attributes of: <item:apocalypsenow:jet_pilot_leggings>.anyDamage()
[18:00:03.108][INFO]: Modifying Attributes of: <item:apocalypsenow:jet_pilot_leggings>.anyDamage()
[18:00:03.108][INFO]: Set the value of Max Damage on <item:apocalypsenow:jet_pilot_leggings> to: '755'
[18:00:03.108][INFO]: Modifying Attributes of: <item:apocalypsenow:jet_pilot_leggings>.anyDamage()
[18:00:03.108][INFO]: Modifying Attributes of: <item:apocalypsenow:jet_pilot_leggings>.anyDamage()
[18:00:03.109][INFO]: Modifying Attributes of: <item:apocalypsenow:jet_pilot_boots>.anyDamage()
[18:00:03.109][INFO]: Modifying Attributes of: <item:apocalypsenow:jet_pilot_boots>.anyDamage()
[18:00:03.109][INFO]: Set the value of Max Damage on <item:apocalypsenow:jet_pilot_boots> to: '681'
[18:00:03.109][INFO]: Modifying Attributes of: <item:apocalypsenow:jet_pilot_boots>.anyDamage()
[18:00:03.109][INFO]: Modifying Attributes of: <item:apocalypsenow:jet_pilot_boots>.anyDamage()
[18:00:03.109][INFO]: Modifying Attributes of: <item:apocalypsenow:bombsquad_helmet>.anyDamage()
[18:00:03.109][INFO]: Modifying Attributes of: <item:apocalypsenow:bombsquad_helmet>.anyDamage()
[18:00:03.109][INFO]: Set the value of Max Damage on <item:apocalypsenow:bombsquad_helmet> to: '607'
[18:00:03.109][INFO]: Modifying Attributes of: <item:apocalypsenow:bombsquad_helmet>.anyDamage()
[18:00:03.109][INFO]: Modifying Attributes of: <item:apocalypsenow:bombsquad_helmet>.anyDamage()
[18:00:03.109][INFO]: Modifying Attributes of: <item:apocalypsenow:bombsquad_chestplate>.anyDamage()
[18:00:03.109][INFO]: Modifying Attributes of: <item:apocalypsenow:bombsquad_chestplate>.anyDamage()
[18:00:03.109][INFO]: Set the value of Max Damage on <item:apocalypsenow:bombsquad_chestplate> to: '792'
[18:00:03.109][INFO]: Modifying Attributes of: <item:apocalypsenow:bombsquad_chestplate>.anyDamage()
[18:00:03.109][INFO]: Modifying Attributes of: <item:apocalypsenow:bombsquad_chestplate>.anyDamage()
[18:00:03.109][INFO]: Modifying Attributes of: <item:apocalypsenow:bombsquad_leggings>.anyDamage()
[18:00:03.109][INFO]: Modifying Attributes of: <item:apocalypsenow:bombsquad_leggings>.anyDamage()
[18:00:03.109][INFO]: Set the value of Max Damage on <item:apocalypsenow:bombsquad_leggings> to: '755'
[18:00:03.109][INFO]: Modifying Attributes of: <item:apocalypsenow:bombsquad_leggings>.anyDamage()
[18:00:03.110][INFO]: Modifying Attributes of: <item:apocalypsenow:bombsquad_leggings>.anyDamage()
[18:00:03.110][INFO]: Modifying Attributes of: <item:apocalypsenow:bombsquad_boots>.anyDamage()
[18:00:03.110][INFO]: Modifying Attributes of: <item:apocalypsenow:bombsquad_boots>.anyDamage()
[18:00:03.110][INFO]: Set the value of Max Damage on <item:apocalypsenow:bombsquad_boots> to: '681'
[18:00:03.110][INFO]: Modifying Attributes of: <item:apocalypsenow:bombsquad_boots>.anyDamage()
[18:00:03.110][INFO]: Modifying Attributes of: <item:apocalypsenow:bombsquad_boots>.anyDamage()
[18:00:03.110][INFO]: Modifying Attributes of: <item:apocalypsenow:soldier_helmet>.anyDamage()
[18:00:03.110][INFO]: Modifying Attributes of: <item:apocalypsenow:soldier_helmet>.anyDamage()
[18:00:03.110][INFO]: Set the value of Max Damage on <item:apocalypsenow:soldier_helmet> to: '607'
[18:00:03.110][INFO]: Modifying Attributes of: <item:apocalypsenow:soldier_helmet>.anyDamage()
[18:00:03.110][INFO]: Modifying Attributes of: <item:apocalypsenow:soldier_helmet>.anyDamage()
[18:00:03.110][INFO]: Modifying Attributes of: <item:apocalypsenow:soldier_chestplate>.anyDamage()
[18:00:03.110][INFO]: Modifying Attributes of: <item:apocalypsenow:soldier_chestplate>.anyDamage()
[18:00:03.110][INFO]: Set the value of Max Damage on <item:apocalypsenow:soldier_chestplate> to: '792'
[18:00:03.110][INFO]: Modifying Attributes of: <item:apocalypsenow:soldier_chestplate>.anyDamage()
[18:00:03.110][INFO]: Modifying Attributes of: <item:apocalypsenow:soldier_chestplate>.anyDamage()
[18:00:03.110][INFO]: Modifying Attributes of: <item:apocalypsenow:soldier_leggings>.anyDamage()
[18:00:03.110][INFO]: Modifying Attributes of: <item:apocalypsenow:soldier_leggings>.anyDamage()
[18:00:03.111][INFO]: Set the value of Max Damage on <item:apocalypsenow:soldier_leggings> to: '755'
[18:00:03.111][INFO]: Modifying Attributes of: <item:apocalypsenow:soldier_leggings>.anyDamage()
[18:00:03.111][INFO]: Modifying Attributes of: <item:apocalypsenow:soldier_leggings>.anyDamage()
[18:00:03.111][INFO]: Modifying Attributes of: <item:apocalypsenow:soldier_boots>.anyDamage()
[18:00:03.111][INFO]: Modifying Attributes of: <item:apocalypsenow:soldier_boots>.anyDamage()
[18:00:03.111][INFO]: Set the value of Max Damage on <item:apocalypsenow:soldier_boots> to: '681'
[18:00:03.111][INFO]: Modifying Attributes of: <item:apocalypsenow:soldier_boots>.anyDamage()
[18:00:03.111][INFO]: Modifying Attributes of: <item:apocalypsenow:soldier_boots>.anyDamage()
[18:00:03.111][INFO]: Modifying Attributes of: <item:apocalypsenow:pbf_hamstergasmask_helmet>.anyDamage()
[18:00:03.111][INFO]: Modifying Attributes of: <item:apocalypsenow:pbf_hamstergasmask_helmet>.anyDamage()
[18:00:03.111][INFO]: Set the value of Max Damage on <item:apocalypsenow:pbf_hamstergasmask_helmet> to: '600'
[18:00:03.111][INFO]: Modifying Attributes of: <item:apocalypsenow:pbf_hamstergasmask_helmet>.anyDamage()
[18:00:03.111][INFO]: Modifying Attributes of: <item:apocalypsenow:pbf_hamstergasmask_helmet>.anyDamage()
[18:00:03.111][INFO]: Modifying Attributes of: <item:apocalypsenow:pkm_4gasmask_helmet>.anyDamage()
[18:00:03.111][INFO]: Modifying Attributes of: <item:apocalypsenow:pkm_4gasmask_helmet>.anyDamage()
[18:00:03.111][INFO]: Set the value of Max Damage on <item:apocalypsenow:pkm_4gasmask_helmet> to: '500'
[18:00:03.111][INFO]: Modifying Attributes of: <item:apocalypsenow:pkm_4gasmask_helmet>.anyDamage()
[18:00:03.111][INFO]: Modifying Attributes of: <item:apocalypsenow:pkm_4gasmask_helmet>.anyDamage()
[18:00:03.116][INFO]: Removing 'crafting' recipes with output: 'com.blamejared.crafttweaker.api.item.MCItemStack@81555815'
[18:00:03.130][INFO]: Removing 'crafting' recipes with output: 'com.blamejared.crafttweaker.api.item.MCItemStack@85bf8e9f'
[18:00:03.137][INFO]: Removing 'crafting' recipes with output: 'com.blamejared.crafttweaker.api.item.MCItemStack@934e8a99'
[18:00:03.145][INFO]: Removing 'crafting' recipes with output: 'com.blamejared.crafttweaker.api.item.MCItemStack@17e53a5c'
[18:00:03.154][INFO]: Removing 'crafting' recipes with output: 'com.blamejared.crafttweaker.api.item.MCItemStack@9db0ee4'
[18:00:03.162][INFO]: Removing 'crafting' recipes with output: 'com.blamejared.crafttweaker.api.item.MCItemStack@f0420bbb'
[18:00:03.168][INFO]: Removing 'crafting' recipes with output: 'com.blamejared.crafttweaker.api.item.MCItemStack@71f0a67a'
[18:00:03.171][INFO]: Removing 'crafting' recipes with output: 'com.blamejared.crafttweaker.api.item.MCItemStack@552a919b'
[18:00:03.173][INFO]: Removing 'crafting' recipes with output: 'com.blamejared.crafttweaker.api.item.MCItemStack@6bb9e72'
[18:00:03.174][INFO]: Removing 'crafting' recipes with output: 'com.blamejared.crafttweaker.api.item.MCItemStack@67479fbd'
[18:00:03.176][INFO]: Removing 'crafting' recipes with output: 'com.blamejared.crafttweaker.api.item.MCItemStack@8a6c65d9'
[18:00:03.177][INFO]: Removing 'crafting' recipes with output: 'com.blamejared.crafttweaker.api.item.MCItemStack@a8f2a2b5'
[18:00:03.179][INFO]: Removing 'crafting' recipes with output: 'com.blamejared.crafttweaker.api.item.MCItemStack@9e203930'
[18:00:03.180][INFO]: Removing 'crafting' recipes with output: 'com.blamejared.crafttweaker.api.item.MCItemStack@5e4b917a'
[18:00:03.181][INFO]: Removing 'crafting' recipes with output: 'com.blamejared.crafttweaker.api.item.MCItemStack@ad530b9a'
[18:00:03.186][INFO]: Adding 'create:mechanical_crafting' recipe, with name: 'crafttweaker:copper_diving_helmet' that outputs: '<item:create:copper_diving_helmet>'
[18:00:03.187][INFO]: Removing 'smithing' recipes with output: 'com.blamejared.crafttweaker.api.item.MCItemStack@30d5510a'
[18:00:03.187][INFO]: Adding 'create:mechanical_crafting' recipe, with name: 'crafttweaker:netherite_diving_helmet' that outputs: '<item:create:netherite_diving_helmet>'
[18:00:03.187][INFO]: Removing 'smithing' recipes with output: 'com.blamejared.crafttweaker.api.item.MCItemStack@bbbbb87d'
[18:00:03.188][INFO]: Adding 'minecraft:crafting' recipe, of type: "mirroring shaped", with name: 'crafttweaker:netherite_diving_boots' that outputs: '<item:create:netherite_diving_boots>'
[18:00:03.188][INFO]: Removing 'crafting' recipes with output: 'com.blamejared.crafttweaker.api.item.MCItemStack@6adf9e87'
[18:00:03.192][INFO]: Removing 'crafting' recipes with output: 'com.blamejared.crafttweaker.api.item.MCItemStack@a00972cf'
[18:00:03.196][INFO]: Removing 'crafting' recipes with output: 'com.blamejared.crafttweaker.api.item.MCItemStack@364bc09d'
[18:00:03.200][INFO]: Removing 'crafting' recipes with output: 'com.blamejared.crafttweaker.api.item.MCItemStack@799bb163'
[18:00:03.202][INFO]: Adding 'minecraft:crafting' recipe, of type: "mirroring shaped", with name: 'crafttweaker:t1_leather_helmet' that outputs: '<item:minecraft:leather_helmet>'
[18:00:03.203][INFO]: Adding 'minecraft:crafting' recipe, of type: "shaped", with name: 'crafttweaker:t1_leather_chestplate' that outputs: '<item:minecraft:leather_chestplate>'
[18:00:03.203][INFO]: Adding 'minecraft:crafting' recipe, of type: "shaped", with name: 'crafttweaker:t1_leather_leggings' that outputs: '<item:minecraft:leather_leggings>'
[18:00:03.204][INFO]: Adding 'minecraft:crafting' recipe, of type: "mirroring shaped", with name: 'crafttweaker:t1_leather_boots' that outputs: '<item:minecraft:leather_boots>'
[18:00:03.204][INFO]: Removing 'crafting' recipes with output: 'com.blamejared.crafttweaker.api.item.MCItemStack@4dfe5988'
[18:00:03.205][INFO]: Removing 'crafting' recipes with output: 'com.blamejared.crafttweaker.api.item.MCItemStack@5bf5b1e9'
[18:00:03.206][INFO]: Removing 'crafting' recipes with output: 'com.blamejared.crafttweaker.api.item.MCItemStack@20757bbc'
[18:00:03.207][INFO]: Removing 'crafting' recipes with output: 'com.blamejared.crafttweaker.api.item.MCItemStack@f9bf2f5e'
[18:00:03.208][INFO]: Adding 'minecraft:crafting' recipe, of type: "mirroring shaped", with name: 'crafttweaker:t1_police_helmet' that outputs: '<item:apocalypsenow:police_helmet>'
[18:00:03.209][INFO]: Adding 'minecraft:crafting' recipe, of type: "shaped", with name: 'crafttweaker:t1_police_chestplate' that outputs: '<item:apocalypsenow:police_chestplate>'
[18:00:03.209][INFO]: Adding 'minecraft:crafting' recipe, of type: "shaped", with name: 'crafttweaker:t1_police_leggings' that outputs: '<item:apocalypsenow:police_leggings>'
[18:00:03.210][INFO]: Adding 'minecraft:crafting' recipe, of type: "mirroring shaped", with name: 'crafttweaker:t1_police_boots' that outputs: '<item:apocalypsenow:police_boots>'
[18:00:03.210][INFO]: Removing 'crafting' recipes with output: 'com.blamejared.crafttweaker.api.item.MCItemStack@c24e19d1'
[18:00:03.211][INFO]: Removing 'crafting' recipes with output: 'com.blamejared.crafttweaker.api.item.MCItemStack@e64d260c'
[18:00:03.212][INFO]: Removing 'crafting' recipes with output: 'com.blamejared.crafttweaker.api.item.MCItemStack@ae731cf4'
[18:00:03.213][INFO]: Removing 'crafting' recipes with output: 'com.blamejared.crafttweaker.api.item.MCItemStack@5b1f2088'
[18:00:03.215][INFO]: Adding 'minecraft:crafting' recipe, of type: "mirroring shaped", with name: 'crafttweaker:t1_fire_figther_helmet' that outputs: '<item:apocalypsenow:fire_figther_helmet>'
[18:00:03.216][INFO]: Adding 'minecraft:crafting' recipe, of type: "shaped", with name: 'crafttweaker:t1_fire_figther_chestplate' that outputs: '<item:apocalypsenow:fire_figther_chestplate>'
[18:00:03.216][INFO]: Adding 'minecraft:crafting' recipe, of type: "shaped", with name: 'crafttweaker:t1_fire_figther_leggings' that outputs: '<item:apocalypsenow:fire_figther_leggings>'
[18:00:03.217][INFO]: Adding 'minecraft:crafting' recipe, of type: "mirroring shaped", with name: 'crafttweaker:t1_fire_figther_boots' that outputs: '<item:apocalypsenow:fire_figther_boots>'
[18:00:03.217][INFO]: Removing 'crafting' recipes with output: 'com.blamejared.crafttweaker.api.item.MCItemStack@eec0538a'
[18:00:03.218][INFO]: Removing 'crafting' recipes with output: 'com.blamejared.crafttweaker.api.item.MCItemStack@ac22aba0'
[18:00:03.220][INFO]: Removing 'crafting' recipes with output: 'com.blamejared.crafttweaker.api.item.MCItemStack@95ca24f0'
[18:00:03.222][INFO]: Removing 'crafting' recipes with output: 'com.blamejared.crafttweaker.api.item.MCItemStack@e0a3b62b'
[18:00:03.223][INFO]: Adding 'minecraft:crafting' recipe, of type: "mirroring shaped", with name: 'crafttweaker:t1_nurse_helmet' that outputs: '<item:apocalypsenow:nurse_helmet>'
[18:00:03.223][INFO]: Adding 'minecraft:crafting' recipe, of type: "shaped", with name: 'crafttweaker:t1_nurse_chestplate' that outputs: '<item:apocalypsenow:nurse_chestplate>'
[18:00:03.224][INFO]: Adding 'minecraft:crafting' recipe, of type: "shaped", with name: 'crafttweaker:t1_nurse_leggings' that outputs: '<item:apocalypsenow:nurse_leggings>'
[18:00:03.224][INFO]: Adding 'minecraft:crafting' recipe, of type: "mirroring shaped", with name: 'crafttweaker:t1_nurse_boots' that outputs: '<item:apocalypsenow:nurse_boots>'
[18:00:03.224][INFO]: Removing 'crafting' recipes with output: 'com.blamejared.crafttweaker.api.item.MCItemStack@b0d69845'
[18:00:03.226][INFO]: Removing 'crafting' recipes with output: 'com.blamejared.crafttweaker.api.item.MCItemStack@a622e484'
[18:00:03.227][INFO]: Removing 'crafting' recipes with output: 'com.blamejared.crafttweaker.api.item.MCItemStack@e00c8cfb'
[18:00:03.229][INFO]: Removing 'crafting' recipes with output: 'com.blamejared.crafttweaker.api.item.MCItemStack@6cefa2e4'
[18:00:03.231][INFO]: Adding 'minecraft:crafting' recipe, of type: "mirroring shaped", with name: 'crafttweaker:t1_desertghillie_helmet' that outputs: '<item:apocalypsenow:desertghillie_helmet>'
[18:00:03.231][INFO]: Adding 'minecraft:crafting' recipe, of type: "shaped", with name: 'crafttweaker:t1_desertghillie_chestplate' that outputs: '<item:apocalypsenow:desertghillie_chestplate>'
[18:00:03.231][INFO]: Adding 'minecraft:crafting' recipe, of type: "shaped", with name: 'crafttweaker:t1_desertghillie_leggings' that outputs: '<item:apocalypsenow:desertghillie_leggings>'
[18:00:03.232][INFO]: Adding 'minecraft:crafting' recipe, of type: "mirroring shaped", with name: 'crafttweaker:t1_desertghillie_boots' that outputs: '<item:apocalypsenow:desertghillie_boots>'
[18:00:03.233][INFO]: Registering new items tag with name <tag:items:forge:ghilliesuits>
[18:00:03.235][INFO]: Adding: [apocalypsenow:desertghillie_chestplate] to tag: <tag:items:forge:ghilliesuits>
[18:00:03.236][INFO]: Removing 'crafting' recipes with output: 'com.blamejared.crafttweaker.api.item.MCItemStack@7a4dddbb'
[18:00:03.238][INFO]: Removing 'crafting' recipes with output: 'com.blamejared.crafttweaker.api.item.MCItemStack@5aa81ea8'
[18:00:03.240][INFO]: Removing 'crafting' recipes with output: 'com.blamejared.crafttweaker.api.item.MCItemStack@6e56ea69'
[18:00:03.241][INFO]: Removing 'crafting' recipes with output: 'com.blamejared.crafttweaker.api.item.MCItemStack@f31b5950'
[18:00:03.243][INFO]: Adding 'minecraft:crafting' recipe, of type: "mirroring shaped", with name: 'crafttweaker:t1_snowghillie_helmet' that outputs: '<item:apocalypsenow:snowghillie_helmet>'
[18:00:03.243][INFO]: Adding 'minecraft:crafting' recipe, of type: "shaped", with name: 'crafttweaker:t1_snowghillie_chestplate' that outputs: '<item:apocalypsenow:snowghillie_chestplate>'
[18:00:03.243][INFO]: Adding 'minecraft:crafting' recipe, of type: "shaped", with name: 'crafttweaker:t1_snowghillie_leggings' that outputs: '<item:apocalypsenow:snowghillie_leggings>'
[18:00:03.244][INFO]: Adding 'minecraft:crafting' recipe, of type: "mirroring shaped", with name: 'crafttweaker:t1_snowghillie_boots' that outputs: '<item:apocalypsenow:snowghillie_boots>'
[18:00:03.244][INFO]: Adding: [apocalypsenow:snowghillie_chestplate] to tag: <tag:items:forge:ghilliesuits>
[18:00:03.244][INFO]: Removing 'crafting' recipes with output: 'com.blamejared.crafttweaker.api.item.MCItemStack@89931787'
[18:00:03.246][INFO]: Removing 'crafting' recipes with output: 'com.blamejared.crafttweaker.api.item.MCItemStack@7aa8139b'
[18:00:03.247][INFO]: Removing 'crafting' recipes with output: 'com.blamejared.crafttweaker.api.item.MCItemStack@6917a126'
[18:00:03.249][INFO]: Removing 'crafting' recipes with output: 'com.blamejared.crafttweaker.api.item.MCItemStack@a564fab'
[18:00:03.251][INFO]: Adding 'minecraft:crafting' recipe, of type: "mirroring shaped", with name: 'crafttweaker:t1_ghilliesuit_helmet' that outputs: '<item:apocalypsenow:ghilliesuit_helmet>'
[18:00:03.251][INFO]: Adding 'minecraft:crafting' recipe, of type: "shaped", with name: 'crafttweaker:t1_ghilliesuit_chestplate' that outputs: '<item:apocalypsenow:ghilliesuit_chestplate>'
[18:00:03.252][INFO]: Adding 'minecraft:crafting' recipe, of type: "shaped", with name: 'crafttweaker:t1_ghilliesuit_leggings' that outputs: '<item:apocalypsenow:ghilliesuit_leggings>'
[18:00:03.252][INFO]: Adding 'minecraft:crafting' recipe, of type: "mirroring shaped", with name: 'crafttweaker:t1_ghilliesuit_boots' that outputs: '<item:apocalypsenow:ghilliesuit_boots>'
[18:00:03.252][INFO]: Adding: [apocalypsenow:ghilliesuit_chestplate] to tag: <tag:items:forge:ghilliesuits>
[18:00:03.253][INFO]: Removing 'crafting' recipes with output: 'com.blamejared.crafttweaker.api.item.MCItemStack@d2096374'
[18:00:03.254][INFO]: Removing 'crafting' recipes with output: 'com.blamejared.crafttweaker.api.item.MCItemStack@b7130191'
[18:00:03.255][INFO]: Removing 'crafting' recipes with output: 'com.blamejared.crafttweaker.api.item.MCItemStack@b90f186c'
[18:00:03.258][INFO]: Removing 'crafting' recipes with output: 'com.blamejared.crafttweaker.api.item.MCItemStack@a9a90dff'
[18:00:03.261][INFO]: Adding 'minecraft:crafting' recipe, of type: "mirroring shaped", with name: 'crafttweaker:t1_anarchy_helmet' that outputs: '<item:apocalypsenow:anarchy_helmet>'
[18:00:03.261][INFO]: Adding 'minecraft:crafting' recipe, of type: "shaped", with name: 'crafttweaker:t1_anarchy_chestplate' that outputs: '<item:apocalypsenow:anarchy_chestplate>'
[18:00:03.261][INFO]: Adding 'minecraft:crafting' recipe, of type: "shaped", with name: 'crafttweaker:t1_anarchy_leggings' that outputs: '<item:apocalypsenow:anarchy_leggings>'
[18:00:03.262][INFO]: Adding 'minecraft:crafting' recipe, of type: "mirroring shaped", with name: 'crafttweaker:t1_anarchy_boots' that outputs: '<item:apocalypsenow:anarchy_boots>'
[18:00:03.262][INFO]: Removing 'crafting' recipes with output: 'com.blamejared.crafttweaker.api.item.MCItemStack@a18efccb'
[18:00:03.263][INFO]: Removing 'crafting' recipes with output: 'com.blamejared.crafttweaker.api.item.MCItemStack@b46d6033'
[18:00:03.265][INFO]: Removing 'crafting' recipes with output: 'com.blamejared.crafttweaker.api.item.MCItemStack@7f53aec'
[18:00:03.266][INFO]: Removing 'crafting' recipes with output: 'com.blamejared.crafttweaker.api.item.MCItemStack@37f56cd7'
[18:00:03.268][INFO]: Adding 'minecraft:crafting' recipe, of type: "mirroring shaped", with name: 'crafttweaker:t1_forestguard_helmet' that outputs: '<item:apocalypsenow:forestguard_helmet>'
[18:00:03.269][INFO]: Adding 'minecraft:crafting' recipe, of type: "shaped", with name: 'crafttweaker:t1_forestguard_chestplate' that outputs: '<item:apocalypsenow:forestguard_chestplate>'
[18:00:03.269][INFO]: Adding 'minecraft:crafting' recipe, of type: "shaped", with name: 'crafttweaker:t1_forestguard_leggings' that outputs: '<item:apocalypsenow:forestguard_leggings>'
[18:00:03.269][INFO]: Adding 'minecraft:crafting' recipe, of type: "mirroring shaped", with name: 'crafttweaker:t1_forestguard_boots' that outputs: '<item:apocalypsenow:forestguard_boots>'
[18:00:03.270][INFO]: Removing 'crafting' recipes with output: 'com.blamejared.crafttweaker.api.item.MCItemStack@ab29aa6e'
[18:00:03.271][INFO]: Removing 'crafting' recipes with output: 'com.blamejared.crafttweaker.api.item.MCItemStack@85f3d4d8'
[18:00:03.273][INFO]: Adding 'minecraft:crafting' recipe, of type: "mirroring shaped", with name: 'crafttweaker:t1_hunting_helmet' that outputs: '<item:apocalypsenow:hunting_helmet>'
[18:00:03.274][INFO]: Adding 'minecraft:crafting' recipe, of type: "shaped", with name: 'crafttweaker:t1_hunting_chestplate' that outputs: '<item:apocalypsenow:hunting_chestplate>'
[18:00:03.274][INFO]: Removing 'crafting' recipes with output: 'com.blamejared.crafttweaker.api.item.MCItemStack@16b3394d'
[18:00:03.276][INFO]: Adding 'minecraft:crafting' recipe, of type: "shaped", with name: 'crafttweaker:t1_life_jacket_bullet_helmet_chestplate' that outputs: '<item:apocalypsenow:life_jacket_bullet_helmet_chestplate>'
[18:00:03.276][INFO]: Removing 'crafting' recipes with output: 'com.blamejared.crafttweaker.api.item.MCItemStack@e11dc4fc'
[18:00:03.281][INFO]: Adding 'minecraft:crafting' recipe, of type: "shaped", with name: 'crafttweaker:t1_high_visibility_jacket_chestplate' that outputs: '<item:apocalypsenow:high_visibility_jacket_chestplate>'
[18:00:03.281][INFO]: Removing 'crafting' recipes with output: 'com.blamejared.crafttweaker.api.item.MCItemStack@b39d1795'
[18:00:03.284][INFO]: Adding 'minecraft:crafting' recipe, of type: "mirroring shaped", with name: 'crafttweaker:t1_jasonmask_helmet' that outputs: '<item:apocalypsenow:jasonmask_helmet>'
[18:00:03.284][INFO]: Removing 'crafting' recipes with output: 'com.blamejared.crafttweaker.api.item.MCItemStack@1be87bd8'
[18:00:03.286][INFO]: Adding 'minecraft:crafting' recipe, of type: "mirroring shaped", with name: 'crafttweaker:t1_balaclava_helmet' that outputs: '<item:apocalypsenow:balaclava_helmet>'
[18:00:03.286][INFO]: Removing 'crafting' recipes with output: 'com.blamejared.crafttweaker.api.item.MCItemStack@32990a1b'
[18:00:03.289][INFO]: Adding 'minecraft:crafting' recipe, of type: "mirroring shaped", with name: 'crafttweaker:t1_welding_mask_helmet' that outputs: '<item:apocalypsenow:welding_mask_helmet>'
[18:00:03.289][INFO]: Removing 'crafting' recipes with output: 'com.blamejared.crafttweaker.api.item.MCItemStack@cba94109'
[18:00:03.291][INFO]: Removing 'crafting' recipes with output: 'com.blamejared.crafttweaker.api.item.MCItemStack@fa0eeaf'
[18:00:03.293][INFO]: Removing 'crafting' recipes with output: 'com.blamejared.crafttweaker.api.item.MCItemStack@de6c2861'
[18:00:03.294][INFO]: Removing 'crafting' recipes with output: 'com.blamejared.crafttweaker.api.item.MCItemStack@42513e29'
[18:00:03.296][INFO]: Adding 'minecraft:crafting' recipe, of type: "mirroring shaped", with name: 'crafttweaker:t2_hoglin_helmet' that outputs: '<item:cold_sweat:hoglin_headpiece>'
[18:00:03.297][INFO]: Adding 'minecraft:crafting' recipe, of type: "shaped", with name: 'crafttweaker:t2_hoglin_chestplate' that outputs: '<item:cold_sweat:hoglin_tunic>'
[18:00:03.297][INFO]: Adding 'minecraft:crafting' recipe, of type: "shaped", with name: 'crafttweaker:t2_hoglin_leggings' that outputs: '<item:cold_sweat:hoglin_trousers>'
[18:00:03.298][INFO]: Adding 'minecraft:crafting' recipe, of type: "mirroring shaped", with name: 'crafttweaker:t2_hoglin_boots' that outputs: '<item:cold_sweat:hoglin_hooves>'
[18:00:03.298][INFO]: Removing 'crafting' recipes with output: 'com.blamejared.crafttweaker.api.item.MCItemStack@ca6eb315'
[18:00:03.300][INFO]: Removing 'crafting' recipes with output: 'com.blamejared.crafttweaker.api.item.MCItemStack@db342949'
[18:00:03.301][INFO]: Removing 'crafting' recipes with output: 'com.blamejared.crafttweaker.api.item.MCItemStack@f9ed75a6'
[18:00:03.303][INFO]: Removing 'crafting' recipes with output: 'com.blamejared.crafttweaker.api.item.MCItemStack@88573c40'
[18:00:03.305][INFO]: Adding 'minecraft:crafting' recipe, of type: "mirroring shaped", with name: 'crafttweaker:t2_fur_helmet' that outputs: '<item:cold_sweat:fur_cap>'
[18:00:03.306][INFO]: Adding 'minecraft:crafting' recipe, of type: "shaped", with name: 'crafttweaker:t2_fur_chestplate' that outputs: '<item:cold_sweat:fur_parka>'
[18:00:03.306][INFO]: Adding 'minecraft:crafting' recipe, of type: "shaped", with name: 'crafttweaker:t2_fur_leggings' that outputs: '<item:cold_sweat:fur_pants>'
[18:00:03.307][INFO]: Adding 'minecraft:crafting' recipe, of type: "mirroring shaped", with name: 'crafttweaker:t2_fur_boots' that outputs: '<item:cold_sweat:fur_boots>'
[18:00:03.307][INFO]: Adding 'minecraft:crafting' recipe, of type: "mirroring shaped", with name: 'crafttweaker:t2_chain_helmet' that outputs: '<item:minecraft:chainmail_helmet>'
[18:00:03.308][INFO]: Adding 'minecraft:crafting' recipe, of type: "shaped", with name: 'crafttweaker:t2_chain_chestplate' that outputs: '<item:minecraft:chainmail_chestplate>'
[18:00:03.308][INFO]: Adding 'minecraft:crafting' recipe, of type: "shaped", with name: 'crafttweaker:t2_chain_leggings' that outputs: '<item:minecraft:chainmail_leggings>'
[18:00:03.309][INFO]: Adding 'minecraft:crafting' recipe, of type: "mirroring shaped", with name: 'crafttweaker:t2_chain_boots' that outputs: '<item:minecraft:chainmail_boots>'
[18:00:03.309][INFO]: Removing 'crafting' recipes with output: 'com.blamejared.crafttweaker.api.item.MCItemStack@c46f88df'
[18:00:03.310][INFO]: Removing 'crafting' recipes with output: 'com.blamejared.crafttweaker.api.item.MCItemStack@6a0502ea'
[18:00:03.312][INFO]: Removing 'crafting' recipes with output: 'com.blamejared.crafttweaker.api.item.MCItemStack@c97c75a4'
[18:00:03.313][INFO]: Removing 'crafting' recipes with output: 'com.blamejared.crafttweaker.api.item.MCItemStack@e50fe0d1'
[18:00:03.315][INFO]: Adding 'minecraft:crafting' recipe, of type: "mirroring shaped", with name: 'crafttweaker:t2_iron_helmet' that outputs: '<item:minecraft:iron_helmet>'
[18:00:03.316][INFO]: Adding 'minecraft:crafting' recipe, of type: "shaped", with name: 'crafttweaker:t2_iron_chestplate' that outputs: '<item:minecraft:iron_chestplate>'
[18:00:03.316][INFO]: Adding 'minecraft:crafting' recipe, of type: "shaped", with name: 'crafttweaker:t2_iron_leggings' that outputs: '<item:minecraft:iron_leggings>'
[18:00:03.317][INFO]: Adding 'minecraft:crafting' recipe, of type: "mirroring shaped", with name: 'crafttweaker:t2_iron_boots' that outputs: '<item:minecraft:iron_boots>'
[18:00:03.317][INFO]: Registering new items tag with name <tag:items:forge:vanilla_chestplate>
[18:00:03.317][INFO]: Adding: [minecraft:iron_chestplate] to tag: <tag:items:forge:vanilla_chestplate>
[18:00:03.317][INFO]: Removing 'crafting' recipes with output: 'com.blamejared.crafttweaker.api.item.MCItemStack@e897e410'
[18:00:03.319][INFO]: Removing 'crafting' recipes with output: 'com.blamejared.crafttweaker.api.item.MCItemStack@794293d7'
[18:00:03.321][INFO]: Removing 'crafting' recipes with output: 'com.blamejared.crafttweaker.api.item.MCItemStack@9714b7a8'
[18:00:03.323][INFO]: Removing 'crafting' recipes with output: 'com.blamejared.crafttweaker.api.item.MCItemStack@99df25e4'
[18:00:03.326][INFO]: Adding 'minecraft:crafting' recipe, of type: "mirroring shaped", with name: 'crafttweaker:t2_copper_helmet' that outputs: '<item:create_sa:copper_helmet>'
[18:00:03.326][INFO]: Adding 'minecraft:crafting' recipe, of type: "shaped", with name: 'crafttweaker:t2_copper_chestplate' that outputs: '<item:create_sa:copper_chestplate>'
[18:00:03.327][INFO]: Adding 'minecraft:crafting' recipe, of type: "shaped", with name: 'crafttweaker:t2_copper_leggings' that outputs: '<item:create_sa:copper_leggings>'
[18:00:03.327][INFO]: Adding 'minecraft:crafting' recipe, of type: "mirroring shaped", with name: 'crafttweaker:t2_copper_boots' that outputs: '<item:create_sa:copper_boots>'
[18:00:03.327][INFO]: Adding: [create_sa:copper_chestplate] to tag: <tag:items:forge:vanilla_chestplate>
[18:00:03.328][INFO]: Removing 'crafting' recipes with output: 'com.blamejared.crafttweaker.api.item.MCItemStack@f6642977'
[18:00:03.330][INFO]: Removing 'crafting' recipes with output: 'com.blamejared.crafttweaker.api.item.MCItemStack@94387fad'
[18:00:03.332][INFO]: Removing 'crafting' recipes with output: 'com.blamejared.crafttweaker.api.item.MCItemStack@9e525c8c'
[18:00:03.333][INFO]: Removing 'crafting' recipes with output: 'com.blamejared.crafttweaker.api.item.MCItemStack@3d02ed1d'
[18:00:03.334][INFO]: Adding 'minecraft:crafting' recipe, of type: "mirroring shaped", with name: 'crafttweaker:t2_zinc_helmet' that outputs: '<item:create_sa:zinc_helmet>'
[18:00:03.335][INFO]: Adding 'minecraft:crafting' recipe, of type: "shaped", with name: 'crafttweaker:t2_zinc_chestplate' that outputs: '<item:create_sa:zinc_chestplate>'
[18:00:03.336][INFO]: Adding 'minecraft:crafting' recipe, of type: "shaped", with name: 'crafttweaker:t2_zinc_leggings' that outputs: '<item:create_sa:zinc_leggings>'
[18:00:03.337][INFO]: Adding 'minecraft:crafting' recipe, of type: "mirroring shaped", with name: 'crafttweaker:t2_zinc_boots' that outputs: '<item:create_sa:zinc_boots>'
[18:00:03.337][INFO]: Adding: [create_sa:zinc_chestplate] to tag: <tag:items:forge:vanilla_chestplate>
[18:00:03.337][INFO]: Removing 'crafting' recipes with output: 'com.blamejared.crafttweaker.api.item.MCItemStack@fbfe4468'
[18:00:03.339][INFO]: Removing 'crafting' recipes with output: 'com.blamejared.crafttweaker.api.item.MCItemStack@8b62c014'
[18:00:03.341][INFO]: Removing 'crafting' recipes with output: 'com.blamejared.crafttweaker.api.item.MCItemStack@3666ae9f'
[18:00:03.343][INFO]: Removing 'crafting' recipes with output: 'com.blamejared.crafttweaker.api.item.MCItemStack@423fe560'
[18:00:03.344][INFO]: Adding 'minecraft:crafting' recipe, of type: "mirroring shaped", with name: 'crafttweaker:t2_construction_helmet' that outputs: '<item:apocalypsenow:construction_helmet>'
[18:00:03.344][INFO]: Adding 'minecraft:crafting' recipe, of type: "shaped", with name: 'crafttweaker:t2_construction_chestplate' that outputs: '<item:apocalypsenow:construction_chestplate>'
[18:00:03.345][INFO]: Adding 'minecraft:crafting' recipe, of type: "shaped", with name: 'crafttweaker:t2_construction_leggings' that outputs: '<item:apocalypsenow:construction_leggings>'
[18:00:03.345][INFO]: Adding 'minecraft:crafting' recipe, of type: "mirroring shaped", with name: 'crafttweaker:t2_construction_boots' that outputs: '<item:apocalypsenow:construction_boots>'
[18:00:03.345][INFO]: Removing 'crafting' recipes with output: 'com.blamejared.crafttweaker.api.item.MCItemStack@34aa580b'
[18:00:03.346][INFO]: Removing 'crafting' recipes with output: 'com.blamejared.crafttweaker.api.item.MCItemStack@d75c7832'
[18:00:03.347][INFO]: Removing 'crafting' recipes with output: 'com.blamejared.crafttweaker.api.item.MCItemStack@58845cce'
[18:00:03.348][INFO]: Removing 'crafting' recipes with output: 'com.blamejared.crafttweaker.api.item.MCItemStack@b642e486'
[18:00:03.350][INFO]: Adding 'minecraft:crafting' recipe, of type: "mirroring shaped", with name: 'crafttweaker:t2_yellow_football_armor_helmet' that outputs: '<item:apocalypsenow:yellow_football_armor_helmet>'
[18:00:03.350][INFO]: Adding 'minecraft:crafting' recipe, of type: "shaped", with name: 'crafttweaker:t2_yellow_football_armor_chestplate' that outputs: '<item:apocalypsenow:yellow_football_armor_chestplate>'
[18:00:03.350][INFO]: Adding 'minecraft:crafting' recipe, of type: "shaped", with name: 'crafttweaker:t2_yellow_football_armor_leggings' that outputs: '<item:apocalypsenow:yellow_football_armor_leggings>'
[18:00:03.350][INFO]: Adding 'minecraft:crafting' recipe, of type: "mirroring shaped", with name: 'crafttweaker:t2_yellow_football_armor_boots' that outputs: '<item:apocalypsenow:yellow_football_armor_boots>'
[18:00:03.351][INFO]: Registering new items tag with name <tag:items:forge:football_chestplate>
[18:00:03.351][INFO]: Adding: [apocalypsenow:yellow_football_armor_chestplate] to tag: <tag:items:forge:football_chestplate>
[18:00:03.351][INFO]: Removing 'crafting' recipes with output: 'com.blamejared.crafttweaker.api.item.MCItemStack@bdd37e3f'
[18:00:03.352][INFO]: Removing 'crafting' recipes with output: 'com.blamejared.crafttweaker.api.item.MCItemStack@a5364a6f'
[18:00:03.353][INFO]: Removing 'crafting' recipes with output: 'com.blamejared.crafttweaker.api.item.MCItemStack@df69b864'
[18:00:03.355][INFO]: Removing 'crafting' recipes with output: 'com.blamejared.crafttweaker.api.item.MCItemStack@f43bde6f'
[18:00:03.357][INFO]: Adding 'minecraft:crafting' recipe, of type: "mirroring shaped", with name: 'crafttweaker:t2_red_football_armor_helmet' that outputs: '<item:apocalypsenow:red_football_armor_helmet>'
[18:00:03.358][INFO]: Adding 'minecraft:crafting' recipe, of type: "shaped", with name: 'crafttweaker:t2_red_football_armor_chestplate' that outputs: '<item:apocalypsenow:red_football_armor_chestplate>'
[18:00:03.358][INFO]: Adding 'minecraft:crafting' recipe, of type: "shaped", with name: 'crafttweaker:t2_red_football_armor_leggings' that outputs: '<item:apocalypsenow:red_football_armor_leggings>'
[18:00:03.359][INFO]: Adding 'minecraft:crafting' recipe, of type: "mirroring shaped", with name: 'crafttweaker:t2_red_football_armor_boots' that outputs: '<item:apocalypsenow:red_football_armor_boots>'
[18:00:03.359][INFO]: Adding: [apocalypsenow:red_football_armor_chestplate] to tag: <tag:items:forge:football_chestplate>
[18:00:03.359][INFO]: Removing 'crafting' recipes with output: 'com.blamejared.crafttweaker.api.item.MCItemStack@b0dcce46'
[18:00:03.361][INFO]: Removing 'crafting' recipes with output: 'com.blamejared.crafttweaker.api.item.MCItemStack@5c51f04c'
[18:00:03.363][INFO]: Removing 'crafting' recipes with output: 'com.blamejared.crafttweaker.api.item.MCItemStack@40c62bd'
[18:00:03.364][INFO]: Removing 'crafting' recipes with output: 'com.blamejared.crafttweaker.api.item.MCItemStack@74e8190a'
[18:00:03.365][INFO]: Adding 'minecraft:crafting' recipe, of type: "mirroring shaped", with name: 'crafttweaker:t2_blue_football_armor_helmet' that outputs: '<item:apocalypsenow:blue_football_armor_helmet>'
[18:00:03.365][INFO]: Adding 'minecraft:crafting' recipe, of type: "shaped", with name: 'crafttweaker:t2_blue_football_armor_chestplate' that outputs: '<item:apocalypsenow:blue_football_armor_chestplate>'
[18:00:03.366][INFO]: Adding 'minecraft:crafting' recipe, of type: "shaped", with name: 'crafttweaker:t2_blue_football_armor_leggings' that outputs: '<item:apocalypsenow:blue_football_armor_leggings>'
[18:00:03.366][INFO]: Adding 'minecraft:crafting' recipe, of type: "mirroring shaped", with name: 'crafttweaker:t2_blue_football_armor_boots' that outputs: '<item:apocalypsenow:blue_football_armor_boots>'
[18:00:03.366][INFO]: Adding: [apocalypsenow:blue_football_armor_chestplate] to tag: <tag:items:forge:football_chestplate>
[18:00:03.366][INFO]: Removing 'crafting' recipes with output: 'com.blamejared.crafttweaker.api.item.MCItemStack@26bcf1ca'
[18:00:03.368][INFO]: Removing 'crafting' recipes with output: 'com.blamejared.crafttweaker.api.item.MCItemStack@c09235cb'
[18:00:03.370][INFO]: Removing 'crafting' recipes with output: 'com.blamejared.crafttweaker.api.item.MCItemStack@4028083f'
[18:00:03.371][INFO]: Removing 'crafting' recipes with output: 'com.blamejared.crafttweaker.api.item.MCItemStack@7106d6cb'
[18:00:03.373][INFO]: Adding 'minecraft:crafting' recipe, of type: "mirroring shaped", with name: 'crafttweaker:t2_black_football_armor_helmet' that outputs: '<item:apocalypsenow:black_football_armor_helmet>'
[18:00:03.374][INFO]: Adding 'minecraft:crafting' recipe, of type: "shaped", with name: 'crafttweaker:t2_black_football_armor_chestplate' that outputs: '<item:apocalypsenow:black_football_armor_chestplate>'
[18:00:03.374][INFO]: Adding 'minecraft:crafting' recipe, of type: "shaped", with name: 'crafttweaker:t2_black_football_armor_leggings' that outputs: '<item:apocalypsenow:black_football_armor_leggings>'
[18:00:03.374][INFO]: Adding 'minecraft:crafting' recipe, of type: "mirroring shaped", with name: 'crafttweaker:t2_black_football_armor_boots' that outputs: '<item:apocalypsenow:black_football_armor_boots>'
[18:00:03.374][INFO]: Adding: [apocalypsenow:black_football_armor_chestplate] to tag: <tag:items:forge:football_chestplate>
[18:00:03.374][INFO]: Removing 'crafting' recipes with output: 'com.blamejared.crafttweaker.api.item.MCItemStack@8ae4cd62'
[18:00:03.376][INFO]: Removing 'crafting' recipes with output: 'com.blamejared.crafttweaker.api.item.MCItemStack@d278571f'
[18:00:03.377][INFO]: Removing 'crafting' recipes with output: 'com.blamejared.crafttweaker.api.item.MCItemStack@63d785b5'
[18:00:03.379][INFO]: Adding 'minecraft:crafting' recipe, of type: "mirroring shaped", with name: 'crafttweaker:t2_red_fighting_helmet' that outputs: '<item:apocalypsenow:red_fighting_helmet>'
[18:00:03.379][INFO]: Adding 'minecraft:crafting' recipe, of type: "shaped", with name: 'crafttweaker:t2_red_fighting_chestplate' that outputs: '<item:apocalypsenow:red_fighting_chestplate>'
[18:00:03.380][INFO]: Adding 'minecraft:crafting' recipe, of type: "shaped", with name: 'crafttweaker:t2_red_fighting_leggings' that outputs: '<item:apocalypsenow:red_fighting_leggings>'
[18:00:03.380][INFO]: Registering new items tag with name <tag:items:forge:fighting_chestplate>
[18:00:03.380][INFO]: Adding: [apocalypsenow:red_fighting_chestplate] to tag: <tag:items:forge:fighting_chestplate>
[18:00:03.380][INFO]: Removing 'crafting' recipes with output: 'com.blamejared.crafttweaker.api.item.MCItemStack@615ad5a3'
[18:00:03.382][INFO]: Removing 'crafting' recipes with output: 'com.blamejared.crafttweaker.api.item.MCItemStack@bc26bc6f'
[18:00:03.383][INFO]: Removing 'crafting' recipes with output: 'com.blamejared.crafttweaker.api.item.MCItemStack@4a5530b7'
[18:00:03.385][INFO]: Adding 'minecraft:crafting' recipe, of type: "mirroring shaped", with name: 'crafttweaker:t2_blue_fighting_helmet' that outputs: '<item:apocalypsenow:blue_fighting_helmet>'
[18:00:03.386][INFO]: Adding 'minecraft:crafting' recipe, of type: "shaped", with name: 'crafttweaker:t2_blue_fighting_chestplate' that outputs: '<item:apocalypsenow:blue_fighting_chestplate>'
[18:00:03.386][INFO]: Adding 'minecraft:crafting' recipe, of type: "shaped", with name: 'crafttweaker:t2_blue_fighting_leggings' that outputs: '<item:apocalypsenow:blue_fighting_leggings>'
[18:00:03.386][INFO]: Adding: [apocalypsenow:blue_fighting_chestplate] to tag: <tag:items:forge:fighting_chestplate>
[18:00:03.386][INFO]: Removing 'crafting' recipes with output: 'com.blamejared.crafttweaker.api.item.MCItemStack@40f205db'
[18:00:03.387][INFO]: Removing 'crafting' recipes with output: 'com.blamejared.crafttweaker.api.item.MCItemStack@5fba265a'
[18:00:03.389][INFO]: Removing 'crafting' recipes with output: 'com.blamejared.crafttweaker.api.item.MCItemStack@705f268e'
[18:00:03.390][INFO]: Removing 'crafting' recipes with output: 'com.blamejared.crafttweaker.api.item.MCItemStack@3622d422'
[18:00:03.391][INFO]: Adding 'minecraft:crafting' recipe, of type: "mirroring shaped", with name: 'crafttweaker:t2_army_helmet' that outputs: '<item:apocalypsenow:army_helmet>'
[18:00:03.391][INFO]: Adding 'minecraft:crafting' recipe, of type: "shaped", with name: 'crafttweaker:t2_army_chestplate' that outputs: '<item:apocalypsenow:army_chestplate>'
[18:00:03.392][INFO]: Adding 'minecraft:crafting' recipe, of type: "shaped", with name: 'crafttweaker:t2_army_leggings' that outputs: '<item:apocalypsenow:army_leggings>'
[18:00:03.392][INFO]: Adding 'minecraft:crafting' recipe, of type: "mirroring shaped", with name: 'crafttweaker:t2_army_boots' that outputs: '<item:apocalypsenow:army_boots>'
[18:00:03.392][INFO]: Removing 'crafting' recipes with output: 'com.blamejared.crafttweaker.api.item.MCItemStack@457cc00a'
[18:00:03.393][INFO]: Removing 'crafting' recipes with output: 'com.blamejared.crafttweaker.api.item.MCItemStack@8858802c'
[18:00:03.395][INFO]: Removing 'crafting' recipes with output: 'com.blamejared.crafttweaker.api.item.MCItemStack@8d22a691'
[18:00:03.397][INFO]: Removing 'crafting' recipes with output: 'com.blamejared.crafttweaker.api.item.MCItemStack@6b04af6c'
[18:00:03.399][INFO]: Adding 'minecraft:crafting' recipe, of type: "mirroring shaped", with name: 'crafttweaker:t2_royal_canada_police_officer_helmet' that outputs: '<item:apocalypsenow:royal_canada_police_officer_helmet>'
[18:00:03.400][INFO]: Adding 'minecraft:crafting' recipe, of type: "shaped", with name: 'crafttweaker:t2_royal_canada_police_officer_chestplate' that outputs: '<item:apocalypsenow:royal_canada_police_officer_chestplate>'
[18:00:03.400][INFO]: Adding 'minecraft:crafting' recipe, of type: "shaped", with name: 'crafttweaker:t2_royal_canada_police_officer_leggings' that outputs: '<item:apocalypsenow:royal_canada_police_officer_leggings>'
[18:00:03.400][INFO]: Adding 'minecraft:crafting' recipe, of type: "mirroring shaped", with name: 'crafttweaker:t2_royal_canada_police_officer_boots' that outputs: '<item:apocalypsenow:royal_canada_police_officer_boots>'
[18:00:03.400][INFO]: Removing 'crafting' recipes with output: 'com.blamejared.crafttweaker.api.item.MCItemStack@4ad4973a'
[18:00:03.403][INFO]: Adding 'create:mechanical_crafting' recipe, with name: 'crafttweaker:t2_hazmat_helmet' that outputs: '<item:apocalypsenow:hazmat_suit_helmet>'
[18:00:03.403][INFO]: Removing 'crafting' recipes with output: 'com.blamejared.crafttweaker.api.item.MCItemStack@53a2331b'
[18:00:03.405][INFO]: Adding 'create:mechanical_crafting' recipe, with name: 'crafttweaker:t2_hazmat_chestplate' that outputs: '<item:apocalypsenow:hazmat_suit_chestplate>'
[18:00:03.406][INFO]: Removing 'crafting' recipes with output: 'com.blamejared.crafttweaker.api.item.MCItemStack@105b523f'
[18:00:03.407][INFO]: Adding 'create:mechanical_crafting' recipe, with name: 'crafttweaker:t2_hazmat_leggings' that outputs: '<item:apocalypsenow:hazmat_suit_leggings>'
[18:00:03.407][INFO]: Removing 'crafting' recipes with output: 'com.blamejared.crafttweaker.api.item.MCItemStack@b8e1a63f'
[18:00:03.409][INFO]: Adding 'create:mechanical_crafting' recipe, with name: 'crafttweaker:t2_hazmat_boots' that outputs: '<item:apocalypsenow:hazmat_suit_boots>'
[18:00:03.409][INFO]: Removing 'create:mechanical_crafting' recipes with output: 'com.blamejared.crafttweaker.api.item.MCItemStack@bc680faf'
[18:00:03.409][INFO]: Removing 'create:mechanical_crafting' recipes with output: 'com.blamejared.crafttweaker.api.item.MCItemStack@140dde1f'
[18:00:03.410][INFO]: Adding 'create:mechanical_crafting' recipe, with name: 'crafttweaker:t2_andesite_jetpack_chestplate' that outputs: '<item:create_sa:andesite_jetpack_chestplate>'
[18:00:03.411][INFO]: Adding 'create:mechanical_crafting' recipe, with name: 'crafttweaker:t2_copper_jetpack_chestplate' that outputs: '<item:create_sa:copper_jetpack_chestplate>'
[18:00:03.411][INFO]: Removing 'create:mechanical_crafting' recipes with output: 'com.blamejared.crafttweaker.api.item.MCItemStack@a391701d'
[18:00:03.411][INFO]: Removing 'crafting' recipes with output: 'com.blamejared.crafttweaker.api.item.MCItemStack@54517863'
[18:00:03.412][INFO]: Adding 'create:mechanical_crafting' recipe, with name: 'crafttweaker:t2_andesite_exoskeleton_chestplate' that outputs: '<item:create_sa:andesite_exoskeleton_chestplate>'
[18:00:03.413][INFO]: Adding 'create:mechanical_crafting' recipe, with name: 'crafttweaker:t2_copper_exoskeleton_chestplate' that outputs: '<item:create_sa:copper_exoskeleton_chestplate>'
[18:00:03.413][INFO]: Registering new items tag with name <tag:items:forge:t1_exoskeleton>
[18:00:03.413][INFO]: Adding: [create_sa:andesite_exoskeleton_chestplate] to tag: <tag:items:forge:t1_exoskeleton>
[18:00:03.414][INFO]: Adding: [create_sa:copper_exoskeleton_chestplate] to tag: <tag:items:forge:t1_exoskeleton>
[18:00:03.414][INFO]: Removing 'crafting' recipes with output: 'com.blamejared.crafttweaker.api.item.MCItemStack@493e1b07'
[18:00:03.416][INFO]: Adding 'minecraft:crafting' recipe, of type: "mirroring shaped", with name: 'crafttweaker:gasmask_helmet' that outputs: '<item:apocalypsenow:gasmask_helmet>'
[18:00:03.416][INFO]: Removing 'crafting' recipes with output: 'com.blamejared.crafttweaker.api.item.MCItemStack@44346d5'
[18:00:03.417][INFO]: Removing 'crafting' recipes with output: 'com.blamejared.crafttweaker.api.item.MCItemStack@3b6ab6c5'
[18:00:03.419][INFO]: Removing 'crafting' recipes with output: 'com.blamejared.crafttweaker.api.item.MCItemStack@cfe9fa5f'
[18:00:03.421][INFO]: Removing 'crafting' recipes with output: 'com.blamejared.crafttweaker.api.item.MCItemStack@88079c1d'
[18:00:03.423][INFO]: Removing 'crafting' recipes with output: 'com.blamejared.crafttweaker.api.item.MCItemStack@8683aed7'
[18:00:03.425][INFO]: Removing 'crafting' recipes with output: 'com.blamejared.crafttweaker.api.item.MCItemStack@9ea5a526'
[18:00:03.426][INFO]: Removing 'crafting' recipes with output: 'com.blamejared.crafttweaker.api.item.MCItemStack@862228de'
[18:00:03.427][INFO]: Removing 'crafting' recipes with output: 'com.blamejared.crafttweaker.api.item.MCItemStack@fdd7a4e3'
[18:00:03.429][INFO]: Adding 'minecraft:crafting' recipe, of type: "mirroring shaped", with name: 'crafttweaker:t2_red_biker_helmet' that outputs: '<item:apocalypsenow:red_bikers_helmet>'
[18:00:03.430][INFO]: Adding 'minecraft:crafting' recipe, of type: "mirroring shaped", with name: 'crafttweaker:t2_green_biker_helmet' that outputs: '<item:apocalypsenow:green_bikers_helmet>'
[18:00:03.430][INFO]: Adding 'minecraft:crafting' recipe, of type: "mirroring shaped", with name: 'crafttweaker:t2_blue_biker_helmet' that outputs: '<item:apocalypsenow:black_bikers_helmet>'
[18:00:03.430][INFO]: Adding 'minecraft:crafting' recipe, of type: "mirroring shaped", with name: 'crafttweaker:t2_pink_biker_helmet' that outputs: '<item:apocalypsenow:pink_bikers_helmet>'
[18:00:03.431][INFO]: Adding 'minecraft:crafting' recipe, of type: "mirroring shaped", with name: 'crafttweaker:t2_biker_helmet' that outputs: '<item:apocalypsenow:bikers_helmet>'
[18:00:03.431][INFO]: Adding 'minecraft:crafting' recipe, of type: "mirroring shaped", with name: 'crafttweaker:t2_black_motorcycle_helmet' that outputs: '<item:apocalypsenow:black_motorcycle_helmet_helmet>'
[18:00:03.432][INFO]: Adding 'minecraft:crafting' recipe, of type: "mirroring shaped", with name: 'crafttweaker:t2_red_motorcycle_helmet' that outputs: '<item:apocalypsenow:red_motorcycle_helmet_helmet>'
[18:00:03.432][INFO]: Adding 'minecraft:crafting' recipe, of type: "mirroring shaped", with name: 'crafttweaker:t2_blue_motorcycle_helmet' that outputs: '<item:apocalypsenow:bluemotorcyclehelmet_helmet>'
[18:00:03.433][INFO]: Adding 'minecraft:crafting' recipe, of type: "mirroring shaped", with name: 'crafttweaker:t2_officer_helmet' that outputs: '<item:apocalypsenow:officer_helmet>'
[18:00:03.433][INFO]: Removing 'crafting' recipes with output: 'com.blamejared.crafttweaker.api.item.MCItemStack@75d9a9e7'
[18:00:03.435][INFO]: Adding 'minecraft:crafting' recipe, of type: "mirroring shaped", with name: 'crafttweaker:t2_baseball_helmet_helmet' that outputs: '<item:apocalypsenow:baseball_helmet_helmet>'
[18:00:03.436][INFO]: Removing 'crafting' recipes with output: 'com.blamejared.crafttweaker.api.item.MCItemStack@3ac0a6cb'
[18:00:03.437][INFO]: Adding 'minecraft:crafting' recipe, of type: "mirroring shaped", with name: 'crafttweaker:t2_hockey_helmet' that outputs: '<item:apocalypsenow:hockey_helmet>'
[18:00:03.437][INFO]: Removing 'crafting' recipes with output: 'com.blamejared.crafttweaker.api.item.MCItemStack@c6f3608e'
[18:00:03.439][INFO]: Removing 'crafting' recipes with output: 'com.blamejared.crafttweaker.api.item.MCItemStack@a43462e2'
[18:00:03.440][INFO]: Removing 'crafting' recipes with output: 'com.blamejared.crafttweaker.api.item.MCItemStack@e4fa9c08'
[18:00:03.441][INFO]: Removing 'crafting' recipes with output: 'com.blamejared.crafttweaker.api.item.MCItemStack@9eb51b66'
[18:00:03.444][INFO]: Removing 'crafting' recipes with output: 'com.blamejared.crafttweaker.api.item.MCItemStack@7e913fd7'
[18:00:03.446][INFO]: Removing 'crafting' recipes with output: 'com.blamejared.crafttweaker.api.item.MCItemStack@7456db11'
[18:00:03.449][INFO]: Removing 'crafting' recipes with output: 'com.blamejared.crafttweaker.api.item.MCItemStack@b0966163'
[18:00:03.453][INFO]: Removing 'crafting' recipes with output: 'com.blamejared.crafttweaker.api.item.MCItemStack@a844351a'
[18:00:03.458][INFO]: Adding 'minecraft:crafting' recipe, of type: "mirroring shaped", with name: 'crafttweaker:t3_u_sarmy_helmet' that outputs: '<item:apocalypsenow:u_sarmy_helmet>'
[18:00:03.459][INFO]: Adding 'minecraft:crafting' recipe, of type: "shaped", with name: 'crafttweaker:t3_u_sarmy_chestplate' that outputs: '<item:apocalypsenow:u_sarmy_chestplate>'
[18:00:03.459][INFO]: Adding 'minecraft:crafting' recipe, of type: "shaped", with name: 'crafttweaker:t3_u_sarmy_leggings' that outputs: '<item:apocalypsenow:u_sarmy_leggings>'
[18:00:03.460][INFO]: Adding 'minecraft:crafting' recipe, of type: "mirroring shaped", with name: 'crafttweaker:t3_u_sarmy_boots' that outputs: '<item:apocalypsenow:u_sarmy_boots>'
[18:00:03.460][INFO]: Registering new items tag with name <tag:items:forge:army_chestplate>
[18:00:03.460][INFO]: Adding: [apocalypsenow:u_sarmy_chestplate] to tag: <tag:items:forge:army_chestplate>
[18:00:03.460][INFO]: Removing 'crafting' recipes with output: 'com.blamejared.crafttweaker.api.item.MCItemStack@86137eeb'
[18:00:03.464][INFO]: Removing 'crafting' recipes with output: 'com.blamejared.crafttweaker.api.item.MCItemStack@f588b06'
[18:00:03.467][INFO]: Removing 'crafting' recipes with output: 'com.blamejared.crafttweaker.api.item.MCItemStack@b74d148d'
[18:00:03.471][INFO]: Removing 'crafting' recipes with output: 'com.blamejared.crafttweaker.api.item.MCItemStack@3198f25e'
[18:00:03.473][INFO]: Adding 'minecraft:crafting' recipe, of type: "mirroring shaped", with name: 'crafttweaker:t3_canadian_army_helmet' that outputs: '<item:apocalypsenow:canadian_army_helmet>'
[18:00:03.474][INFO]: Adding 'minecraft:crafting' recipe, of type: "shaped", with name: 'crafttweaker:t3_canadian_army_chestplate' that outputs: '<item:apocalypsenow:canadian_army_chestplate>'
[18:00:03.474][INFO]: Adding 'minecraft:crafting' recipe, of type: "shaped", with name: 'crafttweaker:t3_canadian_army_leggings' that outputs: '<item:apocalypsenow:canadian_army_leggings>'
[18:00:03.474][INFO]: Adding 'minecraft:crafting' recipe, of type: "mirroring shaped", with name: 'crafttweaker:t3_canadian_army_boots' that outputs: '<item:apocalypsenow:canadian_army_boots>'
[18:00:03.474][INFO]: Adding: [apocalypsenow:canadian_army_chestplate] to tag: <tag:items:forge:army_chestplate>
[18:00:03.475][INFO]: Removing 'crafting' recipes with output: 'com.blamejared.crafttweaker.api.item.MCItemStack@38c3f42f'
[18:00:03.476][INFO]: Removing 'crafting' recipes with output: 'com.blamejared.crafttweaker.api.item.MCItemStack@3777b61'
[18:00:03.477][INFO]: Removing 'crafting' recipes with output: 'com.blamejared.crafttweaker.api.item.MCItemStack@f870e2f9'
[18:00:03.478][INFO]: Removing 'crafting' recipes with output: 'com.blamejared.crafttweaker.api.item.MCItemStack@9904b81f'
[18:00:03.480][INFO]: Adding 'minecraft:crafting' recipe, of type: "mirroring shaped", with name: 'crafttweaker:t3_mexican_army_helmet' that outputs: '<item:apocalypsenow:mexican_army_helmet>'
[18:00:03.480][INFO]: Adding 'minecraft:crafting' recipe, of type: "shaped", with name: 'crafttweaker:t3_mexican_army_chestplate' that outputs: '<item:apocalypsenow:mexican_army_chestplate>'
[18:00:03.480][INFO]: Adding 'minecraft:crafting' recipe, of type: "shaped", with name: 'crafttweaker:t3_mexican_army_leggings' that outputs: '<item:apocalypsenow:mexican_army_leggings>'
[18:00:03.481][INFO]: Adding 'minecraft:crafting' recipe, of type: "mirroring shaped", with name: 'crafttweaker:t3_mexican_army_boots' that outputs: '<item:apocalypsenow:mexican_army_boots>'
[18:00:03.481][INFO]: Adding: [apocalypsenow:mexican_army_chestplate] to tag: <tag:items:forge:army_chestplate>
[18:00:03.481][INFO]: Removing 'crafting' recipes with output: 'com.blamejared.crafttweaker.api.item.MCItemStack@b902067e'
[18:00:03.482][INFO]: Removing 'crafting' recipes with output: 'com.blamejared.crafttweaker.api.item.MCItemStack@ef82fc5f'
[18:00:03.483][INFO]: Removing 'crafting' recipes with output: 'com.blamejared.crafttweaker.api.item.MCItemStack@9a90baff'
[18:00:03.484][INFO]: Removing 'crafting' recipes with output: 'com.blamejared.crafttweaker.api.item.MCItemStack@d36dc026'
[18:00:03.487][INFO]: Adding 'minecraft:crafting' recipe, of type: "mirroring shaped", with name: 'crafttweaker:t3_russian_army_helmet' that outputs: '<item:apocalypsenow:russian_army_helmet>'
[18:00:03.487][INFO]: Adding 'minecraft:crafting' recipe, of type: "shaped", with name: 'crafttweaker:t3_russian_army_chestplate' that outputs: '<item:apocalypsenow:russian_army_chestplate>'
[18:00:03.487][INFO]: Adding 'minecraft:crafting' recipe, of type: "shaped", with name: 'crafttweaker:t3_russian_army_leggings' that outputs: '<item:apocalypsenow:russian_army_leggings>'
[18:00:03.488][INFO]: Adding 'minecraft:crafting' recipe, of type: "mirroring shaped", with name: 'crafttweaker:t3_russian_army_boots' that outputs: '<item:apocalypsenow:russian_army_boots>'
[18:00:03.488][INFO]: Adding: [apocalypsenow:russian_army_chestplate] to tag: <tag:items:forge:army_chestplate>
[18:00:03.488][INFO]: Removing 'crafting' recipes with output: 'com.blamejared.crafttweaker.api.item.MCItemStack@d71a2ce3'
[18:00:03.490][INFO]: Removing 'crafting' recipes with output: 'com.blamejared.crafttweaker.api.item.MCItemStack@bf1c739c'
[18:00:03.492][INFO]: Removing 'crafting' recipes with output: 'com.blamejared.crafttweaker.api.item.MCItemStack@c6193f10'
[18:00:03.493][INFO]: Removing 'crafting' recipes with output: 'com.blamejared.crafttweaker.api.item.MCItemStack@619ee523'
[18:00:03.494][INFO]: Adding 'minecraft:crafting' recipe, of type: "mirroring shaped", with name: 'crafttweaker:t3_chinese_army_helmet' that outputs: '<item:apocalypsenow:chinese_army_helmet>'
[18:00:03.494][INFO]: Adding 'minecraft:crafting' recipe, of type: "shaped", with name: 'crafttweaker:t3_chinese_army_chestplate' that outputs: '<item:apocalypsenow:chinese_army_chestplate>'
[18:00:03.495][INFO]: Adding 'minecraft:crafting' recipe, of type: "shaped", with name: 'crafttweaker:t3_chinese_army_leggings' that outputs: '<item:apocalypsenow:chinese_army_leggings>'
[18:00:03.495][INFO]: Adding 'minecraft:crafting' recipe, of type: "mirroring shaped", with name: 'crafttweaker:t3_chinese_army_boots' that outputs: '<item:apocalypsenow:chinese_army_boots>'
[18:00:03.495][INFO]: Adding: [apocalypsenow:chinese_army_chestplate] to tag: <tag:items:forge:army_chestplate>
[18:00:03.495][INFO]: Removing 'crafting' recipes with output: 'com.blamejared.crafttweaker.api.item.MCItemStack@e48b0851'
[18:00:03.496][INFO]: Removing 'crafting' recipes with output: 'com.blamejared.crafttweaker.api.item.MCItemStack@872261f6'
[18:00:03.498][INFO]: Removing 'crafting' recipes with output: 'com.blamejared.crafttweaker.api.item.MCItemStack@78cf1871'
[18:00:03.500][INFO]: Removing 'crafting' recipes with output: 'com.blamejared.crafttweaker.api.item.MCItemStack@5d8433e2'
[18:00:03.502][INFO]: Adding 'minecraft:crafting' recipe, of type: "mirroring shaped", with name: 'crafttweaker:t3_japanese_army_helmet' that outputs: '<item:apocalypsenow:japanese_army_helmet>'
[18:00:03.502][INFO]: Adding 'minecraft:crafting' recipe, of type: "shaped", with name: 'crafttweaker:t3_japanese_army_chestplate' that outputs: '<item:apocalypsenow:japanese_army_chestplate>'
[18:00:03.503][INFO]: Adding 'minecraft:crafting' recipe, of type: "shaped", with name: 'crafttweaker:t3_japanese_army_leggings' that outputs: '<item:apocalypsenow:japanese_army_leggings>'
[18:00:03.503][INFO]: Adding 'minecraft:crafting' recipe, of type: "mirroring shaped", with name: 'crafttweaker:t3_japanese_army_boots' that outputs: '<item:apocalypsenow:japanese_army_boots>'
[18:00:03.503][INFO]: Adding: [apocalypsenow:japanese_army_chestplate] to tag: <tag:items:forge:army_chestplate>
[18:00:03.503][INFO]: Removing 'crafting' recipes with output: 'com.blamejared.crafttweaker.api.item.MCItemStack@4eaf68c1'
[18:00:03.506][INFO]: Removing 'crafting' recipes with output: 'com.blamejared.crafttweaker.api.item.MCItemStack@5d1371f7'
[18:00:03.507][INFO]: Removing 'crafting' recipes with output: 'com.blamejared.crafttweaker.api.item.MCItemStack@b9341af2'
[18:00:03.509][INFO]: Removing 'crafting' recipes with output: 'com.blamejared.crafttweaker.api.item.MCItemStack@4e78dff'
[18:00:03.511][INFO]: Adding 'minecraft:crafting' recipe, of type: "mirroring shaped", with name: 'crafttweaker:t3_british_army_helmet' that outputs: '<item:apocalypsenow:british_army_helmet>'
[18:00:03.511][INFO]: Adding 'minecraft:crafting' recipe, of type: "shaped", with name: 'crafttweaker:t3_british_army_chestplate' that outputs: '<item:apocalypsenow:british_army_chestplate>'
[18:00:03.512][INFO]: Adding 'minecraft:crafting' recipe, of type: "shaped", with name: 'crafttweaker:t3_british_army_leggings' that outputs: '<item:apocalypsenow:british_army_leggings>'
[18:00:03.512][INFO]: Adding 'minecraft:crafting' recipe, of type: "mirroring shaped", with name: 'crafttweaker:t3_british_army_boots' that outputs: '<item:apocalypsenow:british_army_boots>'
[18:00:03.512][INFO]: Adding: [apocalypsenow:british_army_chestplate] to tag: <tag:items:forge:army_chestplate>
[18:00:03.513][INFO]: Removing 'crafting' recipes with output: 'com.blamejared.crafttweaker.api.item.MCItemStack@c2a95807'
[18:00:03.514][INFO]: Removing 'crafting' recipes with output: 'com.blamejared.crafttweaker.api.item.MCItemStack@411c693b'
[18:00:03.516][INFO]: Removing 'crafting' recipes with output: 'com.blamejared.crafttweaker.api.item.MCItemStack@231c3de9'
[18:00:03.518][INFO]: Removing 'crafting' recipes with output: 'com.blamejared.crafttweaker.api.item.MCItemStack@1576975b'
[18:00:03.520][INFO]: Adding 'minecraft:crafting' recipe, of type: "mirroring shaped", with name: 'crafttweaker:t3_usa_armor_helmet' that outputs: '<item:apocalypsenow:usa_armor_helmet>'
[18:00:03.521][INFO]: Adding 'minecraft:crafting' recipe, of type: "shaped", with name: 'crafttweaker:t3_usa_armor_chestplate' that outputs: '<item:apocalypsenow:usa_armor_chestplate>'
[18:00:03.521][INFO]: Adding 'minecraft:crafting' recipe, of type: "shaped", with name: 'crafttweaker:t3_usa_armor_leggings' that outputs: '<item:apocalypsenow:usa_armor_leggings>'
[18:00:03.522][INFO]: Adding 'minecraft:crafting' recipe, of type: "mirroring shaped", with name: 'crafttweaker:t3_usa_armor_boots' that outputs: '<item:apocalypsenow:usa_armor_boots>'
[18:00:03.522][INFO]: Adding: [apocalypsenow:usa_armor_chestplate] to tag: <tag:items:forge:army_chestplate>
[18:00:03.522][INFO]: Removing 'crafting' recipes with output: 'com.blamejared.crafttweaker.api.item.MCItemStack@b69b4458'
[18:00:03.524][INFO]: Removing 'crafting' recipes with output: 'com.blamejared.crafttweaker.api.item.MCItemStack@e7afccef'
[18:00:03.526][INFO]: Removing 'crafting' recipes with output: 'com.blamejared.crafttweaker.api.item.MCItemStack@b995ef1'
[18:00:03.528][INFO]: Removing 'crafting' recipes with output: 'com.blamejared.crafttweaker.api.item.MCItemStack@a2ca4f1e'
[18:00:03.529][INFO]: Adding 'minecraft:crafting' recipe, of type: "mirroring shaped", with name: 'crafttweaker:t3_italian_bersaglieri_army_helmet' that outputs: '<item:apocalypsenow:italian_bersaglieri_army_helmet>'
[18:00:03.529][INFO]: Adding 'minecraft:crafting' recipe, of type: "shaped", with name: 'crafttweaker:t3_italian_bersaglieri_army_chestplate' that outputs: '<item:apocalypsenow:italian_bersaglieri_army_chestplate>'
[18:00:03.530][INFO]: Adding 'minecraft:crafting' recipe, of type: "shaped", with name: 'crafttweaker:t3_italian_bersaglieri_army_leggings' that outputs: '<item:apocalypsenow:italian_bersaglieri_army_leggings>'
[18:00:03.530][INFO]: Adding 'minecraft:crafting' recipe, of type: "mirroring shaped", with name: 'crafttweaker:t3_italian_bersaglieri_army_boots' that outputs: '<item:apocalypsenow:italian_bersaglieri_army_boots>'
[18:00:03.530][INFO]: Adding: [apocalypsenow:italian_bersaglieri_army_chestplate] to tag: <tag:items:forge:army_chestplate>
[18:00:03.530][INFO]: Removing 'crafting' recipes with output: 'com.blamejared.crafttweaker.api.item.MCItemStack@c9ecc09'
[18:00:03.532][INFO]: Removing 'crafting' recipes with output: 'com.blamejared.crafttweaker.api.item.MCItemStack@4e7b96c0'
[18:00:03.533][INFO]: Removing 'crafting' recipes with output: 'com.blamejared.crafttweaker.api.item.MCItemStack@24106fdc'
[18:00:03.535][INFO]: Removing 'crafting' recipes with output: 'com.blamejared.crafttweaker.api.item.MCItemStack@cb0c4228'
[18:00:03.537][INFO]: Adding 'minecraft:crafting' recipe, of type: "mirroring shaped", with name: 'crafttweaker:t3_brazilian_army_helmet' that outputs: '<item:apocalypsenow:brazilian_army_helmet>'
[18:00:03.537][INFO]: Adding 'minecraft:crafting' recipe, of type: "shaped", with name: 'crafttweaker:t3_brazilian_army_chestplate' that outputs: '<item:apocalypsenow:brazilian_army_chestplate>'
[18:00:03.538][INFO]: Adding 'minecraft:crafting' recipe, of type: "shaped", with name: 'crafttweaker:t3_brazilian_army_leggings' that outputs: '<item:apocalypsenow:brazilian_army_leggings>'
[18:00:03.538][INFO]: Adding 'minecraft:crafting' recipe, of type: "mirroring shaped", with name: 'crafttweaker:t3_brazilian_army_boots' that outputs: '<item:apocalypsenow:brazilian_army_boots>'
[18:00:03.538][INFO]: Adding: [apocalypsenow:brazilian_army_chestplate] to tag: <tag:items:forge:army_chestplate>
[18:00:03.538][INFO]: Removing 'crafting' recipes with output: 'com.blamejared.crafttweaker.api.item.MCItemStack@427ec8b'
[18:00:03.540][INFO]: Removing 'crafting' recipes with output: 'com.blamejared.crafttweaker.api.item.MCItemStack@75b0a0fb'
[18:00:03.541][INFO]: Removing 'crafting' recipes with output: 'com.blamejared.crafttweaker.api.item.MCItemStack@3f2f1f4'
[18:00:03.543][INFO]: Removing 'crafting' recipes with output: 'com.blamejared.crafttweaker.api.item.MCItemStack@89e5dd54'
[18:00:03.545][INFO]: Adding 'minecraft:crafting' recipe, of type: "mirroring shaped", with name: 'crafttweaker:t3_un_armor_helmet' that outputs: '<item:apocalypsenow:un_armor_helmet>'
[18:00:03.546][INFO]: Adding 'minecraft:crafting' recipe, of type: "shaped", with name: 'crafttweaker:t3_un_armor_chestplate' that outputs: '<item:apocalypsenow:un_armor_chestplate>'
[18:00:03.546][INFO]: Adding 'minecraft:crafting' recipe, of type: "shaped", with name: 'crafttweaker:t3_un_armor_leggings' that outputs: '<item:apocalypsenow:un_armor_leggings>'
[18:00:03.547][INFO]: Adding 'minecraft:crafting' recipe, of type: "mirroring shaped", with name: 'crafttweaker:t3_un_armor_boots' that outputs: '<item:apocalypsenow:un_armor_boots>'
[18:00:03.547][INFO]: Removing 'crafting' recipes with output: 'com.blamejared.crafttweaker.api.item.MCItemStack@afb3afe3'
[18:00:03.548][INFO]: Removing 'crafting' recipes with output: 'com.blamejared.crafttweaker.api.item.MCItemStack@7f7eb4b9'
[18:00:03.550][INFO]: Removing 'crafting' recipes with output: 'com.blamejared.crafttweaker.api.item.MCItemStack@a580a1f5'
[18:00:03.552][INFO]: Removing 'crafting' recipes with output: 'com.blamejared.crafttweaker.api.item.MCItemStack@5a975740'
[18:00:03.553][INFO]: Adding 'create:mechanical_crafting' recipe, with name: 'crafttweaker:t3_military_riot_helmet' that outputs: '<item:apocalypsenow:military_riot_armor_helmet>'
[18:00:03.554][INFO]: Adding 'create:mechanical_crafting' recipe, with name: 'crafttweaker:t3_military_riot_chestplate' that outputs: '<item:apocalypsenow:military_riot_armor_chestplate>'
[18:00:03.554][INFO]: Adding 'create:mechanical_crafting' recipe, with name: 'crafttweaker:t3_military_riot_leggings' that outputs: '<item:apocalypsenow:military_riot_armor_leggings>'
[18:00:03.554][INFO]: Adding 'create:mechanical_crafting' recipe, with name: 'crafttweaker:t3_military_riot_boots' that outputs: '<item:apocalypsenow:military_riot_armor_boots>'
[18:00:03.554][INFO]: Removing 'crafting' recipes with output: 'com.blamejared.crafttweaker.api.item.MCItemStack@143e4b3'
[18:00:03.556][INFO]: Removing 'crafting' recipes with output: 'com.blamejared.crafttweaker.api.item.MCItemStack@236ad744'
[18:00:03.557][INFO]: Removing 'crafting' recipes with output: 'com.blamejared.crafttweaker.api.item.MCItemStack@4516e0e1'
[18:00:03.558][INFO]: Removing 'crafting' recipes with output: 'com.blamejared.crafttweaker.api.item.MCItemStack@4a95df5c'
[18:00:03.560][INFO]: Adding 'create:mechanical_crafting' recipe, with name: 'crafttweaker:t3_military_urban_helmet' that outputs: '<item:apocalypsenow:military_urban_helmet>'
[18:00:03.560][INFO]: Adding 'create:mechanical_crafting' recipe, with name: 'crafttweaker:t3_military_urban_chestplate' that outputs: '<item:apocalypsenow:military_urban_chestplate>'
[18:00:03.561][INFO]: Adding 'create:mechanical_crafting' recipe, with name: 'crafttweaker:t3_military_urban_leggings' that outputs: '<item:apocalypsenow:military_urban_leggings>'
[18:00:03.561][INFO]: Adding 'create:mechanical_crafting' recipe, with name: 'crafttweaker:t3_military_urban_boots' that outputs: '<item:apocalypsenow:military_urban_boots>'
[18:00:03.561][INFO]: Removing 'crafting' recipes with output: 'com.blamejared.crafttweaker.api.item.MCItemStack@184ccc4b'
[18:00:03.562][INFO]: Removing 'crafting' recipes with output: 'com.blamejared.crafttweaker.api.item.MCItemStack@1dc83947'
[18:00:03.564][INFO]: Removing 'crafting' recipes with output: 'com.blamejared.crafttweaker.api.item.MCItemStack@d7e17a05'
[18:00:03.566][INFO]: Removing 'crafting' recipes with output: 'com.blamejared.crafttweaker.api.item.MCItemStack@32cbf7a6'
[18:00:03.568][INFO]: Adding 'create:mechanical_crafting' recipe, with name: 'crafttweaker:t3_biohazard_helmet' that outputs: '<item:apocalypsenow:biohazard_helmet>'
[18:00:03.569][INFO]: Adding 'create:mechanical_crafting' recipe, with name: 'crafttweaker:t3_biohazard_chestplate' that outputs: '<item:apocalypsenow:biohazard_chestplate>'
[18:00:03.569][INFO]: Adding 'create:mechanical_crafting' recipe, with name: 'crafttweaker:t3_biohazard_leggings' that outputs: '<item:apocalypsenow:biohazard_leggings>'
[18:00:03.569][INFO]: Adding 'create:mechanical_crafting' recipe, with name: 'crafttweaker:t3_biohazard_boots' that outputs: '<item:apocalypsenow:biohazard_boots>'
[18:00:03.569][INFO]: Removing 'crafting' recipes with output: 'com.blamejared.crafttweaker.api.item.MCItemStack@631564cc'
[18:00:03.571][INFO]: Removing 'crafting' recipes with output: 'com.blamejared.crafttweaker.api.item.MCItemStack@a2ee2e10'
[18:00:03.572][INFO]: Removing 'crafting' recipes with output: 'com.blamejared.crafttweaker.api.item.MCItemStack@1cc09a24'
[18:00:03.574][INFO]: Removing 'crafting' recipes with output: 'com.blamejared.crafttweaker.api.item.MCItemStack@7a72f5da'
[18:00:03.576][INFO]: Adding 'minecraft:crafting' recipe, of type: "mirroring shaped", with name: 'crafttweaker:t3_contamination_suit_white_helmet' that outputs: '<item:apocalypsenow:contamination_suit_white_helmet>'
[18:00:03.577][INFO]: Adding 'minecraft:crafting' recipe, of type: "mirroring shaped", with name: 'crafttweaker:t3_contamination_suit_white_chestplate' that outputs: '<item:apocalypsenow:contamination_suit_white_chestplate>'
[18:00:03.577][INFO]: Adding 'minecraft:crafting' recipe, of type: "mirroring shaped", with name: 'crafttweaker:t3_contamination_suit_white_leggings' that outputs: '<item:apocalypsenow:contamination_suit_white_leggings>'
[18:00:03.577][INFO]: Adding 'minecraft:crafting' recipe, of type: "mirroring shaped", with name: 'crafttweaker:t3_contamination_suit_white_boots' that outputs: '<item:apocalypsenow:contamination_suit_white_boots>'
[18:00:03.577][INFO]: Removing 'crafting' recipes with output: 'com.blamejared.crafttweaker.api.item.MCItemStack@c605972b'
[18:00:03.579][INFO]: Removing 'crafting' recipes with output: 'com.blamejared.crafttweaker.api.item.MCItemStack@373492e3'
[18:00:03.580][INFO]: Removing 'crafting' recipes with output: 'com.blamejared.crafttweaker.api.item.MCItemStack@a7e9b402'
[18:00:03.581][INFO]: Adding 'minecraft:crafting' recipe, of type: "mirroring shaped", with name: 'crafttweaker:t3_contamination_suit_blue_helmet' that outputs: '<item:apocalypsenow:contamination_suit_blue_helmet>'
[18:00:03.582][INFO]: Adding 'minecraft:crafting' recipe, of type: "mirroring shaped", with name: 'crafttweaker:t3_contamination_suit_blue_chestplate' that outputs: '<item:apocalypsenow:contamination_suit_blue_chestplate>'
[18:00:03.582][INFO]: Adding 'minecraft:crafting' recipe, of type: "mirroring shaped", with name: 'crafttweaker:t3_contamination_suit_blue_leggings' that outputs: '<item:apocalypsenow:contamination_suit_blue_leggings>'
[18:00:03.582][INFO]: Removing 'crafting' recipes with output: 'com.blamejared.crafttweaker.api.item.MCItemStack@b5cb8d0e'
[18:00:03.583][INFO]: Removing 'crafting' recipes with output: 'com.blamejared.crafttweaker.api.item.MCItemStack@449315e4'
[18:00:03.584][INFO]: Removing 'crafting' recipes with output: 'com.blamejared.crafttweaker.api.item.MCItemStack@71e630d6'
[18:00:03.586][INFO]: Adding 'minecraft:crafting' recipe, of type: "mirroring shaped", with name: 'crafttweaker:t3_contamination_suit_green_helmet' that outputs: '<item:apocalypsenow:contamination_suit_green_helmet>'
[18:00:03.586][INFO]: Adding 'minecraft:crafting' recipe, of type: "mirroring shaped", with name: 'crafttweaker:t3_contamination_suit_green_chestplate' that outputs: '<item:apocalypsenow:contamination_suit_green_chestplate>'
[18:00:03.586][INFO]: Adding 'minecraft:crafting' recipe, of type: "mirroring shaped", with name: 'crafttweaker:t3_contamination_suit_green_leggings' that outputs: '<item:apocalypsenow:contamination_suit_green_leggings>'
[18:00:03.587][INFO]: Removing 'crafting' recipes with output: 'com.blamejared.crafttweaker.api.item.MCItemStack@60b5993f'
[18:00:03.588][INFO]: Removing 'crafting' recipes with output: 'com.blamejared.crafttweaker.api.item.MCItemStack@df69c63f'
[18:00:03.589][INFO]: Adding 'minecraft:crafting' recipe, of type: "mirroring shaped", with name: 'crafttweaker:t3_officer_beret_helmet' that outputs: '<item:apocalypsenow:officer_beret_helmet>'
[18:00:03.589][INFO]: Adding 'minecraft:crafting' recipe, of type: "shaped", with name: 'crafttweaker:t3_officer_beret_chestplate' that outputs: '<item:apocalypsenow:officer_beret_chestplate>'
[18:00:03.589][INFO]: Removing 'crafting' recipes with output: 'com.blamejared.crafttweaker.api.item.MCItemStack@a6c64e75'
[18:00:03.591][INFO]: Removing 'crafting' recipes with output: 'com.blamejared.crafttweaker.api.item.MCItemStack@15867859'
[18:00:03.592][INFO]: Adding 'minecraft:crafting' recipe, of type: "mirroring shaped", with name: 'crafttweaker:t3_beret_helmet' that outputs: '<item:apocalypsenow:beret_helmet>'
[18:00:03.592][INFO]: Adding 'minecraft:crafting' recipe, of type: "shaped", with name: 'crafttweaker:t3_beret_chestplate' that outputs: '<item:apocalypsenow:beret_chestplate>'
[18:00:03.592][INFO]: Removing 'crafting' recipes with output: 'com.blamejared.crafttweaker.api.item.MCItemStack@5363e64a'
[18:00:03.595][INFO]: Removing 'crafting' recipes with output: 'com.blamejared.crafttweaker.api.item.MCItemStack@dd602f87'
[18:00:03.597][INFO]: Adding 'minecraft:crafting' recipe, of type: "mirroring shaped", with name: 'crafttweaker:t3_military_beret_helmet' that outputs: '<item:apocalypsenow:military_beret_helmet>'
[18:00:03.598][INFO]: Adding 'minecraft:crafting' recipe, of type: "shaped", with name: 'crafttweaker:t3_military_beret_chestplate' that outputs: '<item:apocalypsenow:military_beret_chestplate>'
[18:00:03.598][INFO]: Removing 'crafting' recipes with output: 'com.blamejared.crafttweaker.api.item.MCItemStack@8d68e916'
[18:00:03.599][INFO]: Removing 'crafting' recipes with output: 'com.blamejared.crafttweaker.api.item.MCItemStack@3a4a3649'
[18:00:03.601][INFO]: Adding 'minecraft:crafting' recipe, of type: "mirroring shaped", with name: 'crafttweaker:t3_atlast_7_helmet' that outputs: '<item:apocalypsenow:atlast_7_helmet>'
[18:00:03.601][INFO]: Adding 'minecraft:crafting' recipe, of type: "shaped", with name: 'crafttweaker:t3_atlast_7_chestplate' that outputs: '<item:apocalypsenow:atlast_7_chestplate>'
[18:00:03.601][INFO]: Removing 'crafting' recipes with output: 'com.blamejared.crafttweaker.api.item.MCItemStack@685c2d98'
[18:00:03.603][INFO]: Removing 'crafting' recipes with output: 'com.blamejared.crafttweaker.api.item.MCItemStack@35dc83e5'
[18:00:03.606][INFO]: Adding 'minecraft:crafting' recipe, of type: "mirroring shaped", with name: 'crafttweaker:t3_military_pilot_headset_helmet' that outputs: '<item:apocalypsenow:military_pilot_headset_helmet>'
[18:00:03.606][INFO]: Adding 'minecraft:crafting' recipe, of type: "shaped", with name: 'crafttweaker:t3_military_pilot_headset_chestplate' that outputs: '<item:apocalypsenow:military_pilot_headset_chestplate>'
[18:00:03.606][INFO]: Removing 'crafting' recipes with output: 'com.blamejared.crafttweaker.api.item.MCItemStack@d0bcdb2a'
[18:00:03.608][INFO]: Adding 'minecraft:crafting' recipe, of type: "mirroring shaped", with name: 'crafttweaker:t3_ballistic_helmet' that outputs: '<item:apocalypsenow:life_jacket_bullet_helmet_helmet>'
[18:00:03.608][INFO]: Removing 'create:mechanical_crafting' recipes with output: 'com.blamejared.crafttweaker.api.item.MCItemStack@71762792'
[18:00:03.609][INFO]: Adding 'create:mechanical_crafting' recipe, with name: 'crafttweaker:t3_brass_jetpack_chestplate' that outputs: '<item:create_sa:brass_jetpack_chestplate>'
[18:00:03.609][INFO]: Removing 'create:mechanical_crafting' recipes with output: 'com.blamejared.crafttweaker.api.item.MCItemStack@75001923'
[18:00:03.610][INFO]: Adding 'create:mechanical_crafting' recipe, with name: 'crafttweaker:t3_brass_exoskeleton_chestplate' that outputs: '<item:create_sa:brass_exoskeleton_chestplate>'
[18:00:03.610][INFO]: Removing 'crafting' recipes with output: 'com.blamejared.crafttweaker.api.item.MCItemStack@d671b562'
[18:00:03.614][INFO]: Adding 'create:mechanical_crafting' recipe, with name: 'crafttweaker:t3_pkm_4gasmask_helmet' that outputs: '<item:apocalypsenow:pkm_4gasmask_helmet>'
[18:00:03.614][INFO]: Removing 'crafting' recipes with output: 'com.blamejared.crafttweaker.api.item.MCItemStack@f7c7e2ae'
[18:00:03.616][INFO]: Removing 'crafting' recipes with output: 'com.blamejared.crafttweaker.api.item.MCItemStack@ac0548bf'
[18:00:03.619][INFO]: Removing 'crafting' recipes with output: 'com.blamejared.crafttweaker.api.item.MCItemStack@c4cf9bb4'
[18:00:03.621][INFO]: Removing 'crafting' recipes with output: 'com.blamejared.crafttweaker.api.item.MCItemStack@cf7f45fd'
[18:00:03.622][INFO]: Removing 'smithing' recipes with output: 'com.blamejared.crafttweaker.api.item.MCItemStack@4fb54020'
[18:00:03.622][INFO]: Removing 'smithing' recipes with output: 'com.blamejared.crafttweaker.api.item.MCItemStack@528c0dc2'
[18:00:03.623][INFO]: Removing 'smithing' recipes with output: 'com.blamejared.crafttweaker.api.item.MCItemStack@e9b4e5b3'
[18:00:03.623][INFO]: Removing 'smithing' recipes with output: 'com.blamejared.crafttweaker.api.item.MCItemStack@6ebfbfa1'
[18:00:03.623][INFO]: Adding 'create:mechanical_crafting' recipe, with name: 'crafttweaker:t4_netherite_helmet' that outputs: '<item:minecraft:netherite_helmet>'
[18:00:03.623][INFO]: Adding 'create:mechanical_crafting' recipe, with name: 'crafttweaker:t4_netherite_chestplate' that outputs: '<item:minecraft:netherite_chestplate>'
[18:00:03.624][INFO]: Adding 'create:mechanical_crafting' recipe, with name: 'crafttweaker:t4_netherite_leggings' that outputs: '<item:minecraft:netherite_leggings>'
[18:00:03.624][INFO]: Adding 'create:mechanical_crafting' recipe, with name: 'crafttweaker:t4_netherite_boots' that outputs: '<item:minecraft:netherite_boots>'
[18:00:03.624][INFO]: Removing 'crafting' recipes with output: 'com.blamejared.crafttweaker.api.item.MCItemStack@ef826122'
[18:00:03.625][INFO]: Removing 'crafting' recipes with output: 'com.blamejared.crafttweaker.api.item.MCItemStack@46a2d240'
[18:00:03.627][INFO]: Removing 'crafting' recipes with output: 'com.blamejared.crafttweaker.api.item.MCItemStack@d3394854'
[18:00:03.629][INFO]: Removing 'crafting' recipes with output: 'com.blamejared.crafttweaker.api.item.MCItemStack@ffc8e58c'
[18:00:03.631][INFO]: Adding 'create:mechanical_crafting' recipe, with name: 'crafttweaker:t4_swat_helmet' that outputs: '<item:apocalypsenow:swat_helmet>'
[18:00:03.631][INFO]: Adding 'create:mechanical_crafting' recipe, with name: 'crafttweaker:t4_swat_chestplate' that outputs: '<item:apocalypsenow:swat_chestplate>'
[18:00:03.631][INFO]: Adding 'create:mechanical_crafting' recipe, with name: 'crafttweaker:t4_swat_leggings' that outputs: '<item:apocalypsenow:swat_leggings>'
[18:00:03.632][INFO]: Adding 'create:mechanical_crafting' recipe, with name: 'crafttweaker:t4_swat_boots' that outputs: '<item:apocalypsenow:swat_boots>'
[18:00:03.632][INFO]: Removing 'crafting' recipes with output: 'com.blamejared.crafttweaker.api.item.MCItemStack@f11b2360'
[18:00:03.634][INFO]: Removing 'crafting' recipes with output: 'com.blamejared.crafttweaker.api.item.MCItemStack@e2d01a0b'
[18:00:03.635][INFO]: Removing 'crafting' recipes with output: 'com.blamejared.crafttweaker.api.item.MCItemStack@60061418'
[18:00:03.636][INFO]: Removing 'crafting' recipes with output: 'com.blamejared.crafttweaker.api.item.MCItemStack@a625b23a'
[18:00:03.638][INFO]: Adding 'create:mechanical_crafting' recipe, with name: 'crafttweaker:t4_swatriot_helmet' that outputs: '<item:apocalypsenow:swatriotcontrol_helmet>'
[18:00:03.638][INFO]: Removing 'create:mechanical_crafting' recipes with output: 'com.blamejared.crafttweaker.api.item.MCItemStack@e2d01a0b'
[18:00:03.638][INFO]: Adding 'create:mechanical_crafting' recipe, with name: 'crafttweaker:t4_swatriot_chestplate' that outputs: '<item:apocalypsenow:swatriotcontrol_chestplate>'
[18:00:03.638][INFO]: Removing 'create:mechanical_crafting' recipes with output: 'com.blamejared.crafttweaker.api.item.MCItemStack@60061418'
[18:00:03.638][INFO]: Adding 'create:mechanical_crafting' recipe, with name: 'crafttweaker:t4_swatriot_leggings' that outputs: '<item:apocalypsenow:swatriotcontrol_leggings>'
[18:00:03.639][INFO]: Removing 'create:mechanical_crafting' recipes with output: 'com.blamejared.crafttweaker.api.item.MCItemStack@a625b23a'
[18:00:03.639][INFO]: Adding 'create:mechanical_crafting' recipe, with name: 'crafttweaker:t4_swatriot_boots' that outputs: '<item:apocalypsenow:swatriotcontrol_boots>'
[18:00:03.639][INFO]: Removing 'crafting' recipes with output: 'com.blamejared.crafttweaker.api.item.MCItemStack@3a046574'
[18:00:03.640][INFO]: Removing 'crafting' recipes with output: 'com.blamejared.crafttweaker.api.item.MCItemStack@cc141a30'
[18:00:03.642][INFO]: Removing 'crafting' recipes with output: 'com.blamejared.crafttweaker.api.item.MCItemStack@a361785d'
[18:00:03.644][INFO]: Removing 'crafting' recipes with output: 'com.blamejared.crafttweaker.api.item.MCItemStack@3f0a8c1a'
[18:00:03.646][INFO]: Adding 'create:mechanical_crafting' recipe, with name: 'crafttweaker:t4_juggernaut_helmet' that outputs: '<item:apocalypsenow:juggernaut_helmet>'
[18:00:03.646][INFO]: Removing 'create:mechanical_crafting' recipes with output: 'com.blamejared.crafttweaker.api.item.MCItemStack@cc141a30'
[18:00:03.646][INFO]: Adding 'create:mechanical_crafting' recipe, with name: 'crafttweaker:t4_juggernaut_chestplate' that outputs: '<item:apocalypsenow:juggernaut_chestplate>'
[18:00:03.646][INFO]: Removing 'create:mechanical_crafting' recipes with output: 'com.blamejared.crafttweaker.api.item.MCItemStack@a361785d'
[18:00:03.647][INFO]: Adding 'create:mechanical_crafting' recipe, with name: 'crafttweaker:t4_juggernaut_leggings' that outputs: '<item:apocalypsenow:juggernaut_leggings>'
[18:00:03.647][INFO]: Removing 'create:mechanical_crafting' recipes with output: 'com.blamejared.crafttweaker.api.item.MCItemStack@3f0a8c1a'
[18:00:03.648][INFO]: Adding 'create:mechanical_crafting' recipe, with name: 'crafttweaker:t4_juggernaut_boots' that outputs: '<item:apocalypsenow:juggernaut_boots>'
[18:00:03.648][INFO]: Removing 'crafting' recipes with output: 'com.blamejared.crafttweaker.api.item.MCItemStack@e26d4d31'
[18:00:03.650][INFO]: Removing 'crafting' recipes with output: 'com.blamejared.crafttweaker.api.item.MCItemStack@cfe6aab1'
[18:00:03.653][INFO]: Removing 'crafting' recipes with output: 'com.blamejared.crafttweaker.api.item.MCItemStack@28e1c950'
[18:00:03.655][INFO]: Removing 'crafting' recipes with output: 'com.blamejared.crafttweaker.api.item.MCItemStack@771f5294'
[18:00:03.658][INFO]: Adding 'create:mechanical_crafting' recipe, with name: 'crafttweaker:t4_bombsquad_helmet' that outputs: '<item:apocalypsenow:bombsquad_helmet>'
[18:00:03.659][INFO]: Removing 'create:mechanical_crafting' recipes with output: 'com.blamejared.crafttweaker.api.item.MCItemStack@cfe6aab1'
[18:00:03.659][INFO]: Adding 'create:mechanical_crafting' recipe, with name: 'crafttweaker:t4_bombsquad_chestplate' that outputs: '<item:apocalypsenow:bombsquad_chestplate>'
[18:00:03.659][INFO]: Removing 'create:mechanical_crafting' recipes with output: 'com.blamejared.crafttweaker.api.item.MCItemStack@28e1c950'
[18:00:03.660][INFO]: Adding 'create:mechanical_crafting' recipe, with name: 'crafttweaker:t4_bombsquad_leggings' that outputs: '<item:apocalypsenow:bombsquad_leggings>'
[18:00:03.660][INFO]: Removing 'create:mechanical_crafting' recipes with output: 'com.blamejared.crafttweaker.api.item.MCItemStack@771f5294'
[18:00:03.661][INFO]: Adding 'create:mechanical_crafting' recipe, with name: 'crafttweaker:t4_bombsquad_boots' that outputs: '<item:apocalypsenow:bombsquad_boots>'
[18:00:03.661][INFO]: Removing 'crafting' recipes with output: 'com.blamejared.crafttweaker.api.item.MCItemStack@f5a08238'
[18:00:03.668][INFO]: Removing 'crafting' recipes with output: 'com.blamejared.crafttweaker.api.item.MCItemStack@114e33e1'
[18:00:03.673][INFO]: Removing 'crafting' recipes with output: 'com.blamejared.crafttweaker.api.item.MCItemStack@f1815cba'
[18:00:03.677][INFO]: Removing 'crafting' recipes with output: 'com.blamejared.crafttweaker.api.item.MCItemStack@4e3d2f53'
[18:00:03.680][INFO]: Adding 'create:mechanical_crafting' recipe, with name: 'crafttweaker:t4_spec_ops_helmet' that outputs: '<item:apocalypsenow:spec_ops_helmet>'
[18:00:03.680][INFO]: Removing 'create:mechanical_crafting' recipes with output: 'com.blamejared.crafttweaker.api.item.MCItemStack@114e33e1'
[18:00:03.680][INFO]: Adding 'create:mechanical_crafting' recipe, with name: 'crafttweaker:t4_spec_ops_chestplate' that outputs: '<item:apocalypsenow:spec_ops_chestplate>'
[18:00:03.680][INFO]: Removing 'create:mechanical_crafting' recipes with output: 'com.blamejared.crafttweaker.api.item.MCItemStack@f1815cba'
[18:00:03.681][INFO]: Adding 'create:mechanical_crafting' recipe, with name: 'crafttweaker:t4_spec_ops_leggings' that outputs: '<item:apocalypsenow:spec_ops_leggings>'
[18:00:03.681][INFO]: Removing 'create:mechanical_crafting' recipes with output: 'com.blamejared.crafttweaker.api.item.MCItemStack@4e3d2f53'
[18:00:03.681][INFO]: Adding 'create:mechanical_crafting' recipe, with name: 'crafttweaker:t4_spec_ops_boots' that outputs: '<item:apocalypsenow:spec_ops_boots>'
[18:00:03.681][INFO]: Removing 'crafting' recipes with output: 'com.blamejared.crafttweaker.api.item.MCItemStack@8f2dd798'
[18:00:03.684][INFO]: Removing 'crafting' recipes with output: 'com.blamejared.crafttweaker.api.item.MCItemStack@31d921a1'
[18:00:03.685][INFO]: Removing 'crafting' recipes with output: 'com.blamejared.crafttweaker.api.item.MCItemStack@a0d9dcbe'
[18:00:03.687][INFO]: Removing 'crafting' recipes with output: 'com.blamejared.crafttweaker.api.item.MCItemStack@f77eca0'
[18:00:03.688][INFO]: Adding 'create:mechanical_crafting' recipe, with name: 'crafttweaker:t4_soldier_helmet' that outputs: '<item:apocalypsenow:soldier_helmet>'
[18:00:03.688][INFO]: Removing 'create:mechanical_crafting' recipes with output: 'com.blamejared.crafttweaker.api.item.MCItemStack@31d921a1'
[18:00:03.689][INFO]: Adding 'create:mechanical_crafting' recipe, with name: 'crafttweaker:t4_soldier_chestplate' that outputs: '<item:apocalypsenow:soldier_chestplate>'
[18:00:03.689][INFO]: Removing 'create:mechanical_crafting' recipes with output: 'com.blamejared.crafttweaker.api.item.MCItemStack@a0d9dcbe'
[18:00:03.689][INFO]: Adding 'create:mechanical_crafting' recipe, with name: 'crafttweaker:t4_soldier_leggings' that outputs: '<item:apocalypsenow:soldier_leggings>'
[18:00:03.689][INFO]: Removing 'create:mechanical_crafting' recipes with output: 'com.blamejared.crafttweaker.api.item.MCItemStack@f77eca0'
[18:00:03.689][INFO]: Adding 'create:mechanical_crafting' recipe, with name: 'crafttweaker:t4_soldier_boots' that outputs: '<item:apocalypsenow:soldier_boots>'
[18:00:03.690][INFO]: Removing 'crafting' recipes with output: 'com.blamejared.crafttweaker.api.item.MCItemStack@94b0816e'
[18:00:03.692][INFO]: Adding 'create:mechanical_crafting' recipe, with name: 'crafttweaker:t4_pbf_hamstergasmask_helmet' that outputs: '<item:apocalypsenow:pbf_hamstergasmask_helmet>'
[18:00:03.692][INFO]: Set the value of Max Damage on <item:contenttweaker:x_factor> to: '1024'
[18:00:03.692][INFO]: Set the value of Max Damage on <item:contenttweaker:research_book> to: '1024'
[18:00:03.692][INFO]: Removing 'crafting' recipes with output: 'com.blamejared.crafttweaker.api.item.MCItemStack@351946fb'
[18:00:03.695][INFO]: Adding 'minecraft:crafting' recipe, of type: "shaped", with name: 'crafttweaker:research_book' that outputs: '<item:contenttweaker:research_book>'
[18:00:03.702][INFO]: Adding 'create:sequenced_assembly' recipe, with name: 'crafttweaker:sequenced_assembly/formula_x' that outputs: '<item:contenttweaker:formula_x>'
[18:00:03.703][INFO]: Removing 'minecraft:crafting' recipe(s) with name(s): '[minecraft:golden_apple]'
[18:00:03.704][INFO]: Adding 'minecraft:crafting' recipe, of type: "shapeless", with name: 'crafttweaker:golden_apple' that outputs: '<item:minecraft:golden_apple>'
[18:00:03.704][INFO]: Removing 'crafting' recipes with output: 'com.blamejared.crafttweaker.api.item.MCItemStack@a94b9d00'
[18:00:03.710][INFO]: Adding 'minecraft:crafting' recipe, of type: "shapeless", with name: 'crafttweaker:necroptor_membrance' that outputs: '<item:mutationcraft:necroptor_membrane> * 3'
[18:00:03.711][INFO]: Removing 'crafting' recipes with output: 'com.blamejared.crafttweaker.api.item.MCItemStack@31d73d57'
[18:00:03.715][INFO]: Adding 'minecraft:crafting' recipe, of type: "shapeless", with name: 'crafttweaker:mutagen_serum' that outputs: '<item:mutationcraft:mutagen_serum>'
[18:00:03.718][INFO]: Removing 'crafting' recipes with output: 'com.blamejared.crafttweaker.api.item.MCItemStack@85819b2a'
[18:00:03.721][INFO]: Adding: [apocalypsenow:porpsi] to tag: <tag:items:diet:sugars>
[18:00:03.721][INFO]: Adding: [apocalypsenow:coke] to tag: <tag:items:diet:sugars>
[18:00:03.721][INFO]: Adding: [apocalypsenow:orange_juice] to tag: <tag:items:diet:sugars>
[18:00:03.722][INFO]: Adding: [apocalypsenow:grape_juice] to tag: <tag:items:diet:sugars>
[18:00:03.722][INFO]: Adding: [apocalypsenow:apple_juice] to tag: <tag:items:diet:sugars>
[18:00:03.722][INFO]: Adding: [apocalypsenow:peach_juice] to tag: <tag:items:diet:sugars>
[18:00:03.722][INFO]: Adding: [apocalypsenow:large_soda] to tag: <tag:items:diet:sugars>
[18:00:03.723][INFO]: Adding: [apocalypsenow:energy_drink] to tag: <tag:items:diet:sugars>
[18:00:03.723][INFO]: Adding: [apocalypsenow:beer] to tag: <tag:items:diet:sugars>
[18:00:03.723][INFO]: Adding: [apocalypsenow:nonalcoholic_beer] to tag: <tag:items:diet:sugars>
[18:00:03.723][INFO]: Adding: [apocalypsenow:vodka] to tag: <tag:items:diet:sugars>
[18:00:03.723][INFO]: Adding: [apocalypsenow:cereal] to tag: <tag:items:diet:grains>
[18:00:03.724][INFO]: Adding: [apocalypsenow:beer] to tag: <tag:items:diet:grains>
[18:00:03.724][INFO]: Adding: [apocalypsenow:nonalcoholic_beer] to tag: <tag:items:diet:grains>
[18:00:03.724][INFO]: Adding: [apocalypsenow:vodka] to tag: <tag:items:diet:grains>
[18:00:03.724][INFO]: Adding: [apocalypsenow:open_canned_melon] to tag: <tag:items:diet:fruits>
[18:00:03.724][INFO]: Adding: [apocalypsenow:orange_juice] to tag: <tag:items:diet:fruits>
[18:00:03.725][INFO]: Adding: [apocalypsenow:grape_juice] to tag: <tag:items:diet:fruits>
[18:00:03.725][INFO]: Adding: [apocalypsenow:apple_juice] to tag: <tag:items:diet:fruits>
[18:00:03.725][INFO]: Adding: [apocalypsenow:peach_juice] to tag: <tag:items:diet:fruits>
[18:00:03.725][INFO]: Adding: [apocalypsenow:chips] to tag: <tag:items:diet:proteins>
[18:00:03.725][INFO]: Adding: [apocalypsenow:open_canned_fish] to tag: <tag:items:diet:proteins>
[18:00:03.726][INFO]: Adding: [apocalypsenow:open_canned_pork] to tag: <tag:items:diet:proteins>
[18:00:03.726][INFO]: Adding: [apocalypsenow:open_canned_rabbit_soup] to tag: <tag:items:diet:proteins>
[18:00:03.726][INFO]: Adding: [apocalypsenow:cooked_canned_pork] to tag: <tag:items:diet:proteins>
[18:00:03.726][INFO]: Adding: [apocalypsenow:cooked_caned_fish] to tag: <tag:items:diet:proteins>
[18:00:03.726][INFO]: Adding: [apocalypsenow:cooked_canned_rabit_soup] to tag: <tag:items:diet:proteins>
[18:00:03.727][INFO]: Adding: [apocalypsenow:open_canned_carrot] to tag: <tag:items:diet:vegetables>
[18:00:03.727][INFO]: Adding: [apocalypsenow:open_canned_beetroot] to tag: <tag:items:diet:vegetables>
[18:00:03.727][INFO]: Adding: [apocalypsenow:open_canned_tomatos] to tag: <tag:items:diet:vegetables>
[18:00:03.729][INFO]: Setting food of: <item:apocalypsenow:apple_juice> to food with stats: nutrition: 2, saturation: 0.4, isMeat: false, isFastFood: false, canAlwaysEat: true, effects: []
[18:00:03.729][INFO]: Setting food of: <item:apocalypsenow:orange_juice> to food with stats: nutrition: 2, saturation: 0.3, isMeat: false, isFastFood: false, canAlwaysEat: true, effects: []
[18:00:03.729][INFO]: Setting food of: <item:apocalypsenow:grape_juice> to food with stats: nutrition: 2, saturation: 0.3, isMeat: false, isFastFood: false, canAlwaysEat: true, effects: []
[18:00:03.729][INFO]: Setting food of: <item:apocalypsenow:peach_juice> to food with stats: nutrition: 2, saturation: 0.3, isMeat: false, isFastFood: false, canAlwaysEat: true, effects: []
[18:00:03.729][INFO]: Setting food of: <item:apocalypsenow:large_soda> to food with stats: nutrition: 1, saturation: 0.5, isMeat: false, isFastFood: false, canAlwaysEat: true, effects: []
[18:00:03.729][INFO]: Setting food of: <item:apocalypsenow:porpsi> to food with stats: nutrition: 1, saturation: 0.5, isMeat: false, isFastFood: false, canAlwaysEat: true, effects: []
[18:00:03.730][INFO]: Setting food of: <item:apocalypsenow:coke> to food with stats: nutrition: 1, saturation: 0.5, isMeat: false, isFastFood: false, canAlwaysEat: true, effects: []
[18:00:03.730][INFO]: Setting food of: <item:apocalypsenow:coffee> to food with stats: nutrition: 1, saturation: 0.3, isMeat: false, isFastFood: false, canAlwaysEat: true, effects: []
[18:00:03.730][INFO]: Setting food of: <item:apocalypsenow:whisky> to food with stats: nutrition: 1, saturation: 0.2, isMeat: false, isFastFood: false, canAlwaysEat: true, effects: []
[18:00:03.730][INFO]: Setting food of: <item:apocalypsenow:vodka> to food with stats: nutrition: 1, saturation: 0.3, isMeat: false, isFastFood: false, canAlwaysEat: true, effects: []
[18:00:03.730][INFO]: Setting food of: <item:apocalypsenow:energy_drink> to food with stats: nutrition: 1, saturation: 0.2, isMeat: false, isFastFood: false, canAlwaysEat: true, effects: []
[18:00:03.730][INFO]: Setting food of: <item:apocalypsenow:beer> to food with stats: nutrition: 1, saturation: 0.3, isMeat: false, isFastFood: false, canAlwaysEat: true, effects: []
[18:00:03.730][INFO]: Setting food of: <item:apocalypsenow:nonalcoholic_beer> to food with stats: nutrition: 1, saturation: 0.3, isMeat: false, isFastFood: false, canAlwaysEat: true, effects: []
[18:00:03.730][INFO]: Setting food of: <item:apocalypsenow:open_canned_carrot> to food with stats: nutrition: 3, saturation: 0.5, isMeat: true, isFastFood: false, canAlwaysEat: false, effects: []
[18:00:03.730][INFO]: Setting food of: <item:apocalypsenow:open_canned_fish> to food with stats: nutrition: 2, saturation: 0.4, isMeat: true, isFastFood: false, canAlwaysEat: false, effects: []
[18:00:03.730][INFO]: Setting food of: <item:apocalypsenow:cooked_caned_fish> to food with stats: nutrition: 5, saturation: 0.4, isMeat: true, isFastFood: false, canAlwaysEat: false, effects: []
[18:00:03.730][INFO]: Setting food of: <item:apocalypsenow:open_canned_beetroot> to food with stats: nutrition: 4, saturation: 0.4, isMeat: false, isFastFood: false, canAlwaysEat: false, effects: []
[18:00:03.730][INFO]: Setting food of: <item:apocalypsenow:open_canned_melon> to food with stats: nutrition: 2, saturation: 0.2, isMeat: true, isFastFood: false, canAlwaysEat: false, effects: []
[18:00:03.730][INFO]: Setting food of: <item:apocalypsenow:open_canned_tomatos> to food with stats: nutrition: 1, saturation: 0.4, isMeat: false, isFastFood: false, canAlwaysEat: false, effects: []
[18:00:03.730][INFO]: Setting food of: <item:apocalypsenow:open_canned_pork> to food with stats: nutrition: 3, saturation: 0.3, isMeat: true, isFastFood: false, canAlwaysEat: false, effects: []
[18:00:03.730][INFO]: Setting food of: <item:apocalypsenow:cooked_canned_pork> to food with stats: nutrition: 8, saturation: 0.5, isMeat: true, isFastFood: false, canAlwaysEat: false, effects: []
[18:00:03.730][INFO]: Setting food of: <item:apocalypsenow:open_canned_rabbit_soup> to food with stats: nutrition: 3, saturation: 0.5, isMeat: true, isFastFood: false, canAlwaysEat: false, effects: []
[18:00:03.730][INFO]: Setting food of: <item:apocalypsenow:cooked_canned_rabit_soup> to food with stats: nutrition: 5, saturation: 0.6, isMeat: true, isFastFood: false, canAlwaysEat: false, effects: []
[18:00:03.731][INFO]: Adding 'create:sequenced_assembly' recipe, with name: 'crafttweaker:sequenced_assembly/porpsi' that outputs: '<item:apocalypsenow:porpsi>'
[18:00:03.733][INFO]: Removing all recipes that output <item:apocalypsenow:can>
[18:00:03.747][INFO]: Removed 1 recipes registered in these 1 recipe managers: [<recipetype:minecraft:crafting>: 1]
[18:00:03.748][INFO]: Adding 'create:sequenced_assembly' recipe, with name: 'crafttweaker:sequenced_assembly/coke' that outputs: '<item:apocalypsenow:coke>'
[18:00:03.749][INFO]: Adding 'create:sequenced_assembly' recipe, with name: 'crafttweaker:sequenced_assembly/chips' that outputs: '<item:apocalypsenow:chips>'
[18:00:03.750][INFO]: Registering new items tag with name <tag:items:forge:material/cereal>
[18:00:03.751][INFO]: Adding: [minecraft:wheat] to tag: <tag:items:forge:material/cereal>
[18:00:03.751][INFO]: Adding: [farmersdelight:rice] to tag: <tag:items:forge:material/cereal>
[18:00:03.752][INFO]: Adding 'create:sequenced_assembly' recipe, with name: 'crafttweaker:sequenced_assembly/cereal' that outputs: '<item:apocalypsenow:cereal>'
[18:00:03.754][INFO]: Adding 'create:pressing' recipe, with name: 'crafttweaker:can_press' that outputs: '<item:apocalypsenow:can>'
[18:00:03.754][INFO]: Adding 'minecraft:crafting' recipe, of type: "shapeless", with name: 'crafttweaker:unpack_gunpowder_can' that outputs: '<item:minecraft:gunpowder> * 4'
[18:00:03.755][INFO]: Adding 'create:sequenced_assembly' recipe, with name: 'crafttweaker:sequenced_assembly/canned_beetroot' that outputs: '<item:apocalypsenow:canned_beet_root>'
[18:00:03.755][INFO]: Adding 'create:sequenced_assembly' recipe, with name: 'crafttweaker:sequenced_assembly/canned_carrot' that outputs: '<item:apocalypsenow:canned_carrot>'
[18:00:03.756][INFO]: Adding 'create:sequenced_assembly' recipe, with name: 'crafttweaker:sequenced_assembly/canned_fish' that outputs: '<item:apocalypsenow:canned_fish>'
[18:00:03.756][INFO]: Adding 'create:sequenced_assembly' recipe, with name: 'crafttweaker:sequenced_assembly/canned_melon' that outputs: '<item:apocalypsenow:canned_melon>'
[18:00:03.757][INFO]: Adding 'create:sequenced_assembly' recipe, with name: 'crafttweaker:sequenced_assembly/canned_tomato' that outputs: '<item:apocalypsenow:canned_tomatos>'
[18:00:03.757][INFO]: Adding 'create:sequenced_assembly' recipe, with name: 'crafttweaker:sequenced_assembly/canned_pork' that outputs: '<item:apocalypsenow:canned_pork>'
[18:00:03.758][INFO]: Adding 'create:sequenced_assembly' recipe, with name: 'crafttweaker:sequenced_assembly/canned_rabbit_soup' that outputs: '<item:apocalypsenow:canned_rabit_soup>'
[18:00:03.759][INFO]: Registering new items tag with name <tag:items:forge:lowxpfood>
[18:00:03.759][INFO]: Adding: [alexsmobs:banana] to tag: <tag:items:forge:lowxpfood>
[18:00:03.760][INFO]: Adding: [alexsmobs:boiled_emu_egg] to tag: <tag:items:forge:lowxpfood>
[18:00:03.760][INFO]: Adding: [alexsmobs:cooked_catfish] to tag: <tag:items:forge:lowxpfood>
[18:00:03.760][INFO]: Adding: [alexsmobs:cooked_kangaroo_meat] to tag: <tag:items:forge:lowxpfood>
[18:00:03.760][INFO]: Adding: [alexsmobs:cooked_lobster_tail] to tag: <tag:items:forge:lowxpfood>
[18:00:03.761][INFO]: Adding: [alexsmobs:cooked_moose_ribs] to tag: <tag:items:forge:lowxpfood>
[18:00:03.761][INFO]: Adding: [alexsmobs:flying_fish] to tag: <tag:items:forge:lowxpfood>
[18:00:03.761][INFO]: Adding: [alexsmobs:gongylidia] to tag: <tag:items:forge:lowxpfood>
[18:00:03.761][INFO]: Adding: [alexsmobs:kangaroo_meat] to tag: <tag:items:forge:lowxpfood>
[18:00:03.761][INFO]: Adding: [alexsmobs:lobster_tail] to tag: <tag:items:forge:lowxpfood>
[18:00:03.762][INFO]: Adding: [alexsmobs:maggot] to tag: <tag:items:forge:lowxpfood>
[18:00:03.762][INFO]: Adding: [alexsmobs:moose_ribs] to tag: <tag:items:forge:lowxpfood>
[18:00:03.762][INFO]: Adding: [alexsmobs:rainbow_jelly] to tag: <tag:items:forge:lowxpfood>
[18:00:03.762][INFO]: Adding: [alexsmobs:raw_catfish] to tag: <tag:items:forge:lowxpfood>
[18:00:03.763][INFO]: Adding: [alexsmobs:sopa_de_macaco] to tag: <tag:items:forge:lowxpfood>
[18:00:03.763][INFO]: Adding: [apocalypsenow:apple_juice] to tag: <tag:items:forge:lowxpfood>
[18:00:03.763][INFO]: Adding: [apocalypsenow:chips] to tag: <tag:items:forge:lowxpfood>
[18:00:03.763][INFO]: Adding: [apocalypsenow:cooked_caned_fish] to tag: <tag:items:forge:lowxpfood>
[18:00:03.763][INFO]: Adding: [apocalypsenow:cooked_canned_pork] to tag: <tag:items:forge:lowxpfood>
[18:00:03.764][INFO]: Adding: [apocalypsenow:cooked_canned_rabit_soup] to tag: <tag:items:forge:lowxpfood>
[18:00:03.764][INFO]: Adding: [apocalypsenow:grape_juice] to tag: <tag:items:forge:lowxpfood>
[18:00:03.764][INFO]: Adding: [apocalypsenow:large_soda] to tag: <tag:items:forge:lowxpfood>
[18:00:03.764][INFO]: Adding: [apocalypsenow:open_canned_beetroot] to tag: <tag:items:forge:lowxpfood>
[18:00:03.765][INFO]: Adding: [apocalypsenow:open_canned_carrot] to tag: <tag:items:forge:lowxpfood>
[18:00:03.765][INFO]: Adding: [apocalypsenow:open_canned_fish] to tag: <tag:items:forge:lowxpfood>
[18:00:03.765][INFO]: Adding: [apocalypsenow:open_canned_melon] to tag: <tag:items:forge:lowxpfood>
[18:00:03.765][INFO]: Adding: [apocalypsenow:open_canned_pork] to tag: <tag:items:forge:lowxpfood>
[18:00:03.765][INFO]: Adding: [apocalypsenow:open_canned_rabbit_soup] to tag: <tag:items:forge:lowxpfood>
[18:00:03.766][INFO]: Adding: [apocalypsenow:open_canned_tomatos] to tag: <tag:items:forge:lowxpfood>
[18:00:03.766][INFO]: Adding: [apocalypsenow:orange_juice] to tag: <tag:items:forge:lowxpfood>
[18:00:03.766][INFO]: Adding: [apocalypsenow:peach_juice] to tag: <tag:items:forge:lowxpfood>
[18:00:03.766][INFO]: Adding: [cold_sweat:soul_sprout] to tag: <tag:items:forge:lowxpfood>
[18:00:03.766][INFO]: Adding: [create_central_kitchen:aloe_cake_slice] to tag: <tag:items:forge:lowxpfood>
[18:00:03.767][INFO]: Adding: [create_central_kitchen:cherry_pie_slice] to tag: <tag:items:forge:lowxpfood>
[18:00:03.767][INFO]: Adding: [create_central_kitchen:chocolate_cake_slice] to tag: <tag:items:forge:lowxpfood>
[18:00:03.767][INFO]: Adding: [create_central_kitchen:honey_cake_slice] to tag: <tag:items:forge:lowxpfood>
[18:00:03.767][INFO]: Adding: [create_central_kitchen:incomplete_apple_pie] to tag: <tag:items:forge:lowxpfood>
[18:00:03.767][INFO]: Adding: [create_central_kitchen:incomplete_bacon_sandwich] to tag: <tag:items:forge:lowxpfood>
[18:00:03.768][INFO]: Adding: [create_central_kitchen:incomplete_cherry_pie] to tag: <tag:items:forge:lowxpfood>
[18:00:03.768][INFO]: Adding: [create_central_kitchen:incomplete_chicken_sandwich] to tag: <tag:items:forge:lowxpfood>
[18:00:03.768][INFO]: Adding: [create_central_kitchen:incomplete_egg_sandwich] to tag: <tag:items:forge:lowxpfood>
[18:00:03.768][INFO]: Adding: [create_central_kitchen:incomplete_hamburger] to tag: <tag:items:forge:lowxpfood>
[18:00:03.768][INFO]: Adding: [create_central_kitchen:incomplete_mulberry_pie] to tag: <tag:items:forge:lowxpfood>
[18:00:03.769][INFO]: Adding: [create_central_kitchen:incomplete_mutton_wrap] to tag: <tag:items:forge:lowxpfood>
[18:00:03.769][INFO]: Adding: [create_central_kitchen:incomplete_pumpkin_pie] to tag: <tag:items:forge:lowxpfood>
[18:00:03.769][INFO]: Adding: [create_central_kitchen:incomplete_sweet_berry_cheesecake] to tag: <tag:items:forge:lowxpfood>
[18:00:03.769][INFO]: Adding: [create_central_kitchen:incomplete_truffle_pie] to tag: <tag:items:forge:lowxpfood>
[18:00:03.769][INFO]: Adding: [create_central_kitchen:mulberry_pie_slice] to tag: <tag:items:forge:lowxpfood>
[18:00:03.770][INFO]: Adding: [create_central_kitchen:passionfruit_cake_slice] to tag: <tag:items:forge:lowxpfood>
[18:00:03.770][INFO]: Adding: [create_central_kitchen:pumpkin_cake_slice] to tag: <tag:items:forge:lowxpfood>
[18:00:03.770][INFO]: Adding: [create_central_kitchen:pumpkin_pie_slice] to tag: <tag:items:forge:lowxpfood>
[18:00:03.770][INFO]: Adding: [create_central_kitchen:sweet_berry_cake_slice] to tag: <tag:items:forge:lowxpfood>
[18:00:03.770][INFO]: Adding: [create_central_kitchen:truffle_pie_slice] to tag: <tag:items:forge:lowxpfood>
[18:00:03.770][INFO]: Adding: [create_central_kitchen:yucca_cake_slice] to tag: <tag:items:forge:lowxpfood>
[18:00:03.770][INFO]: Adding: [crittersandcompanions:koi_fish] to tag: <tag:items:forge:lowxpfood>
[18:00:03.771][INFO]: Adding: [farmersdelight:apple_pie_slice] to tag: <tag:items:forge:lowxpfood>
[18:00:03.771][INFO]: Adding: [farmersdelight:bacon] to tag: <tag:items:forge:lowxpfood>
[18:00:03.771][INFO]: Adding: [farmersdelight:beef_patty] to tag: <tag:items:forge:lowxpfood>
[18:00:03.771][INFO]: Adding: [farmersdelight:cabbage] to tag: <tag:items:forge:lowxpfood>
[18:00:03.771][INFO]: Adding: [farmersdelight:cabbage_leaf] to tag: <tag:items:forge:lowxpfood>
[18:00:03.771][INFO]: Adding: [farmersdelight:cake_slice] to tag: <tag:items:forge:lowxpfood>
[18:00:03.771][INFO]: Adding: [farmersdelight:chicken_cuts] to tag: <tag:items:forge:lowxpfood>
[18:00:03.771][INFO]: Adding: [farmersdelight:cabbage_leaf] to tag: <tag:items:forge:lowxpfood>
[18:00:03.772][INFO]: Adding: [farmersdelight:chocolate_pie_slice] to tag: <tag:items:forge:lowxpfood>
[18:00:03.772][INFO]: Adding: [farmersdelight:cod_slice] to tag: <tag:items:forge:lowxpfood>
[18:00:03.772][INFO]: Adding: [farmersdelight:cooked_bacon] to tag: <tag:items:forge:lowxpfood>
[18:00:03.772][INFO]: Adding: [farmersdelight:cooked_chicken_cuts] to tag: <tag:items:forge:lowxpfood>
[18:00:03.772][INFO]: Adding: [farmersdelight:cooked_cod_slice] to tag: <tag:items:forge:lowxpfood>
[18:00:03.772][INFO]: Adding: [farmersdelight:cooked_mutton_chops] to tag: <tag:items:forge:lowxpfood>
[18:00:03.772][INFO]: Adding: [farmersdelight:cooked_salmon_slice] to tag: <tag:items:forge:lowxpfood>
[18:00:03.773][INFO]: Adding: [farmersdelight:fried_egg] to tag: <tag:items:forge:lowxpfood>
[18:00:03.773][INFO]: Adding: [farmersdelight:fruit_salad] to tag: <tag:items:forge:lowxpfood>
[18:00:03.773][INFO]: Adding: [farmersdelight:ham] to tag: <tag:items:forge:lowxpfood>
[18:00:03.773][INFO]: Adding: [farmersdelight:honey_cookie] to tag: <tag:items:forge:lowxpfood>
[18:00:03.774][INFO]: Adding: [farmersdelight:kelp_roll_slice] to tag: <tag:items:forge:lowxpfood>
[18:00:03.774][INFO]: Adding: [farmersdelight:melon_popsicle] to tag: <tag:items:forge:lowxpfood>
[18:00:03.774][INFO]: Adding: [farmersdelight:minced_beef] to tag: <tag:items:forge:lowxpfood>
[18:00:03.774][INFO]: Adding: [farmersdelight:mixed_salad] to tag: <tag:items:forge:lowxpfood>
[18:00:03.774][INFO]: Adding: [farmersdelight:mutton_chops] to tag: <tag:items:forge:lowxpfood>
[18:00:03.775][INFO]: Adding: [farmersdelight:onion] to tag: <tag:items:forge:lowxpfood>
[18:00:03.775][INFO]: Adding: [farmersdelight:pie_crust] to tag: <tag:items:forge:lowxpfood>
[18:00:03.775][INFO]: Adding: [farmersdelight:pumpkin_slice] to tag: <tag:items:forge:lowxpfood>
[18:00:03.775][INFO]: Adding: [farmersdelight:raw_pasta] to tag: <tag:items:forge:lowxpfood>
[18:00:03.776][INFO]: Adding: [farmersdelight:salmon_slice] to tag: <tag:items:forge:lowxpfood>
[18:00:03.776][INFO]: Adding: [farmersdelight:sweet_berry_cheesecake_slice] to tag: <tag:items:forge:lowxpfood>
[18:00:03.776][INFO]: Adding: [farmersdelight:sweet_berry_cookie] to tag: <tag:items:forge:lowxpfood>
[18:00:03.776][INFO]: Adding: [farmersdelight:tomato] to tag: <tag:items:forge:lowxpfood>
[18:00:03.776][INFO]: Adding: [farmersdelight:tomato_sauce] to tag: <tag:items:forge:lowxpfood>
[18:00:03.777][INFO]: Adding: [farmersdelight:wheat_dough] to tag: <tag:items:forge:lowxpfood>
[18:00:03.777][INFO]: Adding: [minecraft:apple] to tag: <tag:items:forge:lowxpfood>
[18:00:03.777][INFO]: Adding: [minecraft:baked_potato] to tag: <tag:items:forge:lowxpfood>
[18:00:03.777][INFO]: Adding: [minecraft:beetroot] to tag: <tag:items:forge:lowxpfood>
[18:00:03.777][INFO]: Adding: [minecraft:beetroot_soup] to tag: <tag:items:forge:lowxpfood>
[18:00:03.778][INFO]: Adding: [minecraft:bread] to tag: <tag:items:forge:lowxpfood>
[18:00:03.778][INFO]: Adding: [minecraft:carrot] to tag: <tag:items:forge:lowxpfood>
[18:00:03.778][INFO]: Adding: [minecraft:chicken] to tag: <tag:items:forge:lowxpfood>
[18:00:03.778][INFO]: Adding: [minecraft:chorus_fruit] to tag: <tag:items:forge:lowxpfood>
[18:00:03.778][INFO]: Adding: [minecraft:cod] to tag: <tag:items:forge:lowxpfood>
[18:00:03.779][INFO]: Adding: [minecraft:cooked_beef] to tag: <tag:items:forge:lowxpfood>
[18:00:03.779][INFO]: Adding: [minecraft:cooked_chicken] to tag: <tag:items:forge:lowxpfood>
[18:00:03.779][INFO]: Adding: [minecraft:cooked_cod] to tag: <tag:items:forge:lowxpfood>
[18:00:03.779][INFO]: Adding: [minecraft:cooked_mutton] to tag: <tag:items:forge:lowxpfood>
[18:00:03.780][INFO]: Adding: [minecraft:cooked_rabbit] to tag: <tag:items:forge:lowxpfood>
[18:00:03.780][INFO]: Adding: [minecraft:cooked_salmon] to tag: <tag:items:forge:lowxpfood>
[18:00:03.780][INFO]: Adding: [minecraft:cooked_porkchop] to tag: <tag:items:forge:lowxpfood>
[18:00:03.780][INFO]: Adding: [minecraft:cookie] to tag: <tag:items:forge:lowxpfood>
[18:00:03.780][INFO]: Adding: [minecraft:dried_kelp] to tag: <tag:items:forge:lowxpfood>
[18:00:03.781][INFO]: Adding: [minecraft:enchanted_golden_apple] to tag: <tag:items:forge:lowxpfood>
[18:00:03.781][INFO]: Adding: [minecraft:glow_berries] to tag: <tag:items:forge:lowxpfood>
[18:00:03.781][INFO]: Adding: [minecraft:golden_apple] to tag: <tag:items:forge:lowxpfood>
[18:00:03.781][INFO]: Adding: [minecraft:golden_carrot] to tag: <tag:items:forge:lowxpfood>
[18:00:03.781][INFO]: Adding: [minecraft:honey_bottle] to tag: <tag:items:forge:lowxpfood>
[18:00:03.782][INFO]: Adding: [minecraft:melon_slice] to tag: <tag:items:forge:lowxpfood>
[18:00:03.782][INFO]: Adding: [minecraft:mushroom_stew] to tag: <tag:items:forge:lowxpfood>
[18:00:03.782][INFO]: Adding: [minecraft:mutton] to tag: <tag:items:forge:lowxpfood>
[18:00:03.782][INFO]: Adding: [minecraft:porkchop] to tag: <tag:items:forge:lowxpfood>
[18:00:03.783][INFO]: Adding: [minecraft:potato] to tag: <tag:items:forge:lowxpfood>
[18:00:03.783][INFO]: Adding: [minecraft:rabbit] to tag: <tag:items:forge:lowxpfood>
[18:00:03.783][INFO]: Adding: [minecraft:salmon] to tag: <tag:items:forge:lowxpfood>
[18:00:03.783][INFO]: Adding: [minecraft:suspicious_stew] to tag: <tag:items:forge:lowxpfood>
[18:00:03.783][INFO]: Adding: [minecraft:sweet_berries] to tag: <tag:items:forge:lowxpfood>
[18:00:03.784][INFO]: Adding: [minecraft:tropical_fish] to tag: <tag:items:forge:lowxpfood>
[18:00:03.784][INFO]: Adding: [minecraft:beef] to tag: <tag:items:forge:lowxpfood>
[18:00:03.785][INFO]: Registering new items tag with name <tag:items:forge:mediumxpfood>
[18:00:03.785][INFO]: Adding: [alexsmobs:kangaroo_burger] to tag: <tag:items:forge:mediumxpfood>
[18:00:03.786][INFO]: Adding: [alexsmobs:shrimp_fried_rice] to tag: <tag:items:forge:mediumxpfood>
[18:00:03.786][INFO]: Adding: [apocalypsenow:cereal] to tag: <tag:items:forge:mediumxpfood>
[18:00:03.786][INFO]: Adding: [create:bar_of_chocolate] to tag: <tag:items:forge:mediumxpfood>
[18:00:03.786][INFO]: Adding: [create:chocolate_glazed_berries] to tag: <tag:items:forge:mediumxpfood>
[18:00:03.787][INFO]: Adding: [create:honeyed_apple] to tag: <tag:items:forge:mediumxpfood>
[18:00:03.787][INFO]: Adding: [create:sweet_roll] to tag: <tag:items:forge:mediumxpfood>
[18:00:03.787][INFO]: Adding: [farmersdelight:barbecue_stick] to tag: <tag:items:forge:mediumxpfood>
[18:00:03.787][INFO]: Adding: [farmersdelight:bone_broth] to tag: <tag:items:forge:mediumxpfood>
[18:00:03.787][INFO]: Adding: [farmersdelight:cabbage_rolls] to tag: <tag:items:forge:mediumxpfood>
[18:00:03.788][INFO]: Adding: [farmersdelight:cod_roll] to tag: <tag:items:forge:mediumxpfood>
[18:00:03.788][INFO]: Adding: [farmersdelight:cooked_rice] to tag: <tag:items:forge:mediumxpfood>
[18:00:03.788][INFO]: Adding: [farmersdelight:dog_food] to tag: <tag:items:forge:mediumxpfood>
[18:00:03.788][INFO]: Adding: [farmersdelight:dumplings] to tag: <tag:items:forge:mediumxpfood>
[18:00:03.789][INFO]: Adding: [farmersdelight:egg_sandwich] to tag: <tag:items:forge:mediumxpfood>
[18:00:03.789][INFO]: Adding: [farmersdelight:glow_berry_custard] to tag: <tag:items:forge:mediumxpfood>
[18:00:03.789][INFO]: Adding: [farmersdelight:mutton_wrap] to tag: <tag:items:forge:mediumxpfood>
[18:00:03.789][INFO]: Adding: [farmersdelight:nether_salad] to tag: <tag:items:forge:mediumxpfood>
[18:00:03.789][INFO]: Adding: [farmersdelight:salmon_roll] to tag: <tag:items:forge:mediumxpfood>
[18:00:03.790][INFO]: Adding: [farmersdelight:smoked_ham] to tag: <tag:items:forge:mediumxpfood>
[18:00:03.790][INFO]: Adding: [farmersdelight:stuffed_potato] to tag: <tag:items:forge:mediumxpfood>
[18:00:03.790][INFO]: Adding: [minecraft:rabbit_stew] to tag: <tag:items:forge:mediumxpfood>
[18:00:03.790][INFO]: Registering new items tag with name <tag:items:forge:largexpfood>
[18:00:03.790][INFO]: Adding: [apocalypsenow:mre] to tag: <tag:items:forge:largexpfood>
[18:00:03.790][INFO]: Adding: [farmersdelight:bacon_and_eggs] to tag: <tag:items:forge:largexpfood>
[18:00:03.791][INFO]: Adding: [farmersdelight:bacon_sandwich] to tag: <tag:items:forge:largexpfood>
[18:00:03.791][INFO]: Adding: [farmersdelight:baked_cod_stew] to tag: <tag:items:forge:largexpfood>
[18:00:03.791][INFO]: Adding: [farmersdelight:beef_stew] to tag: <tag:items:forge:largexpfood>
[18:00:03.791][INFO]: Adding: [farmersdelight:bacon_and_eggs] to tag: <tag:items:forge:largexpfood>
[18:00:03.791][INFO]: Adding: [farmersdelight:chicken_sandwich] to tag: <tag:items:forge:largexpfood>
[18:00:03.792][INFO]: Adding: [farmersdelight:chicken_soup] to tag: <tag:items:forge:largexpfood>
[18:00:03.792][INFO]: Adding: [farmersdelight:fish_stew] to tag: <tag:items:forge:largexpfood>
[18:00:03.792][INFO]: Adding: [farmersdelight:fried_rice] to tag: <tag:items:forge:largexpfood>
[18:00:03.792][INFO]: Adding: [farmersdelight:grilled_salmon] to tag: <tag:items:forge:largexpfood>
[18:00:03.792][INFO]: Adding: [farmersdelight:hamburger] to tag: <tag:items:forge:largexpfood>
[18:00:03.793][INFO]: Adding: [farmersdelight:honey_glazed_ham] to tag: <tag:items:forge:largexpfood>
[18:00:03.793][INFO]: Adding: [farmersdelight:kelp_roll] to tag: <tag:items:forge:largexpfood>
[18:00:03.793][INFO]: Adding: [farmersdelight:mushroom_rice] to tag: <tag:items:forge:largexpfood>
[18:00:03.793][INFO]: Adding: [farmersdelight:noodle_soup] to tag: <tag:items:forge:largexpfood>
[18:00:03.793][INFO]: Adding: [farmersdelight:pasta_with_meatballs] to tag: <tag:items:forge:largexpfood>
[18:00:03.794][INFO]: Adding: [farmersdelight:pasta_with_mutton_chop] to tag: <tag:items:forge:largexpfood>
[18:00:03.794][INFO]: Adding: [farmersdelight:pumpkin_soup] to tag: <tag:items:forge:largexpfood>
[18:00:03.794][INFO]: Adding: [farmersdelight:ratatouille] to tag: <tag:items:forge:largexpfood>
[18:00:03.794][INFO]: Adding: [farmersdelight:roast_chicken] to tag: <tag:items:forge:largexpfood>
[18:00:03.794][INFO]: Adding: [farmersdelight:roasted_mutton_chops] to tag: <tag:items:forge:largexpfood>
[18:00:03.795][INFO]: Adding: [farmersdelight:shepherds_pie] to tag: <tag:items:forge:largexpfood>
[18:00:03.795][INFO]: Adding: [farmersdelight:squid_ink_pasta] to tag: <tag:items:forge:largexpfood>
[18:00:03.795][INFO]: Adding: [farmersdelight:steak_and_potatoes] to tag: <tag:items:forge:largexpfood>
[18:00:03.795][INFO]: Adding: [farmersdelight:stuffed_pumpkin] to tag: <tag:items:forge:largexpfood>
[18:00:03.795][INFO]: Adding: [farmersdelight:vegetable_noodles] to tag: <tag:items:forge:largexpfood>
[18:00:03.796][INFO]: Adding: [farmersdelight:vegetable_soup] to tag: <tag:items:forge:largexpfood>
[18:00:03.796][INFO]: Removing 'crafting' recipes with output: 'com.blamejared.crafttweaker.api.item.MCItemStack@760b0100'
[18:00:03.803][INFO]: Adding 'minecraft:crafting' recipe, of type: "shaped", with name: 'crafttweaker:horde_beacon' that outputs: '<item:contenttweaker:horde_beacon>'
[18:00:03.803][INFO]: Removing 'crafting' recipes with output: 'com.blamejared.crafttweaker.api.item.MCItemStack@3db31395'
[18:00:03.809][INFO]: Adding 'minecraft:crafting' recipe, of type: "shaped", with name: 'crafttweaker:xp_tome' that outputs: '<item:xpbook:xp_tome>'
[18:00:03.809][INFO]: Removing 'crafting' recipes with output: 'com.blamejared.crafttweaker.api.item.MCItemStack@7bdf4552'
[18:00:03.814][INFO]: Adding 'minecraft:crafting' recipe, of type: "mirroring shaped", with name: 'crafttweaker:morphine' that outputs: '<item:firstaid:morphine>'
[18:00:03.816][INFO]: Adding 'create:sequenced_assembly' recipe, with name: 'crafttweaker:sequenced_assembly/ender_pearl' that outputs: '<item:minecraft:ender_pearl>'
[18:00:03.816][INFO]: Removing 'minecraft:crafting' recipe(s) with name(s): '[cfm:fridge_light]'
[18:00:03.816][INFO]: Removing 'minecraft:crafting' recipe(s) with name(s): '[cfm:fridge_dark]'
[18:00:03.817][INFO]: Adding 'create:sequenced_assembly' recipe, with name: 'crafttweaker:sequenced_assembly/everlasting_torches' that outputs: '<item:minecraft:torch> * 4'
[18:00:03.817][INFO]: Set the value of Max Damage on <item:minecraft:flint_and_steel> to: '256'
[18:00:03.817][INFO]: Adding 'minecraft:crafting' recipe, of type: "shaped", with name: 'crafttweaker:wool_torch' that outputs: '<item:minecraft:torch> * 6'
[18:00:03.817][INFO]: Removing 'minecraft:crafting' recipe(s) with name(s): '[minecraft:torch]'
[18:00:03.818][INFO]: Adding 'minecraft:crafting' recipe, of type: "shaped", with name: 'crafttweaker:glow_torches' that outputs: '<item:minecraft:torch> * 4'
[18:00:03.818][INFO]: Adding 'minecraft:crafting' recipe, of type: "mirroring shaped", with name: 'crafttweaker:creosote_oil_everlasting_torch' that outputs: '<item:minecraft:torch> * 32'
[18:00:03.819][INFO]: Adding 'minecraft:crafting' recipe, of type: "shaped", with name: 'crafttweaker:biomes_o_plenty_chest' that outputs: '<item:minecraft:chest>'
[18:00:03.823][INFO]: Adding 'minecraft:crafting' recipe, of type: "shapeless", with name: 'crafttweaker:netherite_scrap_uncraft' that outputs: '<item:minecraft:netherite_scrap> * 2'
[18:00:03.824][INFO]: Adding 'create:crushing' recipe, with name: 'crafttweaker:netherite_scrap_uncraft_crusher_create' that outputs: '<item:minecraft:netherite_scrap> * 3'
[18:00:03.824][INFO]: Adding 'minecraft:crafting' recipe, of type: "shapeless", with name: 'crafttweaker:resistant_fabric' that outputs: '<item:contenttweaker:resistant_fabric>'
[18:00:03.825][INFO]: Adding 'minecraft:crafting' recipe, of type: "shapeless", with name: 'crafttweaker:resistant_fiber_cutter' that outputs: '<item:contenttweaker:resistant_fiber> * 4'
[18:00:03.826][INFO]: Adding 'create:mixing' recipe, with name: 'crafttweaker:poison_potato_healing' that outputs: '<item:minecraft:air>'
[18:00:03.828][INFO]: Setting Composter value of: <item:minecraft:rotten_flesh>, to: 0.5, from: -1.0
[18:00:03.828][INFO]: Adding 'minecraft:crafting' recipe, of type: "shapeless", with name: 'crafttweaker:string' that outputs: '<item:minecraft:string> * 2'
[18:00:03.829][INFO]: Adding 'minecraft:smelting' recipe, with name: 'crafttweaker:leather' that outputs: '<item:minecraft:leather>'
[18:00:03.829][INFO]: Removing 'crafting' recipes with output: 'com.blamejared.crafttweaker.api.item.MCItemStack@80c60d09'
[18:00:03.835][INFO]: Adding 'minecraft:crafting' recipe, of type: "mirroring shaped", with name: 'crafttweaker:cloth' that outputs: '<item:apocalypsenow:cloth>'
[18:00:03.835][INFO]: Removing 'crafting' recipes with output: 'com.blamejared.crafttweaker.api.item.MCItemStack@d5347b16'
[18:00:03.838][INFO]: Adding 'minecraft:crafting' recipe, of type: "mirroring shaped", with name: 'crafttweaker:needle' that outputs: '<item:apocalypsenow:needle>'
[18:00:03.838][INFO]: Removing 'crafting' recipes with output: 'com.blamejared.crafttweaker.api.item.MCItemStack@98b0616'
[18:00:03.840][INFO]: Adding 'minecraft:crafting' recipe, of type: "mirroring shaped", with name: 'crafttweaker:nightvisionmodule' that outputs: '<item:apocalypsenow:nightvisionmodule>'
[18:00:03.840][INFO]: Removing 'crafting' recipes with output: 'com.blamejared.crafttweaker.api.item.MCItemStack@5932039d'
[18:00:03.842][INFO]: Adding 'minecraft:crafting' recipe, of type: "mirroring shaped", with name: 'crafttweaker:breathingfiltermodule' that outputs: '<item:apocalypsenow:breathingfiltermodule>'
[18:00:03.842][INFO]: Removing 'create:compacting' recipe(s) with name(s): '[createaddition:compacting/seed_oil]'
[18:00:03.843][INFO]: Adding 'create:compacting' recipe, with name: 'crafttweaker:seed_oil' that outputs: '<item:minecraft:air>'
[18:00:03.843][INFO]: Removing 'create:mixing' recipe(s) with name(s): '[createaddition:mixing/bioethanol]'
[18:00:03.843][INFO]: Adding 'create:mixing' recipe, with name: 'crafttweaker:bioethanol' that outputs: '<item:minecraft:air>'
[18:00:03.843][INFO]: Adding 'minecraft:crafting' recipe, of type: "shapeless", with name: 'crafttweaker:ie_gold_wire' that outputs: '<item:createaddition:gold_wire>'
[18:00:03.844][INFO]: Adding 'minecraft:crafting' recipe, of type: "shapeless", with name: 'crafttweaker:ie_iron_wire' that outputs: '<item:createaddition:iron_wire>'
[18:00:03.844][INFO]: Adding 'minecraft:crafting' recipe, of type: "shapeless", with name: 'crafttweaker:create_iron_sheet' that outputs: '<item:create:iron_sheet>'
[18:00:03.845][INFO]: Adding 'minecraft:crafting' recipe, of type: "shapeless", with name: 'crafttweaker:create_copper_sheet' that outputs: '<item:create:copper_sheet>'
[18:00:03.845][INFO]: Adding 'minecraft:crafting' recipe, of type: "shapeless", with name: 'crafttweaker:create_brass_sheet' that outputs: '<item:create:brass_sheet>'
[18:00:03.845][INFO]: Adding 'minecraft:crafting' recipe, of type: "shapeless", with name: 'crafttweaker:create_golden_sheet' that outputs: '<item:create:golden_sheet>'
[18:00:03.846][INFO]: Adding 'minecraft:crafting' recipe, of type: "shapeless", with name: 'crafttweaker:create_zinc_sheet' that outputs: '<item:createaddition:zinc_sheet>'
[18:00:03.846][INFO]: Adding 'minecraft:crafting' recipe, of type: "shapeless", with name: 'crafttweaker:create_electrum_sheet' that outputs: '<item:createaddition:electrum_sheet>'
[18:00:03.848][INFO]: Removing 'minecraft:crafting' recipe(s) with name(s): '[create:crafting/materials/electron_tube]'
[18:00:03.906][INFO]: - Replacing "minecraft:crafting" recipe with name "create:crafting/logistics/brass_tunnel", renaming it to "crafttweaker:autogenerated/create.crafting/logistics/brass_tunnel"
[18:00:03.907][INFO]: - Replacing "minecraft:crafting" recipe with name "create:crafting/kinetics/mechanical_roller", renaming it to "crafttweaker:autogenerated/create.crafting/kinetics/mechanical_roller"
[18:00:03.909][INFO]: - Replacing "minecraft:crafting" recipe with name "create:crafting/kinetics/deployer", renaming it to "crafttweaker:autogenerated/create.crafting/kinetics/deployer"
[18:00:03.911][INFO]: - Replacing "minecraft:crafting" recipe with name "create:crafting/logistics/brass_funnel", renaming it to "crafttweaker:autogenerated/create.crafting/logistics/brass_funnel"
[18:00:03.914][INFO]: - Replacing "minecraft:crafting" recipe with name "create:crafting/kinetics/controller_rail", renaming it to "crafttweaker:autogenerated/create.crafting/kinetics/controller_rail"
[18:00:03.915][INFO]: - Replacing "minecraft:crafting" recipe with name "create:crafting/kinetics/clockwork_bearing", renaming it to "crafttweaker:autogenerated/create.crafting/kinetics/clockwork_bearing"
[18:00:03.915][INFO]: - Replacing "minecraft:crafting" recipe with name "create:crafting/kinetics/nixie_tube", renaming it to "crafttweaker:autogenerated/create.crafting/kinetics/nixie_tube"
[18:00:03.917][INFO]: - Replacing "minecraft:crafting" recipe with name "create:crafting/kinetics/contraption_controls", renaming it to "crafttweaker:autogenerated/create.crafting/kinetics/contraption_controls"
[18:00:03.919][INFO]: - Replacing "minecraft:crafting" recipe with name "create:crafting/kinetics/adjustable_chain_gearshift", renaming it to "crafttweaker:autogenerated/create.crafting/kinetics/adjustable_chain_gearshift"
[18:00:03.922][INFO]: - Replacing "minecraft:crafting" recipe with name "create:crafting/kinetics/smart_fluid_pipe", renaming it to "crafttweaker:autogenerated/create.crafting/kinetics/smart_fluid_pipe"
[18:00:03.932][INFO]: - Replacing "minecraft:crafting" recipe with name "create:crafting/logistics/content_observer", renaming it to "crafttweaker:autogenerated/create.crafting/logistics/content_observer"
[18:00:03.952][INFO]: - Replacing "minecraft:crafting" recipe with name "createaddition:crafting/redstone_relay", renaming it to "crafttweaker:autogenerated/createaddition.crafting/redstone_relay"
[18:00:03.953][INFO]: - Replacing "minecraft:crafting" recipe with name "create:crafting/kinetics/mechanical_crafter", renaming it to "crafttweaker:autogenerated/create.crafting/kinetics/mechanical_crafter"
[18:00:03.956][INFO]: - Replacing "minecraft:crafting" recipe with name "create:crafting/kinetics/sequenced_gearshift", renaming it to "crafttweaker:autogenerated/create.crafting/kinetics/sequenced_gearshift"
[18:00:03.956][INFO]: - Replacing "minecraft:crafting" recipe with name "create:crafting/logistics/stockpile_switch", renaming it to "crafttweaker:autogenerated/create.crafting/logistics/stockpile_switch"
[18:00:03.964][INFO]: - Replacing "minecraft:crafting" recipe with name "create:crafting/kinetics/smart_chute", renaming it to "crafttweaker:autogenerated/create.crafting/kinetics/smart_chute"
[18:00:03.969][INFO]: - Replacing "minecraft:crafting" recipe with name "create:crafting/kinetics/track_signal", renaming it to "crafttweaker:autogenerated/create.crafting/kinetics/track_signal"
[18:00:03.986][INFO]: - Replacing "minecraft:crafting" recipe with name "create:crafting/kinetics/display_board", renaming it to "crafttweaker:autogenerated/create.crafting/kinetics/display_board"
[18:00:04.033][INFO]: - Replacing "create:mechanical_crafting" recipe with name "createaddition:mechanical_crafting/tesla_coil", renaming it to "crafttweaker:autogenerated/createaddition.mechanical_crafting/tesla_coil"
[18:00:04.036][INFO]: Batch replacement completed
[18:00:04.036][INFO]: Removing 'minecraft:crafting' recipe(s) with name(s): '[create:crafting/kinetics/mechanical_arm]'
[18:00:04.037][INFO]: Adding 'minecraft:crafting' recipe, of type: "shaped", with name: 'crafttweaker:mechanical_arm' that outputs: '<item:create:mechanical_arm>'
[18:00:04.037][INFO]: Removing 'minecraft:crafting' recipe(s) with name(s): '[create:crafting/kinetics/rotation_speed_controller]'
[18:00:04.037][INFO]: Adding 'minecraft:crafting' recipe, of type: "shaped", with name: 'crafttweaker:rotation_speed_controller' that outputs: '<item:create:rotation_speed_controller>'
[18:00:04.037][INFO]: Removing 'minecraft:crafting' recipe(s) with name(s): '[create:crafting/kinetics/track_station]'
[18:00:04.038][INFO]: Adding 'minecraft:crafting' recipe, of type: "shaped", with name: 'crafttweaker:track_station' that outputs: '<item:create:track_station>'
[18:00:04.038][INFO]: Adding: [immersivepetroleum:gasoline] to tag: <tag:fluids:car:gas_station>
[18:00:04.038][INFO]: Adding: [immersivepetroleum:diesel] to tag: <tag:fluids:car:gas_station>
[18:00:04.040][INFO]: Registering new items tag with name <tag:items:forge:corundum/block>
[18:00:04.041][INFO]: Registering new items tag with name <tag:items:forge:corundum/cluster>
[18:00:04.049][INFO]: Removing 'create:crushing' recipes with output: 'com.blamejared.crafttweaker.api.item.MCItemStack@c442c2f'
[18:00:04.049][INFO]: Adding 'create:crushing' recipe, with name: 'crafttweaker:veridium' that outputs: '<item:create:crushed_raw_copper>'
[18:00:04.051][INFO]: Adding 'create:crushing' recipe, with name: 'crafttweaker:veridium_recycle' that outputs: '<item:create:crushed_raw_copper>'
[18:00:04.051][INFO]: Adding 'create:crushing' recipe, with name: 'crafttweaker:raw_copper' that outputs: '<item:create:crushed_raw_copper>'
[18:00:04.052][INFO]: Adding 'create:crushing' recipe, with name: 'crafttweaker:raw_copper_block' that outputs: '<item:create:crushed_raw_copper> * 9'
[18:00:04.052][INFO]: Adding 'create:crushing' recipe, with name: 'crafttweaker:copper_ore_block' that outputs: '<item:create:crushed_raw_copper>'
[18:00:04.055][INFO]: Adding 'create:crushing' recipe, with name: 'crafttweaker:deepslate_copper_ore_block' that outputs: '<item:create:crushed_raw_copper>'
[18:00:04.056][INFO]: Removing 'create:crushing' recipe(s) with name(s): '[create:crushing/raw_iron]'
[18:00:04.056][INFO]: Removing 'create:crushing' recipe(s) with name(s): '[create:crushing/deepslate_iron_ore]'
[18:00:04.056][INFO]: Removing 'create:crushing' recipe(s) with name(s): '[create:crushing/iron_ore]'
[18:00:04.057][INFO]: Adding 'create:crushing' recipe, with name: 'crafttweaker:raw_iron_ore' that outputs: '<item:create:crushed_raw_iron>'
[18:00:04.057][INFO]: Adding 'create:crushing' recipe, with name: 'crafttweaker:iron_ore_block' that outputs: '<item:create:crushed_raw_iron>'
[18:00:04.058][INFO]: Adding 'create:crushing' recipe, with name: 'crafttweaker:deepslate_iron_ore_block' that outputs: '<item:create:crushed_raw_iron> * 2'
[18:00:04.058][INFO]: Removing 'create:crushing' recipe(s) with name(s): '[create:crushing/raw_gold]'
[18:00:04.058][INFO]: Removing 'create:crushing' recipe(s) with name(s): '[create:crushing/deepslate_gold_ore]'
[18:00:04.058][INFO]: Removing 'create:crushing' recipe(s) with name(s): '[create:crushing/gold_ore]'
[18:00:04.058][INFO]: Adding 'create:crushing' recipe, with name: 'crafttweaker:raw_gold_ore' that outputs: '<item:create:crushed_raw_gold>'
[18:00:04.058][INFO]: Adding 'create:crushing' recipe, with name: 'crafttweaker:gold_ore_block' that outputs: '<item:create:crushed_raw_gold>'
[18:00:04.059][INFO]: Adding 'create:crushing' recipe, with name: 'crafttweaker:deepslate_gold_ore_block' that outputs: '<item:create:crushed_raw_gold> * 2'
[18:00:04.059][INFO]: Removing 'create:crushing' recipe(s) with name(s): '[create:crushing/raw_zinc]'
[18:00:04.059][INFO]: Removing 'create:crushing' recipe(s) with name(s): '[create:crushing/zinc_ore]'
[18:00:04.059][INFO]: Adding 'create:crushing' recipe, with name: 'crafttweaker:raw_zinc_ore' that outputs: '<item:create:crushed_raw_zinc>'
[18:00:04.060][INFO]: Adding 'create:crushing' recipe, with name: 'crafttweaker:zinc_ore_block' that outputs: '<item:create:crushed_raw_zinc>'
[18:00:04.060][INFO]: Adding 'create:crushing' recipe, with name: 'crafttweaker:deepslate_zinc_ore_block' that outputs: '<item:create:crushed_raw_zinc> * 2'
[18:00:04.060][INFO]: Removing 'create:crushing' recipe(s) with name(s): '[create:crushing/raw_silver_ore]'
[18:00:04.060][INFO]: Removing 'create:crushing' recipe(s) with name(s): '[create:crushing/silver_ore]'
[18:00:04.060][INFO]: Adding 'create:crushing' recipe, with name: 'crafttweaker:raw_silver_ore' that outputs: '<item:create:crushed_raw_silver>'
[18:00:04.061][INFO]: Adding 'create:crushing' recipe, with name: 'crafttweaker:silver_ore_block' that outputs: '<item:create:crushed_raw_silver>'
[18:00:04.061][INFO]: Adding 'create:crushing' recipe, with name: 'crafttweaker:deepslate_silver_ore_block' that outputs: '<item:create:crushed_raw_silver> * 2'
[18:00:04.061][INFO]: Removing 'create:crushing' recipe(s) with name(s): '[create:crushing/raw_lead_ore]'
[18:00:04.061][INFO]: Removing 'create:crushing' recipe(s) with name(s): '[create:crushing/lead_ore]'
[18:00:04.061][INFO]: Adding 'create:crushing' recipe, with name: 'crafttweaker:raw_lead_ore' that outputs: '<item:create:crushed_raw_lead>'
[18:00:04.062][INFO]: Adding 'create:crushing' recipe, with name: 'crafttweaker:lead_ore_block' that outputs: '<item:create:crushed_raw_lead>'
[18:00:04.062][INFO]: Adding 'create:crushing' recipe, with name: 'crafttweaker:deepslate_lead_ore_block' that outputs: '<item:create:crushed_raw_lead> * 2'
[18:00:04.062][INFO]: Removing 'create:crushing' recipe(s) with name(s): '[create:crushing/raw_aluminum_ore]'
[18:00:04.062][INFO]: Removing 'create:crushing' recipe(s) with name(s): '[create:crushing/aluminum_ore]'
[18:00:04.063][INFO]: Adding 'create:crushing' recipe, with name: 'crafttweaker:raw_aluminum_ore' that outputs: '<item:create:crushed_raw_aluminum>'
[18:00:04.063][INFO]: Adding 'create:crushing' recipe, with name: 'crafttweaker:aluminum_ore_block' that outputs: '<item:create:crushed_raw_aluminum>'
[18:00:04.063][INFO]: Adding 'create:crushing' recipe, with name: 'crafttweaker:deepslate_aluminum_ore_block' that outputs: '<item:create:crushed_raw_aluminum> * 2'
[18:00:04.064][INFO]: Adding 'create:crushing' recipe, with name: 'crafttweaker:corundum_aluminum_ore' that outputs: '<item:create:crushed_raw_aluminum>'
[18:00:04.064][INFO]: Adding 'create:crushing' recipe, with name: 'crafttweaker:corundum_aluminum_cluster' that outputs: '<item:create:crushed_raw_aluminum>'
[18:00:04.064][INFO]: Removing 'create:crushing' recipe(s) with name(s): '[create:crushing/raw_uranium_ore]'
[18:00:04.064][INFO]: Removing 'create:crushing' recipe(s) with name(s): '[create:crushing/uranium_ore]'
[18:00:04.065][INFO]: Adding 'create:crushing' recipe, with name: 'crafttweaker:raw_uranium_ore' that outputs: '<item:create:crushed_raw_uranium>'
[18:00:04.065][INFO]: Adding 'create:crushing' recipe, with name: 'crafttweaker:uranium_ore_block' that outputs: '<item:create:crushed_raw_uranium>'
[18:00:04.065][INFO]: Adding 'create:crushing' recipe, with name: 'crafttweaker:deepslate_uranium_ore_block' that outputs: '<item:create:crushed_raw_uranium> * 2'
[18:00:04.066][INFO]: Removing 'create:crushing' recipe(s) with name(s): '[create:crushing/raw_nickel_ore]'
[18:00:04.066][INFO]: Removing 'create:crushing' recipe(s) with name(s): '[create:crushing/nickel_ore]'
[18:00:04.066][INFO]: Adding 'create:crushing' recipe, with name: 'crafttweaker:raw_nickel_ore' that outputs: '<item:create:crushed_raw_nickel>'
[18:00:04.066][INFO]: Adding 'create:crushing' recipe, with name: 'crafttweaker:nickel_ore_block' that outputs: '<item:create:crushed_raw_nickel>'
[18:00:04.067][INFO]: Adding 'create:crushing' recipe, with name: 'crafttweaker:deepslate_nickel_ore_block' that outputs: '<item:create:crushed_raw_nickel> * 2'
[18:00:04.070][INFO]: Registering new items tag with name <tag:items:forge:mre/main_course>
[18:00:04.071][INFO]: Adding: [farmersdelight:beef_stew] to tag: <tag:items:forge:mre/main_course>
[18:00:04.071][INFO]: Adding: [farmersdelight:fish_stew] to tag: <tag:items:forge:mre/main_course>
[18:00:04.072][INFO]: Adding: [farmersdelight:fried_rice] to tag: <tag:items:forge:mre/main_course>
[18:00:04.073][INFO]: Adding: [farmersdelight:baked_cod_stew] to tag: <tag:items:forge:mre/main_course>
[18:00:04.073][INFO]: Adding: [farmersdelight:bacon_and_eggs] to tag: <tag:items:forge:mre/main_course>
[18:00:04.074][INFO]: Adding: [farmersdelight:pasta_with_meatballs] to tag: <tag:items:forge:mre/main_course>
[18:00:04.075][INFO]: Adding: [farmersdelight:pasta_with_mutton_chop] to tag: <tag:items:forge:mre/main_course>
[18:00:04.076][INFO]: Adding: [farmersdelight:mushroom_rice] to tag: <tag:items:forge:mre/main_course>
[18:00:04.076][INFO]: Adding: [farmersdelight:vegetable_noodles] to tag: <tag:items:forge:mre/main_course>
[18:00:04.076][INFO]: Adding: [farmersdelight:steak_and_potatoes] to tag: <tag:items:forge:mre/main_course>
[18:00:04.077][INFO]: Adding: [farmersdelight:ratatouille] to tag: <tag:items:forge:mre/main_course>
[18:00:04.077][INFO]: Adding: [farmersdelight:squid_ink_pasta] to tag: <tag:items:forge:mre/main_course>
[18:00:04.077][INFO]: Adding: [farmersdelight:grilled_salmon] to tag: <tag:items:forge:mre/main_course>
[18:00:04.078][INFO]: Registering new items tag with name <tag:items:forge:mre/desert>
[18:00:04.078][INFO]: Adding: [farmersdelight:cake_slice] to tag: <tag:items:forge:mre/desert>
[18:00:04.078][INFO]: Adding: [farmersdelight:apple_pie_slice] to tag: <tag:items:forge:mre/desert>
[18:00:04.079][INFO]: Adding: [farmersdelight:sweet_berry_cheesecake_slice] to tag: <tag:items:forge:mre/desert>
[18:00:04.079][INFO]: Adding: [farmersdelight:chocolate_pie_slice] to tag: <tag:items:forge:mre/desert>
[18:00:04.079][INFO]: Adding: [farmersdelight:sweet_berry_cookie] to tag: <tag:items:forge:mre/desert>
[18:00:04.079][INFO]: Adding: [farmersdelight:honey_cookie] to tag: <tag:items:forge:mre/desert>
[18:00:04.080][INFO]: Adding: [minecraft:cookie] to tag: <tag:items:forge:mre/desert>
[18:00:04.080][INFO]: Registering new items tag with name <tag:items:forge:mre/drinks>
[18:00:04.080][INFO]: Adding: [farmersdelight:milk_bottle] to tag: <tag:items:forge:mre/drinks>
[18:00:04.080][INFO]: Adding: [farmersdelight:hot_cocoa] to tag: <tag:items:forge:mre/drinks>
[18:00:04.081][INFO]: Adding: [farmersdelight:apple_cider] to tag: <tag:items:forge:mre/drinks>
[18:00:04.081][INFO]: Adding: [farmersdelight:melon_juice] to tag: <tag:items:forge:mre/drinks>
[18:00:04.082][INFO]: Removing 'minecraft:crafting' recipe(s) with name(s): '[apocalypsenow:mr_erecipe]'
[18:00:04.083][INFO]: Adding 'minecraft:crafting' recipe, of type: "mirroring shaped", with name: 'crafttweaker:mre' that outputs: '<item:apocalypsenow:mre>'
[18:00:04.085][INFO]: Removing Villager trade for Profession: 'armorer' and Level: '1'
[18:00:04.092][INFO]: Adding Villager trade for Profession: 'armorer' and Level: '1'
[18:00:04.093][INFO]: Adding Villager trade for Profession: 'armorer' and Level: '1'
[18:00:04.093][INFO]: Adding Villager trade for Profession: 'armorer' and Level: '1'
[18:00:04.093][INFO]: Adding Villager trade for Profession: 'armorer' and Level: '1'
[18:00:04.093][INFO]: Adding Villager trade for Profession: 'armorer' and Level: '1'
[18:00:04.093][INFO]: Removing Villager trade for Profession: 'armorer' and Level: '2'
[18:00:04.093][INFO]: Adding Villager trade for Profession: 'armorer' and Level: '2'
[18:00:04.093][INFO]: Adding Villager trade for Profession: 'armorer' and Level: '2'
[18:00:04.093][INFO]: Adding Villager trade for Profession: 'armorer' and Level: '2'
[18:00:04.093][INFO]: Removing Villager trade for Profession: 'armorer' and Level: '3'
[18:00:04.093][INFO]: Adding Villager trade for Profession: 'armorer' and Level: '3'
[18:00:04.093][INFO]: Adding Villager trade for Profession: 'armorer' and Level: '3'
[18:00:04.093][INFO]: Adding Villager trade for Profession: 'armorer' and Level: '3'
[18:00:04.093][INFO]: Removing Villager trade for Profession: 'armorer' and Level: '4'
[18:00:04.093][INFO]: Adding Villager trade for Profession: 'armorer' and Level: '4'
[18:00:04.093][INFO]: Adding Villager trade for Profession: 'armorer' and Level: '4'
[18:00:04.093][INFO]: Adding Villager trade for Profession: 'armorer' and Level: '4'
[18:00:04.093][INFO]: Removing Villager trade for Profession: 'armorer' and Level: '5'
[18:00:04.093][INFO]: Adding Villager trade for Profession: 'armorer' and Level: '5'
[18:00:04.093][INFO]: Adding Villager trade for Profession: 'armorer' and Level: '5'
[18:00:04.093][INFO]: Removing Villager trade for Profession: 'butcher' and Level: '1'
[18:00:04.094][INFO]: Adding Villager trade for Profession: 'butcher' and Level: '1'
[18:00:04.094][INFO]: Adding Villager trade for Profession: 'butcher' and Level: '1'
[18:00:04.094][INFO]: Adding Villager trade for Profession: 'butcher' and Level: '1'
[18:00:04.094][INFO]: Adding Villager trade for Profession: 'butcher' and Level: '1'
[18:00:04.094][INFO]: Adding Villager trade for Profession: 'butcher' and Level: '1'
[18:00:04.094][INFO]: Removing Villager trade for Profession: 'butcher' and Level: '2'
[18:00:04.094][INFO]: Adding Villager trade for Profession: 'butcher' and Level: '2'
[18:00:04.094][INFO]: Adding Villager trade for Profession: 'butcher' and Level: '2'
[18:00:04.094][INFO]: Adding Villager trade for Profession: 'butcher' and Level: '2'
[18:00:04.094][INFO]: Removing Villager trade for Profession: 'butcher' and Level: '3'
[18:00:04.094][INFO]: Adding Villager trade for Profession: 'butcher' and Level: '3'
[18:00:04.095][INFO]: Adding Villager trade for Profession: 'butcher' and Level: '3'
[18:00:04.095][INFO]: Adding Villager trade for Profession: 'butcher' and Level: '3'
[18:00:04.095][INFO]: Removing Villager trade for Profession: 'butcher' and Level: '4'
[18:00:04.095][INFO]: Adding Villager trade for Profession: 'butcher' and Level: '4'
[18:00:04.095][INFO]: Adding Villager trade for Profession: 'butcher' and Level: '4'
[18:00:04.095][INFO]: Adding Villager trade for Profession: 'butcher' and Level: '4'
[18:00:04.095][INFO]: Adding Villager trade for Profession: 'butcher' and Level: '4'
[18:00:04.096][INFO]: Removing Villager trade for Profession: 'butcher' and Level: '5'
[18:00:04.096][INFO]: Adding Villager trade for Profession: 'butcher' and Level: '5'
[18:00:04.096][INFO]: Adding Villager trade for Profession: 'butcher' and Level: '5'
[18:00:04.096][INFO]: Removing Villager trade for Profession: 'cartographer' and Level: '1'
[18:00:04.096][INFO]: Adding Villager trade for Profession: 'cartographer' and Level: '1'
[18:00:04.096][INFO]: Adding Villager trade for Profession: 'cartographer' and Level: '1'
[18:00:04.096][INFO]: Removing Villager trade for Profession: 'cartographer' and Level: '2'
[18:00:04.096][INFO]: Adding Villager trade for Profession: 'cartographer' and Level: '2'
[18:00:04.096][INFO]: Adding Villager trade for Profession: 'cartographer' and Level: '2'
[18:00:04.096][INFO]: Removing Villager trade for Profession: 'cartographer' and Level: '3'
[18:00:04.096][INFO]: Adding Villager trade for Profession: 'cartographer' and Level: '3'
[18:00:04.097][INFO]: Adding Villager trade for Profession: 'cartographer' and Level: '3'
[18:00:04.097][INFO]: Adding Villager trade for Profession: 'cartographer' and Level: '4'
[18:00:04.097][INFO]: Adding Villager trade for Profession: 'cartographer' and Level: '4'
[18:00:04.097][INFO]: Adding Villager trade for Profession: 'cartographer' and Level: '4'
[18:00:04.097][INFO]: Adding Villager trade for Profession: 'cartographer' and Level: '5'
[18:00:04.097][INFO]: Adding Villager trade for Profession: 'cartographer' and Level: '5'
[18:00:04.097][INFO]: Removing Villager trade for Profession: 'cleric' and Level: '1'
[18:00:04.097][INFO]: Adding Villager trade for Profession: 'cleric' and Level: '1'
[18:00:04.097][INFO]: Adding Villager trade for Profession: 'cleric' and Level: '1'
[18:00:04.097][INFO]: Removing Villager trade for Profession: 'cleric' and Level: '2'
[18:00:04.097][INFO]: Adding Villager trade for Profession: 'cleric' and Level: '2'
[18:00:04.097][INFO]: Adding Villager trade for Profession: 'cleric' and Level: '2'
[18:00:04.097][INFO]: Adding Villager trade for Profession: 'cleric' and Level: '2'
[18:00:04.097][INFO]: Removing Villager trade for Profession: 'cleric' and Level: '3'
[18:00:04.097][INFO]: Adding Villager trade for Profession: 'cleric' and Level: '3'
[18:00:04.097][INFO]: Adding Villager trade for Profession: 'cleric' and Level: '3'
[18:00:04.097][INFO]: Removing Villager trade for Profession: 'cleric' and Level: '4'
[18:00:04.097][INFO]: Adding Villager trade for Profession: 'cleric' and Level: '3'
[18:00:04.097][INFO]: Removing Villager trade for Profession: 'cleric' and Level: '5'
[18:00:04.097][INFO]: Adding Villager trade for Profession: 'cleric' and Level: '5'
[18:00:04.097][INFO]: Adding Villager trade for Profession: 'cleric' and Level: '5'
[18:00:04.097][INFO]: Removing Villager trade for Profession: 'farmer' and Level: '1'
[18:00:04.097][INFO]: Adding Villager trade for Profession: 'farmer' and Level: '1'
[18:00:04.097][INFO]: Adding Villager trade for Profession: 'farmer' and Level: '1'
[18:00:04.097][INFO]: Adding Villager trade for Profession: 'farmer' and Level: '1'
[18:00:04.097][INFO]: Adding Villager trade for Profession: 'farmer' and Level: '1'
[18:00:04.097][INFO]: Removing Villager trade for Profession: 'farmer' and Level: '2'
[18:00:04.098][INFO]: Adding Villager trade for Profession: 'farmer' and Level: '2'
[18:00:04.098][INFO]: Adding Villager trade for Profession: 'farmer' and Level: '2'
[18:00:04.098][INFO]: Adding Villager trade for Profession: 'farmer' and Level: '2'
[18:00:04.098][INFO]: Adding Villager trade for Profession: 'farmer' and Level: '2'
[18:00:04.098][INFO]: Adding Villager trade for Profession: 'farmer' and Level: '2'
[18:00:04.098][INFO]: Removing Villager trade for Profession: 'farmer' and Level: '3'
[18:00:04.098][INFO]: Adding Villager trade for Profession: 'farmer' and Level: '3'
[18:00:04.098][INFO]: Adding Villager trade for Profession: 'farmer' and Level: '3'
[18:00:04.098][INFO]: Adding Villager trade for Profession: 'farmer' and Level: '3'
[18:00:04.098][INFO]: Adding Villager trade for Profession: 'farmer' and Level: '3'
[18:00:04.098][INFO]: Removing Villager trade for Profession: 'farmer' and Level: '4'
[18:00:04.098][INFO]: Adding Villager trade for Profession: 'farmer' and Level: '4'
[18:00:04.098][INFO]: Adding Villager trade for Profession: 'farmer' and Level: '4'
[18:00:04.098][INFO]: Adding Villager trade for Profession: 'farmer' and Level: '4'
[18:00:04.098][INFO]: Removing Villager trade for Profession: 'farmer' and Level: '5'
[18:00:04.098][INFO]: Adding Villager trade for Profession: 'farmer' and Level: '5'
[18:00:04.098][INFO]: Adding Villager trade for Profession: 'farmer' and Level: '5'
[18:00:04.098][INFO]: Removing Villager trade for Profession: 'fisherman' and Level: '1'
[18:00:04.098][INFO]: Adding Villager trade for Profession: 'fisherman' and Level: '1'
[18:00:04.098][INFO]: Adding Villager trade for Profession: 'fisherman' and Level: '1'
[18:00:04.098][INFO]: Removing Villager trade for Profession: 'fisherman' and Level: '2'
[18:00:04.098][INFO]: Adding Villager trade for Profession: 'fisherman' and Level: '2'
[18:00:04.098][INFO]: Adding Villager trade for Profession: 'fisherman' and Level: '2'
[18:00:04.098][INFO]: Removing Villager trade for Profession: 'fisherman' and Level: '3'
[18:00:04.098][INFO]: Adding Villager trade for Profession: 'fisherman' and Level: '3'
[18:00:04.098][INFO]: Adding Villager trade for Profession: 'fisherman' and Level: '3'
[18:00:04.098][INFO]: Removing Villager trade for Profession: 'fisherman' and Level: '4'
[18:00:04.099][INFO]: Adding Villager trade for Profession: 'fisherman' and Level: '4'
[18:00:04.099][INFO]: Adding Villager trade for Profession: 'fisherman' and Level: '4'
[18:00:04.099][INFO]: Adding Villager trade for Profession: 'fisherman' and Level: '4'
[18:00:04.099][INFO]: Removing Villager trade for Profession: 'fisherman' and Level: '5'
[18:00:04.099][INFO]: Adding Villager trade for Profession: 'fisherman' and Level: '5'
[18:00:04.099][INFO]: Adding Villager trade for Profession: 'fisherman' and Level: '5'
[18:00:04.099][INFO]: Removing Villager trade for Profession: 'fletcher' and Level: '1'
[18:00:04.099][INFO]: Adding Villager trade for Profession: 'fletcher' and Level: '1'
[18:00:04.099][INFO]: Adding Villager trade for Profession: 'fletcher' and Level: '1'
[18:00:04.099][INFO]: Adding Villager trade for Profession: 'fletcher' and Level: '1'
[18:00:04.099][INFO]: Removing Villager trade for Profession: 'fletcher' and Level: '2'
[18:00:04.099][INFO]: Adding Villager trade for Profession: 'fletcher' and Level: '2'
[18:00:04.099][INFO]: Adding Villager trade for Profession: 'fletcher' and Level: '2'
[18:00:04.099][INFO]: Removing Villager trade for Profession: 'fletcher' and Level: '3'
[18:00:04.099][INFO]: Adding Villager trade for Profession: 'fletcher' and Level: '3'
[18:00:04.099][INFO]: Adding Villager trade for Profession: 'fletcher' and Level: '3'
[18:00:04.099][INFO]: Removing Villager trade for Profession: 'fletcher' and Level: '4'
[18:00:04.099][INFO]: Adding Villager trade for Profession: 'fletcher' and Level: '4'
[18:00:04.099][INFO]: Adding Villager trade for Profession: 'fletcher' and Level: '4'
[18:00:04.099][INFO]: Removing Villager trade for Profession: 'fletcher' and Level: '5'
[18:00:04.099][INFO]: Adding Villager trade for Profession: 'fletcher' and Level: '5'
[18:00:04.099][INFO]: Removing Villager trade for Profession: 'leatherworker' and Level: '1'
[18:00:04.100][INFO]: Adding Villager trade for Profession: 'leatherworker' and Level: '1'
[18:00:04.100][INFO]: Adding Villager trade for Profession: 'leatherworker' and Level: '1'
[18:00:04.100][INFO]: Adding Villager trade for Profession: 'leatherworker' and Level: '1'
[18:00:04.100][INFO]: Adding Villager trade for Profession: 'leatherworker' and Level: '1'
[18:00:04.100][INFO]: Adding Villager trade for Profession: 'leatherworker' and Level: '1'
[18:00:04.100][INFO]: Removing Villager trade for Profession: 'leatherworker' and Level: '2'
[18:00:04.100][INFO]: Adding Villager trade for Profession: 'leatherworker' and Level: '2'
[18:00:04.100][INFO]: Adding Villager trade for Profession: 'leatherworker' and Level: '2'
[18:00:04.100][INFO]: Removing Villager trade for Profession: 'leatherworker' and Level: '3'
[18:00:04.100][INFO]: Adding Villager trade for Profession: 'leatherworker' and Level: '3'
[18:00:04.100][INFO]: Adding Villager trade for Profession: 'leatherworker' and Level: '3'
[18:00:04.100][INFO]: Removing Villager trade for Profession: 'leatherworker' and Level: '4'
[18:00:04.100][INFO]: Adding Villager trade for Profession: 'leatherworker' and Level: '4'
[18:00:04.100][INFO]: Adding Villager trade for Profession: 'leatherworker' and Level: '4'
[18:00:04.100][INFO]: Removing Villager trade for Profession: 'leatherworker' and Level: '5'
[18:00:04.100][INFO]: Adding Villager trade for Profession: 'leatherworker' and Level: '5'
[18:00:04.100][INFO]: Adding Villager trade for Profession: 'leatherworker' and Level: '5'
[18:00:04.100][INFO]: Removing Villager trade for Profession: 'librarian' and Level: '1'
[18:00:04.101][INFO]: Adding Villager trade for Profession: 'librarian' and Level: '1'
[18:00:04.101][INFO]: Adding Villager trade for Profession: 'librarian' and Level: '1'
[18:00:04.101][INFO]: Adding Villager trade for Profession: 'librarian' and Level: '1'
[18:00:04.102][INFO]: Adding Villager trade for Profession: 'librarian' and Level: '1'
[18:00:04.102][INFO]: Adding Villager trade for Profession: 'librarian' and Level: '1'
[18:00:04.102][INFO]: Adding Villager trade for Profession: 'librarian' and Level: '1'
[18:00:04.102][INFO]: Adding Villager trade for Profession: 'librarian' and Level: '1'
[18:00:04.102][INFO]: Adding Villager trade for Profession: 'librarian' and Level: '1'
[18:00:04.102][INFO]: Adding Villager trade for Profession: 'librarian' and Level: '1'
[18:00:04.102][INFO]: Adding Villager trade for Profession: 'librarian' and Level: '1'
[18:00:04.102][INFO]: Adding Villager trade for Profession: 'librarian' and Level: '1'
[18:00:04.102][INFO]: Adding Villager trade for Profession: 'librarian' and Level: '1'
[18:00:04.102][INFO]: Adding Villager trade for Profession: 'librarian' and Level: '1'
[18:00:04.102][INFO]: Adding Villager trade for Profession: 'librarian' and Level: '1'
[18:00:04.102][INFO]: Adding Villager trade for Profession: 'librarian' and Level: '1'
[18:00:04.102][INFO]: Adding Villager trade for Profession: 'librarian' and Level: '1'
[18:00:04.102][INFO]: Adding Villager trade for Profession: 'librarian' and Level: '1'
[18:00:04.102][INFO]: Adding Villager trade for Profession: 'librarian' and Level: '1'
[18:00:04.102][INFO]: Adding Villager trade for Profession: 'librarian' and Level: '1'
[18:00:04.103][INFO]: Adding Villager trade for Profession: 'librarian' and Level: '1'
[18:00:04.103][INFO]: Adding Villager trade for Profession: 'librarian' and Level: '1'
[18:00:04.103][INFO]: Adding Villager trade for Profession: 'librarian' and Level: '1'
[18:00:04.103][INFO]: Adding Villager trade for Profession: 'librarian' and Level: '1'
[18:00:04.103][INFO]: Adding Villager trade for Profession: 'librarian' and Level: '1'
[18:00:04.103][INFO]: Adding Villager trade for Profession: 'librarian' and Level: '1'
[18:00:04.103][INFO]: Adding Villager trade for Profession: 'librarian' and Level: '1'
[18:00:04.103][INFO]: Adding Villager trade for Profession: 'librarian' and Level: '1'
[18:00:04.103][INFO]: Adding Villager trade for Profession: 'librarian' and Level: '1'
[18:00:04.103][INFO]: Adding Villager trade for Profession: 'librarian' and Level: '1'
[18:00:04.103][INFO]: Adding Villager trade for Profession: 'librarian' and Level: '1'
[18:00:04.103][INFO]: Adding Villager trade for Profession: 'librarian' and Level: '1'
[18:00:04.104][INFO]: Adding Villager trade for Profession: 'librarian' and Level: '1'
[18:00:04.104][INFO]: Adding Villager trade for Profession: 'librarian' and Level: '1'
[18:00:04.104][INFO]: Adding Villager trade for Profession: 'librarian' and Level: '1'
[18:00:04.104][INFO]: Adding Villager trade for Profession: 'librarian' and Level: '1'
[18:00:04.104][INFO]: Adding Villager trade for Profession: 'librarian' and Level: '1'
[18:00:04.104][INFO]: Adding Villager trade for Profession: 'librarian' and Level: '1'
[18:00:04.104][INFO]: Adding Villager trade for Profession: 'librarian' and Level: '1'
[18:00:04.104][INFO]: Adding Villager trade for Profession: 'librarian' and Level: '1'
[18:00:04.104][INFO]: Adding Villager trade for Profession: 'librarian' and Level: '1'
[18:00:04.104][INFO]: Adding Villager trade for Profession: 'librarian' and Level: '1'
[18:00:04.104][INFO]: Adding Villager trade for Profession: 'librarian' and Level: '1'
[18:00:04.104][INFO]: Removing Villager trade for Profession: 'librarian' and Level: '2'
[18:00:04.104][INFO]: Adding Villager trade for Profession: 'librarian' and Level: '2'
[18:00:04.104][INFO]: Adding Villager trade for Profession: 'librarian' and Level: '2'
[18:00:04.105][INFO]: Adding Villager trade for Profession: 'librarian' and Level: '2'
[18:00:04.105][INFO]: Adding Villager trade for Profession: 'librarian' and Level: '2'
[18:00:04.105][INFO]: Adding Villager trade for Profession: 'librarian' and Level: '2'
[18:00:04.105][INFO]: Adding Villager trade for Profession: 'librarian' and Level: '2'
[18:00:04.105][INFO]: Adding Villager trade for Profession: 'librarian' and Level: '2'
[18:00:04.105][INFO]: Adding Villager trade for Profession: 'librarian' and Level: '2'
[18:00:04.105][INFO]: Adding Villager trade for Profession: 'librarian' and Level: '2'
[18:00:04.105][INFO]: Adding Villager trade for Profession: 'librarian' and Level: '2'
[18:00:04.105][INFO]: Adding Villager trade for Profession: 'librarian' and Level: '2'
[18:00:04.105][INFO]: Adding Villager trade for Profession: 'librarian' and Level: '2'
[18:00:04.105][INFO]: Adding Villager trade for Profession: 'librarian' and Level: '2'
[18:00:04.106][INFO]: Adding Villager trade for Profession: 'librarian' and Level: '2'
[18:00:04.106][INFO]: Adding Villager trade for Profession: 'librarian' and Level: '2'
[18:00:04.106][INFO]: Adding Villager trade for Profession: 'librarian' and Level: '2'
[18:00:04.106][INFO]: Adding Villager trade for Profession: 'librarian' and Level: '2'
[18:00:04.106][INFO]: Adding Villager trade for Profession: 'librarian' and Level: '2'
[18:00:04.106][INFO]: Adding Villager trade for Profession: 'librarian' and Level: '2'
[18:00:04.106][INFO]: Adding Villager trade for Profession: 'librarian' and Level: '2'
[18:00:04.106][INFO]: Adding Villager trade for Profession: 'librarian' and Level: '2'
[18:00:04.106][INFO]: Adding Villager trade for Profession: 'librarian' and Level: '2'
[18:00:04.106][INFO]: Adding Villager trade for Profession: 'librarian' and Level: '2'
[18:00:04.106][INFO]: Adding Villager trade for Profession: 'librarian' and Level: '2'
[18:00:04.106][INFO]: Adding Villager trade for Profession: 'librarian' and Level: '2'
[18:00:04.107][INFO]: Adding Villager trade for Profession: 'librarian' and Level: '2'
[18:00:04.107][INFO]: Adding Villager trade for Profession: 'librarian' and Level: '2'
[18:00:04.107][INFO]: Adding Villager trade for Profession: 'librarian' and Level: '2'
[18:00:04.107][INFO]: Adding Villager trade for Profession: 'librarian' and Level: '2'
[18:00:04.107][INFO]: Adding Villager trade for Profession: 'librarian' and Level: '2'
[18:00:04.107][INFO]: Adding Villager trade for Profession: 'librarian' and Level: '2'
[18:00:04.107][INFO]: Adding Villager trade for Profession: 'librarian' and Level: '2'
[18:00:04.107][INFO]: Adding Villager trade for Profession: 'librarian' and Level: '2'
[18:00:04.107][INFO]: Adding Villager trade for Profession: 'librarian' and Level: '2'
[18:00:04.107][INFO]: Adding Villager trade for Profession: 'librarian' and Level: '2'
[18:00:04.107][INFO]: Removing Villager trade for Profession: 'librarian' and Level: '3'
[18:00:04.107][INFO]: Adding Villager trade for Profession: 'librarian' and Level: '3'
[18:00:04.107][INFO]: Adding Villager trade for Profession: 'librarian' and Level: '3'
[18:00:04.107][INFO]: Adding Villager trade for Profession: 'librarian' and Level: '3'
[18:00:04.107][INFO]: Adding Villager trade for Profession: 'librarian' and Level: '3'
[18:00:04.107][INFO]: Adding Villager trade for Profession: 'librarian' and Level: '3'
[18:00:04.107][INFO]: Adding Villager trade for Profession: 'librarian' and Level: '3'
[18:00:04.108][INFO]: Adding Villager trade for Profession: 'librarian' and Level: '3'
[18:00:04.108][INFO]: Adding Villager trade for Profession: 'librarian' and Level: '3'
[18:00:04.108][INFO]: Adding Villager trade for Profession: 'librarian' and Level: '3'
[18:00:04.108][INFO]: Adding Villager trade for Profession: 'librarian' and Level: '3'
[18:00:04.108][INFO]: Adding Villager trade for Profession: 'librarian' and Level: '3'
[18:00:04.108][INFO]: Adding Villager trade for Profession: 'librarian' and Level: '3'
[18:00:04.108][INFO]: Adding Villager trade for Profession: 'librarian' and Level: '3'
[18:00:04.108][INFO]: Adding Villager trade for Profession: 'librarian' and Level: '3'
[18:00:04.108][INFO]: Adding Villager trade for Profession: 'librarian' and Level: '3'
[18:00:04.108][INFO]: Adding Villager trade for Profession: 'librarian' and Level: '3'
[18:00:04.108][INFO]: Adding Villager trade for Profession: 'librarian' and Level: '3'
[18:00:04.108][INFO]: Adding Villager trade for Profession: 'librarian' and Level: '3'
[18:00:04.108][INFO]: Adding Villager trade for Profession: 'librarian' and Level: '3'
[18:00:04.108][INFO]: Adding Villager trade for Profession: 'librarian' and Level: '3'
[18:00:04.108][INFO]: Adding Villager trade for Profession: 'librarian' and Level: '3'
[18:00:04.108][INFO]: Adding Villager trade for Profession: 'librarian' and Level: '3'
[18:00:04.108][INFO]: Adding Villager trade for Profession: 'librarian' and Level: '3'
[18:00:04.109][INFO]: Adding Villager trade for Profession: 'librarian' and Level: '3'
[18:00:04.109][INFO]: Adding Villager trade for Profession: 'librarian' and Level: '3'
[18:00:04.109][INFO]: Adding Villager trade for Profession: 'librarian' and Level: '3'
[18:00:04.109][INFO]: Adding Villager trade for Profession: 'librarian' and Level: '3'
[18:00:04.109][INFO]: Adding Villager trade for Profession: 'librarian' and Level: '3'
[18:00:04.109][INFO]: Adding Villager trade for Profession: 'librarian' and Level: '3'
[18:00:04.109][INFO]: Removing Villager trade for Profession: 'librarian' and Level: '4'
[18:00:04.109][INFO]: Adding Villager trade for Profession: 'librarian' and Level: '4'
[18:00:04.109][INFO]: Adding Villager trade for Profession: 'librarian' and Level: '4'
[18:00:04.109][INFO]: Adding Villager trade for Profession: 'librarian' and Level: '4'
[18:00:04.109][INFO]: Adding Villager trade for Profession: 'librarian' and Level: '4'
[18:00:04.109][INFO]: Adding Villager trade for Profession: 'librarian' and Level: '4'
[18:00:04.109][INFO]: Adding Villager trade for Profession: 'librarian' and Level: '4'
[18:00:04.109][INFO]: Adding Villager trade for Profession: 'librarian' and Level: '4'
[18:00:04.109][INFO]: Adding Villager trade for Profession: 'librarian' and Level: '4'
[18:00:04.109][INFO]: Adding Villager trade for Profession: 'librarian' and Level: '4'
[18:00:04.109][INFO]: Adding Villager trade for Profession: 'librarian' and Level: '4'
[18:00:04.109][INFO]: Adding Villager trade for Profession: 'librarian' and Level: '4'
[18:00:04.109][INFO]: Adding Villager trade for Profession: 'librarian' and Level: '4'
[18:00:04.110][INFO]: Adding Villager trade for Profession: 'librarian' and Level: '4'
[18:00:04.110][INFO]: Removing Villager trade for Profession: 'librarian' and Level: '5'
[18:00:04.110][INFO]: Adding Villager trade for Profession: 'librarian' and Level: '5'
[18:00:04.110][INFO]: Adding Villager trade for Profession: 'librarian' and Level: '5'
[18:00:04.110][INFO]: Adding Villager trade for Profession: 'librarian' and Level: '5'
[18:00:04.110][INFO]: Adding Villager trade for Profession: 'librarian' and Level: '5'
[18:00:04.110][INFO]: Removing Villager trade for Profession: 'mason' and Level: '1'
[18:00:04.110][INFO]: Adding Villager trade for Profession: 'mason' and Level: '1'
[18:00:04.110][INFO]: Adding Villager trade for Profession: 'mason' and Level: '1'
[18:00:04.110][INFO]: Removing Villager trade for Profession: 'mason' and Level: '2'
[18:00:04.110][INFO]: Adding Villager trade for Profession: 'mason' and Level: '2'
[18:00:04.110][INFO]: Adding Villager trade for Profession: 'mason' and Level: '2'
[18:00:04.110][INFO]: Adding Villager trade for Profession: 'mason' and Level: '2'
[18:00:04.110][INFO]: Removing Villager trade for Profession: 'mason' and Level: '3'
[18:00:04.110][INFO]: Adding Villager trade for Profession: 'mason' and Level: '3'
[18:00:04.110][INFO]: Adding Villager trade for Profession: 'mason' and Level: '3'
[18:00:04.110][INFO]: Removing Villager trade for Profession: 'mason' and Level: '4'
[18:00:04.110][INFO]: Adding Villager trade for Profession: 'mason' and Level: '4'
[18:00:04.110][INFO]: Adding Villager trade for Profession: 'mason' and Level: '4'
[18:00:04.110][INFO]: Adding Villager trade for Profession: 'mason' and Level: '4'
[18:00:04.110][INFO]: Adding Villager trade for Profession: 'mason' and Level: '4'
[18:00:04.110][INFO]: Adding Villager trade for Profession: 'mason' and Level: '4'
[18:00:04.110][INFO]: Removing Villager trade for Profession: 'mason' and Level: '5'
[18:00:04.110][INFO]: Adding Villager trade for Profession: 'mason' and Level: '5'
[18:00:04.110][INFO]: Adding Villager trade for Profession: 'mason' and Level: '5'
[18:00:04.110][INFO]: Adding Villager trade for Profession: 'mason' and Level: '5'
[18:00:04.110][INFO]: Removing Villager trade for Profession: 'shepherd' and Level: '1'
[18:00:04.110][INFO]: Adding Villager trade for Profession: 'shepherd' and Level: '1'
[18:00:04.110][INFO]: Adding Villager trade for Profession: 'shepherd' and Level: '1'
[18:00:04.111][INFO]: Adding Villager trade for Profession: 'shepherd' and Level: '1'
[18:00:04.111][INFO]: Adding Villager trade for Profession: 'shepherd' and Level: '1'
[18:00:04.111][INFO]: Removing Villager trade for Profession: 'shepherd' and Level: '2'
[18:00:04.111][INFO]: Adding Villager trade for Profession: 'shepherd' and Level: '2'
[18:00:04.111][INFO]: Adding Villager trade for Profession: 'shepherd' and Level: '2'
[18:00:04.111][INFO]: Adding Villager trade for Profession: 'shepherd' and Level: '2'
[18:00:04.111][INFO]: Adding Villager trade for Profession: 'shepherd' and Level: '2'
[18:00:04.111][INFO]: Removing Villager trade for Profession: 'shepherd' and Level: '3'
[18:00:04.111][INFO]: Adding Villager trade for Profession: 'shepherd' and Level: '3'
[18:00:04.111][INFO]: Adding Villager trade for Profession: 'shepherd' and Level: '3'
[18:00:04.111][INFO]: Removing Villager trade for Profession: 'shepherd' and Level: '4'
[18:00:04.111][INFO]: Adding Villager trade for Profession: 'shepherd' and Level: '4'
[18:00:04.111][INFO]: Adding Villager trade for Profession: 'shepherd' and Level: '4'
[18:00:04.111][INFO]: Adding Villager trade for Profession: 'shepherd' and Level: '4'
[18:00:04.111][INFO]: Adding Villager trade for Profession: 'shepherd' and Level: '4'
[18:00:04.111][INFO]: Adding Villager trade for Profession: 'shepherd' and Level: '4'
[18:00:04.111][INFO]: Adding Villager trade for Profession: 'shepherd' and Level: '4'
[18:00:04.111][INFO]: Adding Villager trade for Profession: 'shepherd' and Level: '4'
[18:00:04.112][INFO]: Adding Villager trade for Profession: 'shepherd' and Level: '4'
[18:00:04.112][INFO]: Removing Villager trade for Profession: 'shepherd' and Level: '5'
[18:00:04.112][INFO]: Adding Villager trade for Profession: 'shepherd' and Level: '5'
[18:00:04.112][INFO]: Adding Villager trade for Profession: 'shepherd' and Level: '5'
[18:00:04.112][INFO]: Adding Villager trade for Profession: 'shepherd' and Level: '5'
[18:00:04.112][INFO]: Adding Villager trade for Profession: 'shepherd' and Level: '5'
[18:00:04.112][INFO]: Adding Villager trade for Profession: 'shepherd' and Level: '5'
[18:00:04.112][INFO]: Adding Villager trade for Profession: 'shepherd' and Level: '5'
[18:00:04.112][INFO]: Adding Villager trade for Profession: 'shepherd' and Level: '5'
[18:00:04.113][INFO]: Adding Villager trade for Profession: 'shepherd' and Level: '5'
[18:00:04.113][INFO]: Adding Villager trade for Profession: 'shepherd' and Level: '5'
[18:00:04.113][INFO]: Adding Villager trade for Profession: 'shepherd' and Level: '5'
[18:00:04.113][INFO]: Removing Villager trade for Profession: 'toolsmith' and Level: '1'
[18:00:04.113][INFO]: Adding Villager trade for Profession: 'toolsmith' and Level: '1'
[18:00:04.113][INFO]: Adding Villager trade for Profession: 'toolsmith' and Level: '1'
[18:00:04.113][INFO]: Removing Villager trade for Profession: 'toolsmith' and Level: '2'
[18:00:04.114][INFO]: Adding Villager trade for Profession: 'toolsmith' and Level: '2'
[18:00:04.114][INFO]: Adding Villager trade for Profession: 'toolsmith' and Level: '2'
[18:00:04.114][INFO]: Removing Villager trade for Profession: 'toolsmith' and Level: '3'
[18:00:04.114][INFO]: Adding Villager trade for Profession: 'toolsmith' and Level: '3'
[18:00:04.114][INFO]: Adding Villager trade for Profession: 'toolsmith' and Level: '3'
[18:00:04.114][INFO]: Removing Villager trade for Profession: 'toolsmith' and Level: '4'
[18:00:04.114][INFO]: Adding Villager trade for Profession: 'toolsmith' and Level: '4'
[18:00:04.114][INFO]: Adding Villager trade for Profession: 'toolsmith' and Level: '4'
[18:00:04.114][INFO]: Removing Villager trade for Profession: 'toolsmith' and Level: '5'
[18:00:04.114][INFO]: Adding Villager trade for Profession: 'toolsmith' and Level: '5'
[18:00:04.114][INFO]: Removing Villager trade for Profession: 'weaponsmith' and Level: '1'
[18:00:04.114][INFO]: Adding Villager trade for Profession: 'weaponsmith' and Level: '1'
[18:00:04.114][INFO]: Adding Villager trade for Profession: 'weaponsmith' and Level: '1'
[18:00:04.114][INFO]: Adding Villager trade for Profession: 'weaponsmith' and Level: '1'
[18:00:04.114][INFO]: Removing Villager trade for Profession: 'weaponsmith' and Level: '2'
[18:00:04.114][INFO]: Adding Villager trade for Profession: 'weaponsmith' and Level: '2'
[18:00:04.114][INFO]: Adding Villager trade for Profession: 'weaponsmith' and Level: '1'
[18:00:04.114][INFO]: Adding Villager trade for Profession: 'weaponsmith' and Level: '1'
[18:00:04.114][INFO]: Removing Villager trade for Profession: 'weaponsmith' and Level: '3'
[18:00:04.114][INFO]: Adding Villager trade for Profession: 'weaponsmith' and Level: '3'
[18:00:04.114][INFO]: Adding Villager trade for Profession: 'weaponsmith' and Level: '3'
[18:00:04.114][INFO]: Adding Villager trade for Profession: 'weaponsmith' and Level: '3'
[18:00:04.114][INFO]: Removing Villager trade for Profession: 'weaponsmith' and Level: '4'
[18:00:04.114][INFO]: Adding Villager trade for Profession: 'weaponsmith' and Level: '4'
[18:00:04.114][INFO]: Adding Villager trade for Profession: 'weaponsmith' and Level: '4'
[18:00:04.114][INFO]: Adding Villager trade for Profession: 'weaponsmith' and Level: '4'
[18:00:04.114][INFO]: Removing Villager trade for Profession: 'weaponsmith' and Level: '5'
[18:00:04.114][INFO]: Adding Villager trade for Profession: 'weaponsmith' and Level: '5'
[18:00:04.114][INFO]: Adding Villager trade for Profession: 'weaponsmith' and Level: '5'
[18:00:04.114][INFO]: Adding Villager trade for Profession: 'weaponsmith' and Level: '5'
[18:00:04.114][INFO]: Adding Villager trade for Profession: 'weaponsmith' and Level: '5'
[18:00:04.114][INFO]: Adding Villager trade for Profession: 'weaponsmith' and Level: '5'
[18:00:04.124][INFO]: Registering event listener for AnvilUpdateEvent.
[18:00:04.124][INFO]: Registering event listener for AnvilUpdateEvent.
[18:00:04.124][INFO]: Registering event listener for AnvilUpdateEvent.
[18:00:04.124][INFO]: Registering event listener for AnvilUpdateEvent.
[18:00:04.124][INFO]: Registering event listener for AnvilUpdateEvent.
[18:00:04.125][INFO]: Registering event listener for AnvilUpdateEvent.
[18:00:04.125][INFO]: Registering event listener for AnvilUpdateEvent.
[18:00:04.125][INFO]: Registering event listener for AnvilUpdateEvent.
[18:00:04.126][INFO]: Registering event listener for AnvilUpdateEvent.
[18:00:04.126][INFO]: Registering event listener for AnvilUpdateEvent.
[18:00:04.126][INFO]: Registering event listener for AnvilUpdateEvent.
[18:00:04.126][INFO]: Registering event listener for AnvilUpdateEvent.
[18:00:04.126][INFO]: Registering event listener for AnvilUpdateEvent.
[18:00:04.126][INFO]: Registering event listener for AnvilUpdateEvent.
[18:00:04.126][INFO]: Registering event listener for AnvilUpdateEvent.
[18:00:04.126][INFO]: Registering event listener for AnvilUpdateEvent.
[18:00:04.126][INFO]: Registering event listener for AnvilUpdateEvent.
[18:00:04.126][INFO]: Registering event listener for AnvilUpdateEvent.
[18:00:04.126][INFO]: Registering event listener for AnvilUpdateEvent.
[18:00:04.126][INFO]: Registering event listener for AnvilUpdateEvent.
[18:00:04.127][INFO]: Registering event listener for AnvilUpdateEvent.
[18:00:04.127][INFO]: Registering event listener for AnvilUpdateEvent.
[18:00:04.127][INFO]: Registering event listener for AnvilUpdateEvent.
[18:00:04.127][INFO]: Registering event listener for AnvilUpdateEvent.
[18:00:04.127][INFO]: Registering event listener for AnvilUpdateEvent.
[18:00:04.127][INFO]: Registering event listener for AnvilUpdateEvent.
[18:00:04.128][INFO]: Registering event listener for AnvilUpdateEvent.
[18:00:04.128][INFO]: Registering event listener for AnvilUpdateEvent.
[18:00:04.128][INFO]: Registering event listener for AnvilUpdateEvent.
[18:00:04.128][INFO]: Registering event listener for AnvilUpdateEvent.
[18:00:04.128][INFO]: Registering event listener for AnvilUpdateEvent.
[18:00:04.129][INFO]: Registering event listener for AnvilUpdateEvent.
[18:00:04.129][INFO]: Registering event listener for AnvilUpdateEvent.
[18:00:04.129][INFO]: Registering event listener for AnvilUpdateEvent.
[18:00:04.129][INFO]: Registering event listener for AnvilUpdateEvent.
[18:00:04.129][INFO]: Registering event listener for AnvilUpdateEvent.
[18:00:04.129][INFO]: Registering event listener for AnvilUpdateEvent.
[18:00:04.129][INFO]: Registering event listener for AnvilUpdateEvent.
[18:00:04.129][INFO]: Registering event listener for AnvilUpdateEvent.
[18:00:04.129][INFO]: Registering event listener for AnvilUpdateEvent.
[18:00:04.130][INFO]: Registering event listener for AnvilUpdateEvent.
[18:00:04.130][INFO]: Registering event listener for AnvilUpdateEvent.
[18:00:04.130][INFO]: Registering event listener for AnvilUpdateEvent.
[18:00:04.130][INFO]: Registering event listener for AnvilUpdateEvent.
[18:00:04.130][INFO]: Registering event listener for AnvilUpdateEvent.
[18:00:04.130][INFO]: Registering event listener for AnvilUpdateEvent.
[18:00:04.130][INFO]: Registering event listener for AnvilUpdateEvent.
[18:00:04.130][INFO]: Registering event listener for AnvilUpdateEvent.
[18:00:04.130][INFO]: Registering event listener for AnvilUpdateEvent.
[18:00:04.130][INFO]: Registering event listener for AnvilUpdateEvent.
[18:00:04.130][INFO]: Registering event listener for AnvilUpdateEvent.
[18:00:04.130][INFO]: Registering event listener for AnvilUpdateEvent.
[18:00:04.130][INFO]: Registering event listener for AnvilUpdateEvent.
[18:00:04.130][INFO]: Registering event listener for AnvilUpdateEvent.
[18:00:04.130][INFO]: Registering event listener for AnvilUpdateEvent.
[18:00:04.130][INFO]: Registering event listener for AnvilUpdateEvent.
[18:00:04.130][INFO]: Registering event listener for AnvilUpdateEvent.
[18:00:04.130][INFO]: Registering event listener for AnvilUpdateEvent.
[18:00:04.130][INFO]: Registering event listener for AnvilUpdateEvent.
[18:00:04.130][INFO]: Registering event listener for AnvilUpdateEvent.
[18:00:04.130][INFO]: Registering event listener for AnvilUpdateEvent.
[18:00:04.130][INFO]: Registering event listener for AnvilUpdateEvent.
[18:00:04.131][INFO]: Registering event listener for AnvilUpdateEvent.
[18:00:04.131][INFO]: Registering event listener for AnvilUpdateEvent.
[18:00:04.131][INFO]: Registering event listener for AnvilUpdateEvent.
[18:00:04.131][INFO]: Registering event listener for AnvilUpdateEvent.
[18:00:04.131][INFO]: Registering event listener for AnvilUpdateEvent.
[18:00:04.131][INFO]: Registering event listener for AnvilUpdateEvent.
[18:00:04.131][INFO]: Registering event listener for AnvilUpdateEvent.
[18:00:04.131][INFO]: Registering event listener for AnvilUpdateEvent.
[18:00:04.131][INFO]: Registering event listener for AnvilUpdateEvent.
[18:00:04.131][INFO]: Registering event listener for AnvilUpdateEvent.
[18:00:04.132][INFO]: Registering event listener for AnvilUpdateEvent.
[18:00:04.132][INFO]: Registering event listener for AnvilUpdateEvent.
[18:00:04.132][INFO]: Registering event listener for AnvilUpdateEvent.
[18:00:04.133][INFO]: Registering event listener for AnvilUpdateEvent.
[18:00:04.133][INFO]: Registering event listener for AnvilUpdateEvent.
[18:00:04.133][INFO]: Registering event listener for AnvilUpdateEvent.
[18:00:04.133][INFO]: Registering event listener for AnvilUpdateEvent.
[18:00:04.133][INFO]: Registering event listener for AnvilUpdateEvent.
[18:00:04.133][INFO]: Registering event listener for AnvilUpdateEvent.
[18:00:04.133][INFO]: Registering event listener for AnvilUpdateEvent.
[18:00:04.134][INFO]: Registering event listener for AnvilUpdateEvent.
[18:00:04.134][INFO]: Registering event listener for AnvilUpdateEvent.
[18:00:04.134][INFO]: Registering event listener for AnvilUpdateEvent.
[18:00:04.134][INFO]: Registering event listener for AnvilUpdateEvent.
[18:00:04.134][INFO]: Registering event listener for AnvilUpdateEvent.
[18:00:04.134][INFO]: Registering event listener for AnvilUpdateEvent.
[18:00:04.134][INFO]: Registering event listener for AnvilUpdateEvent.
[18:00:04.134][INFO]: Registering event listener for AnvilUpdateEvent.
[18:00:04.134][INFO]: Registering event listener for AnvilUpdateEvent.
[18:00:04.134][INFO]: Registering event listener for AnvilUpdateEvent.
[18:00:04.134][INFO]: Registering event listener for AnvilUpdateEvent.
[18:00:04.134][INFO]: Registering event listener for AnvilUpdateEvent.
[18:00:04.134][INFO]: Registering event listener for AnvilUpdateEvent.
[18:00:04.134][INFO]: Registering event listener for AnvilUpdateEvent.
[18:00:04.134][INFO]: Registering event listener for AnvilUpdateEvent.
[18:00:04.134][INFO]: Registering event listener for AnvilUpdateEvent.
[18:00:04.134][INFO]: Registering event listener for AnvilUpdateEvent.
[18:00:04.134][INFO]: Registering event listener for AnvilUpdateEvent.
[18:00:04.135][INFO]: Registering event listener for AnvilUpdateEvent.
[18:00:04.135][INFO]: Registering event listener for AnvilUpdateEvent.
[18:00:04.135][INFO]: Registering event listener for AnvilUpdateEvent.
[18:00:04.135][INFO]: Registering event listener for AnvilUpdateEvent.
[18:00:04.135][INFO]: Registering event listener for AnvilUpdateEvent.
[18:00:04.135][INFO]: Registering event listener for AnvilUpdateEvent.
[18:00:04.135][INFO]: Registering event listener for AnvilUpdateEvent.
[18:00:04.135][INFO]: Registering event listener for AnvilUpdateEvent.
[18:00:04.135][INFO]: Registering event listener for AnvilUpdateEvent.
[18:00:04.135][INFO]: Registering event listener for AnvilUpdateEvent.
[18:00:04.135][INFO]: Registering event listener for AnvilUpdateEvent.
[18:00:04.135][INFO]: Registering event listener for AnvilUpdateEvent.
[18:00:04.135][INFO]: Registering event listener for AnvilUpdateEvent.
[18:00:04.135][INFO]: Registering event listener for AnvilUpdateEvent.
[18:00:04.135][INFO]: Registering event listener for AnvilUpdateEvent.
[18:00:04.135][INFO]: Registering event listener for AnvilUpdateEvent.
[18:00:04.135][INFO]: Registering event listener for AnvilUpdateEvent.
[18:00:04.135][INFO]: Registering event listener for AnvilUpdateEvent.
[18:00:04.135][INFO]: Registering event listener for AnvilUpdateEvent.
[18:00:04.135][INFO]: Registering event listener for AnvilUpdateEvent.
[18:00:04.135][INFO]: Registering event listener for AnvilUpdateEvent.
[18:00:04.135][INFO]: Registering event listener for AnvilUpdateEvent.
[18:00:04.135][INFO]: Registering event listener for AnvilUpdateEvent.
[18:00:04.135][INFO]: Registering event listener for AnvilUpdateEvent.
[18:00:04.135][INFO]: Registering event listener for AnvilUpdateEvent.
[18:00:04.135][INFO]: Registering event listener for AnvilUpdateEvent.
[18:00:04.135][INFO]: Registering event listener for AnvilUpdateEvent.
[18:00:04.135][INFO]: Registering event listener for AnvilUpdateEvent.
[18:00:04.135][INFO]: Registering event listener for AnvilUpdateEvent.
[18:00:04.135][INFO]: Registering event listener for AnvilUpdateEvent.
[18:00:04.135][INFO]: Registering event listener for AnvilUpdateEvent.
[18:00:04.136][INFO]: Registering event listener for AnvilUpdateEvent.
[18:00:04.136][INFO]: Registering event listener for AnvilUpdateEvent.
[18:00:04.136][INFO]: Registering event listener for AnvilUpdateEvent.
[18:00:04.136][INFO]: Registering event listener for AnvilUpdateEvent.
[18:00:04.136][INFO]: Registering event listener for AnvilUpdateEvent.
[18:00:04.136][INFO]: Registering event listener for AnvilUpdateEvent.
[18:00:04.136][INFO]: Registering event listener for AnvilUpdateEvent.
[18:00:04.136][INFO]: Registering event listener for AnvilUpdateEvent.
[18:00:04.136][INFO]: Registering event listener for AnvilUpdateEvent.
[18:00:04.136][INFO]: Registering event listener for AnvilUpdateEvent.
[18:00:04.136][INFO]: Registering event listener for AnvilUpdateEvent.
[18:00:04.136][INFO]: Registering event listener for AnvilUpdateEvent.
[18:00:04.136][INFO]: Registering event listener for AnvilUpdateEvent.
[18:00:04.136][INFO]: Registering event listener for AnvilUpdateEvent.
[18:00:04.136][INFO]: Registering event listener for AnvilUpdateEvent.
[18:00:04.136][INFO]: Registering event listener for AnvilUpdateEvent.
[18:00:04.136][INFO]: Registering event listener for AnvilUpdateEvent.
[18:00:04.136][INFO]: Registering event listener for AnvilUpdateEvent.
[18:00:04.136][INFO]: Registering event listener for AnvilUpdateEvent.
[18:00:04.136][INFO]: Registering event listener for AnvilUpdateEvent.
[18:00:04.136][INFO]: Registering event listener for AnvilUpdateEvent.
[18:00:04.136][INFO]: Registering event listener for AnvilUpdateEvent.
[18:00:04.136][INFO]: Registering event listener for AnvilUpdateEvent.
[18:00:04.136][INFO]: Registering event listener for AnvilUpdateEvent.
[18:00:04.136][INFO]: Registering event listener for AnvilUpdateEvent.
[18:00:04.136][INFO]: Registering event listener for AnvilUpdateEvent.
[18:00:04.136][INFO]: Registering event listener for AnvilUpdateEvent.
[18:00:04.136][INFO]: Registering event listener for AnvilUpdateEvent.
[18:00:04.136][INFO]: Registering event listener for AnvilUpdateEvent.
[18:00:04.136][INFO]: Registering event listener for AnvilUpdateEvent.
[18:00:04.136][INFO]: Registering event listener for AnvilUpdateEvent.
[18:00:04.137][INFO]: Registering event listener for AnvilUpdateEvent.
[18:00:04.137][INFO]: Registering event listener for AnvilUpdateEvent.
[18:00:04.137][INFO]: Registering event listener for AnvilUpdateEvent.
[18:00:04.137][INFO]: Registering event listener for AnvilUpdateEvent.
[18:00:04.137][INFO]: Registering event listener for AnvilUpdateEvent.
[18:00:04.137][INFO]: Registering event listener for AnvilUpdateEvent.
[18:00:04.137][INFO]: Registering event listener for AnvilUpdateEvent.
[18:00:04.137][INFO]: Registering event listener for AnvilUpdateEvent.
[18:00:04.137][INFO]: Registering event listener for AnvilUpdateEvent.
[18:00:04.137][INFO]: Registering event listener for AnvilUpdateEvent.
[18:00:04.137][INFO]: Registering event listener for AnvilUpdateEvent.
[18:00:04.137][INFO]: Registering event listener for AnvilUpdateEvent.
[18:00:04.137][INFO]: Registering event listener for AnvilUpdateEvent.
[18:00:04.137][INFO]: Registering event listener for AnvilUpdateEvent.
[18:00:04.137][INFO]: Registering event listener for AnvilUpdateEvent.
[18:00:04.137][INFO]: Registering event listener for AnvilUpdateEvent.
[18:00:04.137][INFO]: Registering event listener for AnvilUpdateEvent.
[18:00:04.138][INFO]: Registering event listener for AnvilUpdateEvent.
[18:00:04.138][INFO]: Registering event listener for AnvilUpdateEvent.
[18:00:04.138][INFO]: Registering event listener for AnvilUpdateEvent.
[18:00:04.138][INFO]: Registering event listener for AnvilUpdateEvent.
[18:00:04.138][INFO]: Registering event listener for AnvilUpdateEvent.
[18:00:04.138][INFO]: Registering event listener for AnvilUpdateEvent.
[18:00:04.138][INFO]: Registering event listener for AnvilUpdateEvent.
[18:00:04.138][INFO]: Registering event listener for AnvilUpdateEvent.
[18:00:04.138][INFO]: Registering event listener for AnvilUpdateEvent.
[18:00:04.138][INFO]: Registering event listener for AnvilUpdateEvent.
[18:00:04.138][INFO]: Registering event listener for AnvilUpdateEvent.
[18:00:04.138][INFO]: Registering event listener for AnvilUpdateEvent.
[18:00:04.138][INFO]: Registering event listener for AnvilUpdateEvent.
[18:00:04.138][INFO]: Registering event listener for AnvilUpdateEvent.
[18:00:04.138][INFO]: Registering event listener for AnvilUpdateEvent.
[18:00:04.138][INFO]: Registering event listener for AnvilUpdateEvent.
[18:00:04.138][INFO]: Registering event listener for AnvilUpdateEvent.
[18:00:04.138][INFO]: Registering event listener for AnvilUpdateEvent.
[18:00:04.138][INFO]: Registering event listener for AnvilUpdateEvent.
[18:00:04.138][INFO]: Registering event listener for AnvilUpdateEvent.
[18:00:04.138][INFO]: Registering event listener for AnvilUpdateEvent.
[18:00:04.138][INFO]: Registering event listener for AnvilUpdateEvent.
[18:00:04.138][INFO]: Registering event listener for AnvilUpdateEvent.
[18:00:04.138][INFO]: Registering event listener for AnvilUpdateEvent.
[18:00:04.138][INFO]: Registering event listener for AnvilUpdateEvent.
[18:00:04.138][INFO]: Registering event listener for AnvilUpdateEvent.
[18:00:04.138][INFO]: Registering event listener for AnvilUpdateEvent.
[18:00:04.138][INFO]: Registering event listener for AnvilUpdateEvent.
[18:00:04.138][INFO]: Registering event listener for AnvilUpdateEvent.
[18:00:04.138][INFO]: Registering event listener for AnvilUpdateEvent.
[18:00:04.138][INFO]: Registering event listener for AnvilUpdateEvent.
[18:00:04.138][INFO]: Registering event listener for AnvilUpdateEvent.
[18:00:04.139][INFO]: Registering event listener for AnvilUpdateEvent.
[18:00:04.139][INFO]: Registering event listener for AnvilUpdateEvent.
[18:00:04.139][INFO]: Registering event listener for AnvilUpdateEvent.
[18:00:04.139][INFO]: Registering event listener for AnvilUpdateEvent.
[18:00:04.139][INFO]: Registering event listener for AnvilUpdateEvent.
[18:00:04.139][INFO]: Registering event listener for AnvilUpdateEvent.
[18:00:04.139][INFO]: Registering event listener for AnvilUpdateEvent.
[18:00:04.139][INFO]: Registering event listener for AnvilUpdateEvent.
[18:00:04.139][INFO]: Registering event listener for AnvilUpdateEvent.
[18:00:04.139][INFO]: Registering event listener for AnvilUpdateEvent.
[18:00:04.139][INFO]: Registering event listener for AnvilUpdateEvent.
[18:00:04.139][INFO]: Registering event listener for AnvilUpdateEvent.
[18:00:04.139][INFO]: Registering event listener for AnvilUpdateEvent.
[18:00:04.139][INFO]: Registering event listener for AnvilUpdateEvent.
[18:00:04.139][INFO]: Registering event listener for AnvilUpdateEvent.
[18:00:04.139][INFO]: Registering event listener for AnvilUpdateEvent.
[18:00:04.139][INFO]: Registering event listener for AnvilUpdateEvent.
[18:00:04.139][INFO]: Registering event listener for AnvilUpdateEvent.
[18:00:04.139][INFO]: Registering event listener for AnvilUpdateEvent.
[18:00:04.139][INFO]: Registering event listener for AnvilUpdateEvent.
[18:00:04.139][INFO]: Registering event listener for AnvilUpdateEvent.
[18:00:04.139][INFO]: Registering event listener for AnvilUpdateEvent.
[18:00:04.139][INFO]: Registering event listener for AnvilUpdateEvent.
[18:00:04.139][INFO]: Registering event listener for AnvilUpdateEvent.
[18:00:04.139][INFO]: Registering event listener for AnvilUpdateEvent.
[18:00:04.139][INFO]: Registering event listener for AnvilUpdateEvent.
[18:00:04.139][INFO]: Registering event listener for AnvilUpdateEvent.
[18:00:04.139][INFO]: Registering event listener for AnvilUpdateEvent.
[18:00:04.139][INFO]: Registering event listener for AnvilUpdateEvent.
[18:00:04.139][INFO]: Registering event listener for AnvilUpdateEvent.
[18:00:04.139][INFO]: Registering event listener for AnvilUpdateEvent.
[18:00:04.140][INFO]: Registering event listener for AnvilUpdateEvent.
[18:00:04.140][INFO]: Registering event listener for AnvilUpdateEvent.
[18:00:04.140][INFO]: Registering event listener for AnvilUpdateEvent.
[18:00:04.140][INFO]: Registering event listener for AnvilUpdateEvent.
[18:00:04.140][INFO]: Registering event listener for AnvilUpdateEvent.
[18:00:04.140][INFO]: Registering event listener for AnvilUpdateEvent.
[18:00:04.140][INFO]: Registering event listener for AnvilUpdateEvent.
[18:00:04.140][INFO]: Registering event listener for AnvilUpdateEvent.
[18:00:04.140][INFO]: Registering event listener for AnvilUpdateEvent.
[18:00:04.140][INFO]: Registering event listener for AnvilUpdateEvent.
[18:00:04.140][INFO]: Registering event listener for AnvilUpdateEvent.
[18:00:04.140][INFO]: Registering event listener for AnvilUpdateEvent.
[18:00:04.140][INFO]: Registering event listener for AnvilUpdateEvent.
[18:00:04.140][INFO]: Registering event listener for AnvilUpdateEvent.
[18:00:04.140][INFO]: Registering event listener for AnvilUpdateEvent.
[18:00:04.140][INFO]: Registering event listener for AnvilUpdateEvent.
[18:00:04.140][INFO]: Registering event listener for AnvilUpdateEvent.
[18:00:04.140][INFO]: Registering event listener for AnvilUpdateEvent.
[18:00:04.140][INFO]: Registering event listener for AnvilUpdateEvent.
[18:00:04.140][INFO]: Registering event listener for AnvilUpdateEvent.
[18:00:04.140][INFO]: Registering event listener for AnvilUpdateEvent.
[18:00:04.140][INFO]: Registering event listener for AnvilUpdateEvent.
[18:00:04.140][INFO]: Registering event listener for AnvilUpdateEvent.
[18:00:04.141][INFO]: Registering event listener for RightClickItem.
[18:00:04.143][INFO]: Registering new fluids tag with name <tag:fluids:forge:seedoil>
[18:00:04.144][INFO]: Adding: [createaddition:seed_oil] to tag: <tag:fluids:forge:seedoil>
[18:00:04.144][INFO]: Registering new items tag with name <tag:items:forge:bullet_molds>
[18:00:04.145][INFO]: Adding: [contenttweaker:mold_bullet_casing_9mm_round] to tag: <tag:items:forge:bullet_molds>
[18:00:04.145][INFO]: Adding: [contenttweaker:mold_bullet_casing_10_gauge_round] to tag: <tag:items:forge:bullet_molds>
[18:00:04.145][INFO]: Adding: [contenttweaker:mold_bullet_casing_46x30] to tag: <tag:items:forge:bullet_molds>
[18:00:04.146][INFO]: Adding: [contenttweaker:mold_bullet_casing_50bmg] to tag: <tag:items:forge:bullet_molds>
[18:00:04.146][INFO]: Adding: [contenttweaker:mold_bullet_casing_57x28] to tag: <tag:items:forge:bullet_molds>
[18:00:04.147][INFO]: Adding: [contenttweaker:mold_bullet_casing_58x42] to tag: <tag:items:forge:bullet_molds>
[18:00:04.147][INFO]: Adding: [contenttweaker:mold_bullet_casing_762x25] to tag: <tag:items:forge:bullet_molds>
[18:00:04.148][INFO]: Adding: [contenttweaker:mold_bullet_casing_762x39] to tag: <tag:items:forge:bullet_molds>
[18:00:04.148][INFO]: Adding: [contenttweaker:mold_bullet_casing_762x54] to tag: <tag:items:forge:bullet_molds>
[18:00:04.149][INFO]: Adding: [contenttweaker:mold_bullet_casing_ae50] to tag: <tag:items:forge:bullet_molds>
[18:00:04.149][INFO]: Adding: [contenttweaker:mold_bullet_casing_bmagnum] to tag: <tag:items:forge:bullet_molds>
[18:00:04.149][INFO]: Adding: [contenttweaker:mold_bullet_casing_bullet68] to tag: <tag:items:forge:bullet_molds>
[18:00:04.150][INFO]: Adding: [contenttweaker:mold_bullet_casing_bullet308] to tag: <tag:items:forge:bullet_molds>
[18:00:04.150][INFO]: Adding: [contenttweaker:mold_bullet_casing_lapua338] to tag: <tag:items:forge:bullet_molds>
[18:00:04.150][INFO]: Adding: [contenttweaker:mold_bullet_casing_nato556] to tag: <tag:items:forge:bullet_molds>
[18:00:04.150][INFO]: Adding: [contenttweaker:mold_bullet_casing_round45] to tag: <tag:items:forge:bullet_molds>
[18:00:04.151][INFO]: Adding: [contenttweaker:mold_bullet_casing_win3030] to tag: <tag:items:forge:bullet_molds>
[18:00:04.151][INFO]: Registering new items tag with name <tag:items:forge:bullets>
[18:00:04.151][INFO]: Adding: [tac:9mm_round] to tag: <tag:items:forge:bullets>
[18:00:04.151][INFO]: Adding: [tac:10_gauge_round] to tag: <tag:items:forge:bullets>
[18:00:04.152][INFO]: Adding: [tac:46x30] to tag: <tag:items:forge:bullets>
[18:00:04.152][INFO]: Adding: [tac:50bmg] to tag: <tag:items:forge:bullets>
[18:00:04.153][INFO]: Adding: [tac:57x28] to tag: <tag:items:forge:bullets>
[18:00:04.153][INFO]: Adding: [tac:58x42] to tag: <tag:items:forge:bullets>
[18:00:04.153][INFO]: Adding: [tac:762x25] to tag: <tag:items:forge:bullets>
[18:00:04.153][INFO]: Adding: [tac:762x39] to tag: <tag:items:forge:bullets>
[18:00:04.154][INFO]: Adding: [tac:762x54] to tag: <tag:items:forge:bullets>
[18:00:04.154][INFO]: Adding: [tac:ae50] to tag: <tag:items:forge:bullets>
[18:00:04.154][INFO]: Adding: [tac:b_magnum] to tag: <tag:items:forge:bullets>
[18:00:04.154][INFO]: Adding: [tac:bullet68] to tag: <tag:items:forge:bullets>
[18:00:04.155][INFO]: Adding: [tac:bullet_308] to tag: <tag:items:forge:bullets>
[18:00:04.155][INFO]: Adding: [tac:lapua338] to tag: <tag:items:forge:bullets>
[18:00:04.155][INFO]: Adding: [tac:nato_556_bullet] to tag: <tag:items:forge:bullets>
[18:00:04.155][INFO]: Adding: [tac:round45] to tag: <tag:items:forge:bullets>
[18:00:04.156][INFO]: Adding: [tac:win_30-30] to tag: <tag:items:forge:bullets>
[18:00:04.156][INFO]: Registering new items tag with name <tag:items:forge:bullet_casing>
[18:00:04.156][INFO]: Adding: [contenttweaker:bullet_casing_9mm_round] to tag: <tag:items:forge:bullet_casing>
[18:00:04.157][INFO]: Adding: [contenttweaker:bullet_casing_10_gauge_round] to tag: <tag:items:forge:bullet_casing>
[18:00:04.157][INFO]: Adding: [contenttweaker:bullet_casing_46x30] to tag: <tag:items:forge:bullet_casing>
[18:00:04.157][INFO]: Adding: [contenttweaker:bullet_casing_50bmg] to tag: <tag:items:forge:bullet_casing>
[18:00:04.158][INFO]: Adding: [contenttweaker:bullet_casing_57x28] to tag: <tag:items:forge:bullet_casing>
[18:00:04.158][INFO]: Adding: [contenttweaker:bullet_casing_58x42] to tag: <tag:items:forge:bullet_casing>
[18:00:04.159][INFO]: Adding: [contenttweaker:bullet_casing_762x25] to tag: <tag:items:forge:bullet_casing>
[18:00:04.159][INFO]: Adding: [contenttweaker:bullet_casing_762x39] to tag: <tag:items:forge:bullet_casing>
[18:00:04.160][INFO]: Adding: [contenttweaker:bullet_casing_762x54] to tag: <tag:items:forge:bullet_casing>
[18:00:04.160][INFO]: Adding: [contenttweaker:bullet_casing_ae50] to tag: <tag:items:forge:bullet_casing>
[18:00:04.160][INFO]: Adding: [contenttweaker:bullet_casing_bmagnum] to tag: <tag:items:forge:bullet_casing>
[18:00:04.161][INFO]: Adding: [contenttweaker:bullet_casing_bullet68] to tag: <tag:items:forge:bullet_casing>
[18:00:04.161][INFO]: Adding: [contenttweaker:bullet_casing_bullet308] to tag: <tag:items:forge:bullet_casing>
[18:00:04.161][INFO]: Adding: [contenttweaker:bullet_casing_lapua338] to tag: <tag:items:forge:bullet_casing>
[18:00:04.162][INFO]: Adding: [contenttweaker:bullet_casing_nato556] to tag: <tag:items:forge:bullet_casing>
[18:00:04.162][INFO]: Adding: [contenttweaker:bullet_casing_round45] to tag: <tag:items:forge:bullet_casing>
[18:00:04.162][INFO]: Adding: [contenttweaker:bullet_casing_win3030] to tag: <tag:items:forge:bullet_casing>
[18:00:04.162][INFO]: Registering new items tag with name <tag:items:forge:turret_cartridge>
[18:00:04.164][INFO]: Registering new items tag with name <tag:items:forge:rubber_cables>
[18:00:04.164][INFO]: Adding: [pipez:energy_pipe] to tag: <tag:items:forge:rubber_cables>
[18:00:04.164][INFO]: Adding: [pipez:item_pipe] to tag: <tag:items:forge:rubber_cables>
[18:00:04.165][INFO]: Adding: [pipez:fluid_pipe] to tag: <tag:items:forge:rubber_cables>
[18:00:04.165][INFO]: Adding: [thirst:sand_filter] to tag: <tag:blocks:minecraft:mineable/pickaxe>
[18:00:04.165][INFO]: Adding: [thirst:sand_filter] to tag: <tag:blocks:artifacts:mineable/digging_claws>
[18:00:04.166][INFO]: Adding: [minecraft:lantern] to tag: <tag:blocks:lostcities:lights>
[18:00:04.166][INFO]: Adding: [minecraft:soul_lantern] to tag: <tag:blocks:lostcities:lights>
[18:00:04.166][INFO]: Adding: [minecraft:torch] to tag: <tag:blocks:lostcities:lights>
[18:00:04.166][INFO]: Adding: [minecraft:soul_torch] to tag: <tag:blocks:lostcities:lights>
[18:00:04.166][INFO]: Adding: [minecraft:redstone_torch] to tag: <tag:blocks:lostcities:lights>
[18:00:04.166][INFO]: Adding: [minecraft:sea_lantern] to tag: <tag:blocks:lostcities:lights>
[18:00:04.167][INFO]: Adding: [minecraft:glowstone] to tag: <tag:blocks:lostcities:lights>
[18:00:04.167][INFO]: Adding: [minecraft:campfire] to tag: <tag:blocks:lostcities:lights>
[18:00:04.167][INFO]: Adding: [simplylight:rodlamp] to tag: <tag:blocks:lostcities:lights>
[18:00:04.167][INFO]: Adding: [simplylight:wall_lamp] to tag: <tag:blocks:lostcities:lights>
[18:00:04.167][INFO]: Adding: [simplylight:lightbulb] to tag: <tag:blocks:lostcities:lights>
[18:00:04.167][INFO]: Adding: [simplylight:illuminant_block_on] to tag: <tag:blocks:lostcities:lights>
[18:00:04.168][INFO]: Adding: [simplylight:illuminant_yellow_block_on] to tag: <tag:blocks:lostcities:lights>
[18:00:04.168][INFO]: Adding: [simplylight:illuminant_panel] to tag: <tag:blocks:lostcities:lights>
[18:00:04.168][INFO]: Adding: [simplylight:edge_light_top] to tag: <tag:blocks:lostcities:lights>
[18:00:04.168][INFO]: Adding: [simplylight:edge_light] to tag: <tag:blocks:lostcities:lights>
[18:00:04.168][INFO]: Adding: [simplylight:illuminant_light_gray_block_on] to tag: <tag:blocks:lostcities:lights>
[18:00:04.169][INFO]: Adding: [simplylight:lamp_post] to tag: <tag:blocks:lostcities:lights>
[18:00:04.169][INFO]: Adding: [buildersdelight:lantern_4] to tag: <tag:blocks:lostcities:lights>
[18:00:04.170][INFO]: Adding: [another_furniture:white_lamp, another_furniture:orange_lamp, another_furniture:magenta_lamp, another_furniture:light_blue_lamp, another_furniture:yellow_lamp, another_furniture:lime_lamp, another_furniture:pink_lamp, another_furniture:gray_lamp, another_furniture:light_gray_lamp, another_furniture:cyan_lamp, another_furniture:purple_lamp, another_furniture:blue_lamp, another_furniture:brown_lamp, another_furniture:green_lamp, another_furniture:red_lamp, another_furniture:black_lamp] to tag: <tag:blocks:lostcities:lights>
[18:00:04.170][INFO]: Adding: [immersivepetroleum:asphalt] to tag: <tag:blocks:car:drivable_blocks>
[18:00:04.170][INFO]: Adding: [immersivepetroleum:asphalt_slab] to tag: <tag:blocks:car:drivable_blocks>
[18:00:04.170][INFO]: Adding: [immersivepetroleum:asphalt_stair] to tag: <tag:blocks:car:drivable_blocks>
[18:00:04.171][INFO]: Adding: [another_furniture:oak_chair, another_furniture:spruce_chair, another_furniture:birch_chair, another_furniture:jungle_chair, another_furniture:acacia_chair, another_furniture:dark_oak_chair, another_furniture:crimson_chair, another_furniture:warped_chair] to tag: <tag:blocks:create:seats>
[18:00:04.171][INFO]: Adding: [another_furniture:white_sofa, another_furniture:orange_sofa, another_furniture:magenta_sofa, another_furniture:light_blue_sofa, another_furniture:yellow_sofa, another_furniture:lime_sofa, another_furniture:pink_sofa, another_furniture:gray_sofa, another_furniture:light_gray_sofa, another_furniture:cyan_sofa, another_furniture:purple_sofa, another_furniture:blue_sofa, another_furniture:brown_sofa, another_furniture:green_sofa, another_furniture:red_sofa, another_furniture:black_sofa] to tag: <tag:blocks:create:seats>
[18:00:04.171][INFO]: Adding: [another_furniture:white_tall_stool, another_furniture:orange_tall_stool, another_furniture:magenta_tall_stool, another_furniture:light_blue_tall_stool, another_furniture:yellow_tall_stool, another_furniture:lime_tall_stool, another_furniture:pink_tall_stool, another_furniture:gray_tall_stool, another_furniture:light_gray_tall_stool, another_furniture:cyan_tall_stool, another_furniture:purple_tall_stool, another_furniture:blue_tall_stool, another_furniture:brown_tall_stool, another_furniture:green_tall_stool, another_furniture:red_tall_stool, another_furniture:black_tall_stool] to tag: <tag:blocks:create:seats>
[18:00:04.172][INFO]: Adding: [another_furniture:oak_bench, another_furniture:spruce_bench, another_furniture:birch_bench, another_furniture:jungle_bench, another_furniture:acacia_bench, another_furniture:dark_oak_bench, another_furniture:crimson_bench, another_furniture:warped_bench] to tag: <tag:blocks:create:seats>
[18:00:04.172][INFO]: Adding: [another_furniture:white_stool, another_furniture:orange_stool, another_furniture:magenta_stool, another_furniture:light_blue_stool, another_furniture:yellow_stool, another_furniture:lime_stool, another_furniture:pink_stool, another_furniture:gray_stool, another_furniture:light_gray_stool, another_furniture:cyan_stool, another_furniture:purple_stool, another_furniture:blue_stool, another_furniture:brown_stool, another_furniture:green_stool, another_furniture:red_stool, another_furniture:black_stool] to tag: <tag:blocks:create:seats>
[18:00:04.172][INFO]: Adding: [embellishcraft:white_couch, embellishcraft:orange_couch, embellishcraft:magenta_couch, embellishcraft:light_blue_couch, embellishcraft:yellow_couch, embellishcraft:lime_couch, embellishcraft:pink_couch, embellishcraft:gray_couch, embellishcraft:light_gray_couch, embellishcraft:cyan_couch, embellishcraft:purple_couch, embellishcraft:blue_couch, embellishcraft:brown_couch, embellishcraft:green_couch, embellishcraft:red_couch, embellishcraft:black_couch] to tag: <tag:blocks:create:seats>
[18:00:04.173][INFO]: Adding: [embellishcraft:acacia_chair, embellishcraft:birch_chair, embellishcraft:dark_oak_chair, embellishcraft:jungle_chair, embellishcraft:oak_chair, embellishcraft:spruce_chair, embellishcraft:warped_chair, embellishcraft:crimson_chair, embellishcraft:acacia_terrace_chair, embellishcraft:birch_terrace_chair, embellishcraft:dark_oak_terrace_chair, embellishcraft:jungle_terrace_chair, embellishcraft:oak_terrace_chair, embellishcraft:spruce_terrace_chair, embellishcraft:warped_terrace_chair, embellishcraft:crimson_terrace_chair, embellishcraft:steel_terrace_chair] to tag: <tag:blocks:create:seats>
[18:00:04.173][INFO]: Adding: [embellishcraft:white_couch, embellishcraft:orange_couch, embellishcraft:magenta_couch, embellishcraft:light_blue_couch, embellishcraft:yellow_couch, embellishcraft:lime_couch, embellishcraft:pink_couch, embellishcraft:gray_couch, embellishcraft:light_gray_couch, embellishcraft:cyan_couch, embellishcraft:purple_couch, embellishcraft:blue_couch, embellishcraft:brown_couch, embellishcraft:green_couch, embellishcraft:red_couch, embellishcraft:black_couch] to tag: <tag:items:create:seats>
[18:00:04.173][INFO]: Adding: [another_furniture:oak_chair, another_furniture:spruce_chair, another_furniture:birch_chair, another_furniture:jungle_chair, another_furniture:acacia_chair, another_furniture:dark_oak_chair, another_furniture:crimson_chair, another_furniture:warped_chair] to tag: <tag:items:create:seats>
[18:00:04.174][INFO]: Adding: [another_furniture:white_sofa, another_furniture:orange_sofa, another_furniture:magenta_sofa, another_furniture:light_blue_sofa, another_furniture:yellow_sofa, another_furniture:lime_sofa, another_furniture:pink_sofa, another_furniture:gray_sofa, another_furniture:light_gray_sofa, another_furniture:cyan_sofa, another_furniture:purple_sofa, another_furniture:blue_sofa, another_furniture:brown_sofa, another_furniture:green_sofa, another_furniture:red_sofa, another_furniture:black_sofa] to tag: <tag:items:create:seats>
[18:00:04.174][INFO]: Adding: [another_furniture:white_tall_stool, another_furniture:orange_tall_stool, another_furniture:magenta_tall_stool, another_furniture:light_blue_tall_stool, another_furniture:yellow_tall_stool, another_furniture:lime_tall_stool, another_furniture:pink_tall_stool, another_furniture:gray_tall_stool, another_furniture:light_gray_tall_stool, another_furniture:cyan_tall_stool, another_furniture:purple_tall_stool, another_furniture:blue_tall_stool, another_furniture:brown_tall_stool, another_furniture:green_tall_stool, another_furniture:red_tall_stool, another_furniture:black_tall_stool] to tag: <tag:items:create:seats>
[18:00:04.175][INFO]: Adding: [another_furniture:oak_bench, another_furniture:spruce_bench, another_furniture:birch_bench, another_furniture:jungle_bench, another_furniture:acacia_bench, another_furniture:dark_oak_bench, another_furniture:crimson_bench, another_furniture:warped_bench] to tag: <tag:items:create:seats>
[18:00:04.175][INFO]: Adding: [another_furniture:white_stool, another_furniture:orange_stool, another_furniture:magenta_stool, another_furniture:light_blue_stool, another_furniture:yellow_stool, another_furniture:lime_stool, another_furniture:pink_stool, another_furniture:gray_stool, another_furniture:light_gray_stool, another_furniture:cyan_stool, another_furniture:purple_stool, another_furniture:blue_stool, another_furniture:brown_stool, another_furniture:green_stool, another_furniture:red_stool, another_furniture:black_stool] to tag: <tag:items:create:seats>
[18:00:04.176][INFO]: Adding: [buildersdelight:laboratory_3] to tag: <tag:blocks:create:non_movable>
[18:00:04.176][INFO]: Adding: [minecraft:bedrock] to tag: <tag:blocks:create:non_movable>
[18:00:04.176][INFO]: Registering new items tag with name <tag:items:simpleplanes:plane_upgrades>
[18:00:04.176][INFO]: Adding: [simpleplanes:floaty_bedding] to tag: <tag:items:simpleplanes:plane_upgrades>
[18:00:04.177][INFO]: Adding: [simpleplanes:booster] to tag: <tag:items:simpleplanes:plane_upgrades>
[18:00:04.177][INFO]: Adding: [simpleplanes:armor] to tag: <tag:items:simpleplanes:plane_upgrades>
[18:00:04.177][INFO]: Adding: [simpleplanes:solar_panel] to tag: <tag:items:simpleplanes:plane_upgrades>
[18:00:04.178][INFO]: Adding: [simpleplanes:seats] to tag: <tag:items:simpleplanes:plane_upgrades>
[18:00:04.178][INFO]: Adding: [simpleplanes:shooter] to tag: <tag:items:simpleplanes:plane_upgrades>
[18:00:04.178][INFO]: Registering new items tag with name <tag:items:simpleplanes:plane_engines>
[18:00:04.178][INFO]: Adding: [simpleplanes:electric_engine] to tag: <tag:items:simpleplanes:plane_engines>
[18:00:04.179][INFO]: Adding: [simpleplanes:furnace_engine] to tag: <tag:items:simpleplanes:plane_engines>
[18:00:04.179][INFO]: Adding: [simpleplanes:liquid_engine] to tag: <tag:items:simpleplanes:plane_engines>
[18:00:04.179][INFO]: Registering new items tag with name <tag:items:armorset:hunting>
[18:00:04.180][INFO]: Adding: [apocalypsenow:hunting_helmet] to tag: <tag:items:armorset:hunting>
[18:00:04.180][INFO]: Adding: [apocalypsenow:hunting_chestplate] to tag: <tag:items:armorset:hunting>
[18:00:04.180][INFO]: Registering new items tag with name <tag:items:armorset:beret>
[18:00:04.181][INFO]: Adding: [apocalypsenow:beret_helmet] to tag: <tag:items:armorset:beret>
[18:00:04.181][INFO]: Adding: [apocalypsenow:beret_chestplate] to tag: <tag:items:armorset:beret>
[18:00:04.181][INFO]: Registering new items tag with name <tag:items:armorset:military_beret>
[18:00:04.181][INFO]: Adding: [apocalypsenow:military_beret_helmet] to tag: <tag:items:armorset:military_beret>
[18:00:04.182][INFO]: Adding: [apocalypsenow:military_beret_chestplate] to tag: <tag:items:armorset:military_beret>
[18:00:04.182][INFO]: Registering new items tag with name <tag:items:armorset:officer_beret>
[18:00:04.182][INFO]: Adding: [apocalypsenow:officer_beret_helmet] to tag: <tag:items:armorset:officer_beret>
[18:00:04.183][INFO]: Adding: [apocalypsenow:officer_beret_chestplate] to tag: <tag:items:armorset:officer_beret>
[18:00:04.183][INFO]: Registering new items tag with name <tag:items:armorset:atlast_7>
[18:00:04.183][INFO]: Adding: [apocalypsenow:atlast_7_helmet] to tag: <tag:items:armorset:atlast_7>
[18:00:04.184][INFO]: Adding: [apocalypsenow:atlast_7_chestplate] to tag: <tag:items:armorset:atlast_7>
[18:00:04.184][INFO]: Registering new items tag with name <tag:items:armorset:military_pilot_headset>
[18:00:04.184][INFO]: Adding: [apocalypsenow:military_pilot_headset_helmet] to tag: <tag:items:armorset:military_pilot_headset>
[18:00:04.185][INFO]: Adding: [apocalypsenow:military_pilot_headset_chestplate] to tag: <tag:items:armorset:military_pilot_headset>
[18:00:04.185][INFO]: Registering new items tag with name <tag:items:armorset:leather>
[18:00:04.185][INFO]: Adding: [minecraft:leather_helmet] to tag: <tag:items:armorset:leather>
[18:00:04.186][INFO]: Adding: [minecraft:leather_chestplate] to tag: <tag:items:armorset:leather>
[18:00:04.186][INFO]: Adding: [minecraft:leather_leggings] to tag: <tag:items:armorset:leather>
[18:00:04.186][INFO]: Adding: [minecraft:leather_boots] to tag: <tag:items:armorset:leather>
[18:00:04.186][INFO]: Registering new items tag with name <tag:items:armorset:chainmail>
[18:00:04.187][INFO]: Adding: [minecraft:chainmail_helmet] to tag: <tag:items:armorset:chainmail>
[18:00:04.187][INFO]: Adding: [minecraft:chainmail_chestplate] to tag: <tag:items:armorset:chainmail>
[18:00:04.187][INFO]: Adding: [minecraft:chainmail_leggings] to tag: <tag:items:armorset:chainmail>
[18:00:04.187][INFO]: Adding: [minecraft:chainmail_boots] to tag: <tag:items:armorset:chainmail>
[18:00:04.188][INFO]: Registering new items tag with name <tag:items:armorset:armor_steel>
[18:00:04.189][INFO]: Registering new items tag with name <tag:items:armorset:netherite>
[18:00:04.189][INFO]: Adding: [minecraft:netherite_helmet] to tag: <tag:items:armorset:netherite>
[18:00:04.189][INFO]: Adding: [minecraft:netherite_chestplate] to tag: <tag:items:armorset:netherite>
[18:00:04.190][INFO]: Adding: [minecraft:netherite_leggings] to tag: <tag:items:armorset:netherite>
[18:00:04.190][INFO]: Adding: [minecraft:netherite_boots] to tag: <tag:items:armorset:netherite>
[18:00:04.190][INFO]: Registering new items tag with name <tag:items:armorset:police>
[18:00:04.190][INFO]: Adding: [apocalypsenow:police_helmet] to tag: <tag:items:armorset:police>
[18:00:04.191][INFO]: Adding: [apocalypsenow:police_chestplate] to tag: <tag:items:armorset:police>
[18:00:04.191][INFO]: Adding: [apocalypsenow:police_leggings] to tag: <tag:items:armorset:police>
[18:00:04.191][INFO]: Adding: [apocalypsenow:police_boots] to tag: <tag:items:armorset:police>
[18:00:04.191][INFO]: Registering new items tag with name <tag:items:armorset:fire_figther>
[18:00:04.192][INFO]: Adding: [apocalypsenow:fire_figther_helmet] to tag: <tag:items:armorset:fire_figther>
[18:00:04.192][INFO]: Adding: [apocalypsenow:fire_figther_chestplate] to tag: <tag:items:armorset:fire_figther>
[18:00:04.192][INFO]: Adding: [apocalypsenow:fire_figther_leggings] to tag: <tag:items:armorset:fire_figther>
[18:00:04.192][INFO]: Adding: [apocalypsenow:fire_figther_boots] to tag: <tag:items:armorset:fire_figther>
[18:00:04.192][INFO]: Registering new items tag with name <tag:items:armorset:nurse>
[18:00:04.193][INFO]: Adding: [apocalypsenow:nurse_helmet] to tag: <tag:items:armorset:nurse>
[18:00:04.193][INFO]: Adding: [apocalypsenow:nurse_chestplate] to tag: <tag:items:armorset:nurse>
[18:00:04.193][INFO]: Adding: [apocalypsenow:nurse_leggings] to tag: <tag:items:armorset:nurse>
[18:00:04.193][INFO]: Adding: [apocalypsenow:nurse_boots] to tag: <tag:items:armorset:nurse>
[18:00:04.194][INFO]: Registering new items tag with name <tag:items:armorset:anarchy>
[18:00:04.194][INFO]: Adding: [apocalypsenow:anarchy_helmet] to tag: <tag:items:armorset:anarchy>
[18:00:04.194][INFO]: Adding: [apocalypsenow:anarchy_chestplate] to tag: <tag:items:armorset:anarchy>
[18:00:04.194][INFO]: Adding: [apocalypsenow:anarchy_leggings] to tag: <tag:items:armorset:anarchy>
[18:00:04.194][INFO]: Adding: [apocalypsenow:anarchy_boots] to tag: <tag:items:armorset:anarchy>
[18:00:04.195][INFO]: Registering new items tag with name <tag:items:armorset:forestguard>
[18:00:04.195][INFO]: Adding: [apocalypsenow:forestguard_helmet] to tag: <tag:items:armorset:forestguard>
[18:00:04.195][INFO]: Adding: [apocalypsenow:forestguard_chestplate] to tag: <tag:items:armorset:forestguard>
[18:00:04.195][INFO]: Adding: [apocalypsenow:forestguard_leggings] to tag: <tag:items:armorset:forestguard>
[18:00:04.196][INFO]: Adding: [apocalypsenow:forestguard_boots] to tag: <tag:items:armorset:forestguard>
[18:00:04.196][INFO]: Registering new items tag with name <tag:items:armorset:construction>
[18:00:04.196][INFO]: Adding: [apocalypsenow:construction_helmet] to tag: <tag:items:armorset:construction>
[18:00:04.196][INFO]: Adding: [apocalypsenow:construction_chestplate] to tag: <tag:items:armorset:construction>
[18:00:04.197][INFO]: Adding: [apocalypsenow:construction_leggings] to tag: <tag:items:armorset:construction>
[18:00:04.197][INFO]: Adding: [apocalypsenow:construction_boots] to tag: <tag:items:armorset:construction>
[18:00:04.197][INFO]: Registering new items tag with name <tag:items:armorset:hazmat_suit>
[18:00:04.197][INFO]: Adding: [apocalypsenow:hazmat_suit_helmet] to tag: <tag:items:armorset:hazmat_suit>
[18:00:04.198][INFO]: Adding: [apocalypsenow:hazmat_suit_chestplate] to tag: <tag:items:armorset:hazmat_suit>
[18:00:04.198][INFO]: Adding: [apocalypsenow:hazmat_suit_leggings] to tag: <tag:items:armorset:hazmat_suit>
[18:00:04.198][INFO]: Adding: [apocalypsenow:hazmat_suit_boots] to tag: <tag:items:armorset:hazmat_suit>
[18:00:04.198][INFO]: Registering new items tag with name <tag:items:armorset:royal_canada_police_officer>
[18:00:04.198][INFO]: Adding: [apocalypsenow:royal_canada_police_officer_helmet] to tag: <tag:items:armorset:royal_canada_police_officer>
[18:00:04.199][INFO]: Adding: [apocalypsenow:royal_canada_police_officer_chestplate] to tag: <tag:items:armorset:royal_canada_police_officer>
[18:00:04.199][INFO]: Adding: [apocalypsenow:royal_canada_police_officer_leggings] to tag: <tag:items:armorset:royal_canada_police_officer>
[18:00:04.199][INFO]: Adding: [apocalypsenow:royal_canada_police_officer_boots] to tag: <tag:items:armorset:royal_canada_police_officer>
[18:00:04.199][INFO]: Registering new items tag with name <tag:items:armorset:headgear>
[18:00:04.200][INFO]: Adding: [apocalypsenow:red_bikers_helmet] to tag: <tag:items:armorset:headgear>
[18:00:04.200][INFO]: Adding: [apocalypsenow:green_bikers_helmet] to tag: <tag:items:armorset:headgear>
[18:00:04.200][INFO]: Adding: [apocalypsenow:black_bikers_helmet] to tag: <tag:items:armorset:headgear>
[18:00:04.200][INFO]: Adding: [apocalypsenow:pink_bikers_helmet] to tag: <tag:items:armorset:headgear>
[18:00:04.201][INFO]: Adding: [apocalypsenow:bikers_helmet] to tag: <tag:items:armorset:headgear>
[18:00:04.201][INFO]: Adding: [apocalypsenow:red_motorcycle_helmet_helmet] to tag: <tag:items:armorset:headgear>
[18:00:04.201][INFO]: Adding: [apocalypsenow:black_motorcycle_helmet_helmet] to tag: <tag:items:armorset:headgear>
[18:00:04.201][INFO]: Registering new items tag with name <tag:items:armorset:military_riot_armor>
[18:00:04.202][INFO]: Adding: [apocalypsenow:military_riot_armor_helmet] to tag: <tag:items:armorset:military_riot_armor>
[18:00:04.202][INFO]: Adding: [apocalypsenow:military_riot_armor_chestplate] to tag: <tag:items:armorset:military_riot_armor>
[18:00:04.202][INFO]: Adding: [apocalypsenow:military_riot_armor_leggings] to tag: <tag:items:armorset:military_riot_armor>
[18:00:04.202][INFO]: Adding: [apocalypsenow:military_riot_armor_boots] to tag: <tag:items:armorset:military_riot_armor>
[18:00:04.203][INFO]: Registering new items tag with name <tag:items:armorset:military_urban>
[18:00:04.203][INFO]: Adding: [apocalypsenow:military_urban_helmet] to tag: <tag:items:armorset:military_urban>
[18:00:04.203][INFO]: Adding: [apocalypsenow:military_urban_chestplate] to tag: <tag:items:armorset:military_urban>
[18:00:04.203][INFO]: Adding: [apocalypsenow:military_urban_leggings] to tag: <tag:items:armorset:military_urban>
[18:00:04.204][INFO]: Adding: [apocalypsenow:military_urban_boots] to tag: <tag:items:armorset:military_urban>
[18:00:04.204][INFO]: Registering new items tag with name <tag:items:armorset:un_armor>
[18:00:04.204][INFO]: Adding: [apocalypsenow:un_armor_helmet] to tag: <tag:items:armorset:un_armor>
[18:00:04.204][INFO]: Adding: [apocalypsenow:un_armor_chestplate] to tag: <tag:items:armorset:un_armor>
[18:00:04.205][INFO]: Adding: [apocalypsenow:un_armor_leggings] to tag: <tag:items:armorset:un_armor>
[18:00:04.205][INFO]: Adding: [apocalypsenow:un_armor_boots] to tag: <tag:items:armorset:un_armor>
[18:00:04.205][INFO]: Registering new items tag with name <tag:items:armorset:biohazard>
[18:00:04.205][INFO]: Adding: [apocalypsenow:biohazard_helmet] to tag: <tag:items:armorset:biohazard>
[18:00:04.206][INFO]: Adding: [apocalypsenow:biohazard_chestplate] to tag: <tag:items:armorset:biohazard>
[18:00:04.206][INFO]: Adding: [apocalypsenow:biohazard_leggings] to tag: <tag:items:armorset:biohazard>
[18:00:04.206][INFO]: Adding: [apocalypsenow:biohazard_boots] to tag: <tag:items:armorset:biohazard>
[18:00:04.206][INFO]: Registering new items tag with name <tag:items:armorset:swat>
[18:00:04.207][INFO]: Adding: [apocalypsenow:swat_helmet] to tag: <tag:items:armorset:swat>
[18:00:04.207][INFO]: Adding: [apocalypsenow:swat_chestplate] to tag: <tag:items:armorset:swat>
[18:00:04.207][INFO]: Adding: [apocalypsenow:swat_leggings] to tag: <tag:items:armorset:swat>
[18:00:04.207][INFO]: Adding: [apocalypsenow:swat_boots] to tag: <tag:items:armorset:swat>
[18:00:04.208][INFO]: Registering new items tag with name <tag:items:armorset:swatriotcontrol>
[18:00:04.208][INFO]: Adding: [apocalypsenow:swatriotcontrol_helmet] to tag: <tag:items:armorset:swatriotcontrol>
[18:00:04.208][INFO]: Adding: [apocalypsenow:swatriotcontrol_chestplate] to tag: <tag:items:armorset:swatriotcontrol>
[18:00:04.208][INFO]: Adding: [apocalypsenow:swatriotcontrol_leggings] to tag: <tag:items:armorset:swatriotcontrol>
[18:00:04.208][INFO]: Adding: [apocalypsenow:swatriotcontrol_boots] to tag: <tag:items:armorset:swatriotcontrol>
[18:00:04.209][INFO]: Registering new items tag with name <tag:items:armorset:juggernaut>
[18:00:04.209][INFO]: Adding: [apocalypsenow:juggernaut_helmet] to tag: <tag:items:armorset:juggernaut>
[18:00:04.209][INFO]: Adding: [apocalypsenow:juggernaut_chestplate] to tag: <tag:items:armorset:juggernaut>
[18:00:04.210][INFO]: Adding: [apocalypsenow:juggernaut_leggings] to tag: <tag:items:armorset:juggernaut>
[18:00:04.210][INFO]: Adding: [apocalypsenow:juggernaut_boots] to tag: <tag:items:armorset:juggernaut>
[18:00:04.210][INFO]: Registering new items tag with name <tag:items:armorset:bombsquad>
[18:00:04.210][INFO]: Adding: [apocalypsenow:bombsquad_helmet] to tag: <tag:items:armorset:bombsquad>
[18:00:04.211][INFO]: Adding: [apocalypsenow:bombsquad_chestplate] to tag: <tag:items:armorset:bombsquad>
[18:00:04.211][INFO]: Adding: [apocalypsenow:bombsquad_leggings] to tag: <tag:items:armorset:bombsquad>
[18:00:04.211][INFO]: Adding: [apocalypsenow:bombsquad_boots] to tag: <tag:items:armorset:bombsquad>
[18:00:04.211][INFO]: Registering new items tag with name <tag:items:armorset:soldier>
[18:00:04.212][INFO]: Adding: [apocalypsenow:soldier_helmet] to tag: <tag:items:armorset:soldier>
[18:00:04.212][INFO]: Adding: [apocalypsenow:soldier_chestplate] to tag: <tag:items:armorset:soldier>
[18:00:04.212][INFO]: Adding: [apocalypsenow:soldier_leggings] to tag: <tag:items:armorset:soldier>
[18:00:04.213][INFO]: Adding: [apocalypsenow:soldier_boots] to tag: <tag:items:armorset:soldier>
[18:00:04.213][INFO]: Registering new items tag with name <tag:items:armorset:spec_ops>
[18:00:04.213][INFO]: Adding: [apocalypsenow:spec_ops_helmet] to tag: <tag:items:armorset:spec_ops>
[18:00:04.214][INFO]: Adding: [apocalypsenow:spec_ops_chestplate] to tag: <tag:items:armorset:spec_ops>
[18:00:04.214][INFO]: Adding: [apocalypsenow:spec_ops_leggings] to tag: <tag:items:armorset:spec_ops>
[18:00:04.214][INFO]: Adding: [apocalypsenow:spec_ops_boots] to tag: <tag:items:armorset:spec_ops>
[18:00:04.215][INFO]: Registering new items tag with name <tag:items:car:wheels>
[18:00:04.215][INFO]: Adding: [car:wheel] to tag: <tag:items:car:wheels>
[18:00:04.215][INFO]: Adding: [car:big_wheel] to tag: <tag:items:car:wheels>
[18:00:04.216][INFO]: Registering new items tag with name <tag:items:car:body>
[18:00:04.216][INFO]: Adding: [car:oak_body] to tag: <tag:items:car:body>
[18:00:04.216][INFO]: Adding: [car:acacia_body] to tag: <tag:items:car:body>
[18:00:04.216][INFO]: Adding: [car:dark_oak_body] to tag: <tag:items:car:body>
[18:00:04.217][INFO]: Adding: [car:birch_body] to tag: <tag:items:car:body>
[18:00:04.217][INFO]: Adding: [car:jungle_body] to tag: <tag:items:car:body>
[18:00:04.217][INFO]: Adding: [car:spruce_body] to tag: <tag:items:car:body>
[18:00:04.217][INFO]: Adding: [car:crimson_body] to tag: <tag:items:car:body>
[18:00:04.218][INFO]: Adding: [car:warped_body] to tag: <tag:items:car:body>
[18:00:04.218][INFO]: Adding: [car:big_oak_body] to tag: <tag:items:car:body>
[18:00:04.218][INFO]: Adding: [car:big_acacia_body] to tag: <tag:items:car:body>
[18:00:04.218][INFO]: Adding: [car:big_dark_oak_body] to tag: <tag:items:car:body>
[18:00:04.219][INFO]: Adding: [car:big_birch_body] to tag: <tag:items:car:body>
[18:00:04.219][INFO]: Adding: [car:big_jungle_body] to tag: <tag:items:car:body>
[18:00:04.219][INFO]: Adding: [car:big_spruce_body] to tag: <tag:items:car:body>
[18:00:04.219][INFO]: Adding: [car:big_crimson_body] to tag: <tag:items:car:body>
[18:00:04.220][INFO]: Adding: [car:big_warped_body] to tag: <tag:items:car:body>
[18:00:04.220][INFO]: Adding: [car:black_transporter_body] to tag: <tag:items:car:body>
[18:00:04.220][INFO]: Adding: [car:blue_transporter_body] to tag: <tag:items:car:body>
[18:00:04.220][INFO]: Adding: [car:brown_transporter_body] to tag: <tag:items:car:body>
[18:00:04.220][INFO]: Adding: [car:cyan_transporter_body] to tag: <tag:items:car:body>
[18:00:04.220][INFO]: Adding: [car:gray_transporter_body] to tag: <tag:items:car:body>
[18:00:04.221][INFO]: Adding: [car:green_transporter_body] to tag: <tag:items:car:body>
[18:00:04.221][INFO]: Adding: [car:light_blue_transporter_body] to tag: <tag:items:car:body>
[18:00:04.222][INFO]: Adding: [car:lime_transporter_body] to tag: <tag:items:car:body>
[18:00:04.222][INFO]: Adding: [car:magenta_transporter_body] to tag: <tag:items:car:body>
[18:00:04.222][INFO]: Adding: [car:orange_transporter_body] to tag: <tag:items:car:body>
[18:00:04.222][INFO]: Adding: [car:pink_transporter_body] to tag: <tag:items:car:body>
[18:00:04.223][INFO]: Adding: [car:red_transporter_body] to tag: <tag:items:car:body>
[18:00:04.223][INFO]: Adding: [car:light_gray_transporter_body] to tag: <tag:items:car:body>
[18:00:04.224][INFO]: Adding: [car:white_transporter_body] to tag: <tag:items:car:body>
[18:00:04.224][INFO]: Adding: [car:yellow_transporter_body] to tag: <tag:items:car:body>
[18:00:04.224][INFO]: Adding: [car:black_suv_body] to tag: <tag:items:car:body>
[18:00:04.225][INFO]: Adding: [car:blue_suv_body] to tag: <tag:items:car:body>
[18:00:04.225][INFO]: Adding: [car:brown_suv_body] to tag: <tag:items:car:body>
[18:00:04.225][INFO]: Adding: [car:cyan_suv_body] to tag: <tag:items:car:body>
[18:00:04.226][INFO]: Adding: [car:gray_suv_body] to tag: <tag:items:car:body>
[18:00:04.226][INFO]: Adding: [car:green_suv_body] to tag: <tag:items:car:body>
[18:00:04.226][INFO]: Adding: [car:light_blue_suv_body] to tag: <tag:items:car:body>
[18:00:04.227][INFO]: Adding: [car:lime_suv_body] to tag: <tag:items:car:body>
[18:00:04.227][INFO]: Adding: [car:magenta_suv_body] to tag: <tag:items:car:body>
[18:00:04.227][INFO]: Adding: [car:orange_suv_body] to tag: <tag:items:car:body>
[18:00:04.228][INFO]: Adding: [car:pink_suv_body] to tag: <tag:items:car:body>
[18:00:04.228][INFO]: Adding: [car:red_suv_body] to tag: <tag:items:car:body>
[18:00:04.228][INFO]: Adding: [car:light_gray_suv_body] to tag: <tag:items:car:body>
[18:00:04.229][INFO]: Adding: [car:white_suv_body] to tag: <tag:items:car:body>
[18:00:04.229][INFO]: Adding: [car:yellow_suv_body] to tag: <tag:items:car:body>
[18:00:04.229][INFO]: Adding: [car:black_sport_body] to tag: <tag:items:car:body>
[18:00:04.229][INFO]: Adding: [car:blue_sport_body] to tag: <tag:items:car:body>
[18:00:04.230][INFO]: Adding: [car:brown_sport_body] to tag: <tag:items:car:body>
[18:00:04.230][INFO]: Adding: [car:cyan_sport_body] to tag: <tag:items:car:body>
[18:00:04.230][INFO]: Adding: [car:gray_sport_body] to tag: <tag:items:car:body>
[18:00:04.230][INFO]: Adding: [car:green_sport_body] to tag: <tag:items:car:body>
[18:00:04.231][INFO]: Adding: [car:light_blue_sport_body] to tag: <tag:items:car:body>
[18:00:04.231][INFO]: Adding: [car:lime_sport_body] to tag: <tag:items:car:body>
[18:00:04.231][INFO]: Adding: [car:magenta_sport_body] to tag: <tag:items:car:body>
[18:00:04.231][INFO]: Adding: [car:orange_sport_body] to tag: <tag:items:car:body>
[18:00:04.231][INFO]: Adding: [car:pink_sport_body] to tag: <tag:items:car:body>
[18:00:04.232][INFO]: Adding: [car:red_sport_body] to tag: <tag:items:car:body>
[18:00:04.232][INFO]: Adding: [car:light_gray_sport_body] to tag: <tag:items:car:body>
[18:00:04.232][INFO]: Adding: [car:white_sport_body] to tag: <tag:items:car:body>
[18:00:04.232][INFO]: Adding: [car:yellow_sport_body] to tag: <tag:items:car:body>
[18:00:04.232][INFO]: Registering new items tag with name <tag:items:car:engine>
[18:00:04.232][INFO]: Adding: [car:engine_3_cylinder] to tag: <tag:items:car:engine>
[18:00:04.233][INFO]: Adding: [car:engine_6_cylinder] to tag: <tag:items:car:engine>
[18:00:04.233][INFO]: Adding: [car:engine_truck] to tag: <tag:items:car:engine>
[18:00:04.233][INFO]: Registering new items tag with name <tag:items:car:tank>
[18:00:04.233][INFO]: Adding: [car:small_tank] to tag: <tag:items:car:tank>
[18:00:04.233][INFO]: Adding: [car:medium_tank] to tag: <tag:items:car:tank>
[18:00:04.234][INFO]: Adding: [car:large_tank] to tag: <tag:items:car:tank>
[18:00:04.234][INFO]: Registering new items tag with name <tag:items:car:container>
[18:00:04.234][INFO]: Adding: [car:black_container] to tag: <tag:items:car:container>
[18:00:04.234][INFO]: Adding: [car:blue_container] to tag: <tag:items:car:container>
[18:00:04.235][INFO]: Adding: [car:brown_container] to tag: <tag:items:car:container>
[18:00:04.235][INFO]: Adding: [car:cyan_container] to tag: <tag:items:car:container>
[18:00:04.235][INFO]: Adding: [car:gray_container] to tag: <tag:items:car:container>
[18:00:04.236][INFO]: Adding: [car:green_container] to tag: <tag:items:car:container>
[18:00:04.236][INFO]: Adding: [car:light_blue_container] to tag: <tag:items:car:container>
[18:00:04.236][INFO]: Adding: [car:lime_container] to tag: <tag:items:car:container>
[18:00:04.237][INFO]: Adding: [car:magenta_container] to tag: <tag:items:car:container>
[18:00:04.237][INFO]: Adding: [car:orange_container] to tag: <tag:items:car:container>
[18:00:04.238][INFO]: Adding: [car:pink_container] to tag: <tag:items:car:container>
[18:00:04.238][INFO]: Adding: [car:red_container] to tag: <tag:items:car:container>
[18:00:04.238][INFO]: Adding: [car:light_gray_container] to tag: <tag:items:car:container>
[18:00:04.239][INFO]: Adding: [car:white_container] to tag: <tag:items:car:container>
[18:00:04.239][INFO]: Adding: [car:yellow_container] to tag: <tag:items:car:container>
[18:00:04.239][INFO]: Adding: [car:black_tank_container] to tag: <tag:items:car:container>
[18:00:04.239][INFO]: Adding: [car:blue_tank_container] to tag: <tag:items:car:container>
[18:00:04.240][INFO]: Adding: [car:brown_tank_container] to tag: <tag:items:car:container>
[18:00:04.240][INFO]: Adding: [car:cyan_tank_container] to tag: <tag:items:car:container>
[18:00:04.240][INFO]: Adding: [car:gray_tank_container] to tag: <tag:items:car:container>
[18:00:04.240][INFO]: Adding: [car:green_tank_container] to tag: <tag:items:car:container>
[18:00:04.241][INFO]: Adding: [car:light_blue_tank_container] to tag: <tag:items:car:container>
[18:00:04.241][INFO]: Adding: [car:lime_tank_container] to tag: <tag:items:car:container>
[18:00:04.241][INFO]: Adding: [car:magenta_tank_container] to tag: <tag:items:car:container>
[18:00:04.241][INFO]: Adding: [car:orange_tank_container] to tag: <tag:items:car:container>
[18:00:04.241][INFO]: Adding: [car:pink_tank_container] to tag: <tag:items:car:container>
[18:00:04.242][INFO]: Adding: [car:red_tank_container] to tag: <tag:items:car:container>
[18:00:04.242][INFO]: Adding: [car:light_gray_tank_container] to tag: <tag:items:car:container>
[18:00:04.242][INFO]: Adding: [car:white_tank_container] to tag: <tag:items:car:container>
[18:00:04.242][INFO]: Adding: [car:yellow_tank_container] to tag: <tag:items:car:container>
[18:00:04.242][INFO]: Registering new items tag with name <tag:items:car:license_plate_holder>
[18:00:04.243][INFO]: Adding: [car:oak_license_plate_holder] to tag: <tag:items:car:license_plate_holder>
[18:00:04.243][INFO]: Adding: [car:acacia_license_plate_holder] to tag: <tag:items:car:license_plate_holder>
[18:00:04.243][INFO]: Adding: [car:dark_oak_license_plate_holder] to tag: <tag:items:car:license_plate_holder>
[18:00:04.243][INFO]: Adding: [car:birch_license_plate_holder] to tag: <tag:items:car:license_plate_holder>
[18:00:04.243][INFO]: Adding: [car:jungle_license_plate_holder] to tag: <tag:items:car:license_plate_holder>
[18:00:04.244][INFO]: Adding: [car:spruce_license_plate_holder] to tag: <tag:items:car:license_plate_holder>
[18:00:04.244][INFO]: Adding: [car:crimson_license_plate_holder] to tag: <tag:items:car:license_plate_holder>
[18:00:04.244][INFO]: Adding: [car:warped_license_plate_holder] to tag: <tag:items:car:license_plate_holder>
[18:00:04.244][INFO]: Adding: [car:iron_license_plate_holder] to tag: <tag:items:car:license_plate_holder>
[18:00:04.244][INFO]: Adding: [car:gold_license_plate_holder] to tag: <tag:items:car:license_plate_holder>
[18:00:04.245][INFO]: Adding: [car:diamond_license_plate_holder] to tag: <tag:items:car:license_plate_holder>
[18:00:04.245][INFO]: Adding: [car:emerald_license_plate_holder] to tag: <tag:items:car:license_plate_holder>
[18:00:04.245][INFO]: Registering new items tag with name <tag:items:forge:flares>
[18:00:04.245][INFO]: Adding: [drg_flares:drg_flare_black] to tag: <tag:items:forge:flares>
[18:00:04.246][INFO]: Adding: [drg_flares:drg_flare_blue] to tag: <tag:items:forge:flares>
[18:00:04.246][INFO]: Adding: [drg_flares:drg_flare_brown] to tag: <tag:items:forge:flares>
[18:00:04.246][INFO]: Adding: [drg_flares:drg_flare_cyan] to tag: <tag:items:forge:flares>
[18:00:04.246][INFO]: Adding: [drg_flares:drg_flare_gray] to tag: <tag:items:forge:flares>
[18:00:04.247][INFO]: Adding: [drg_flares:drg_flare_green] to tag: <tag:items:forge:flares>
[18:00:04.247][INFO]: Adding: [drg_flares:drg_flare_light_blue] to tag: <tag:items:forge:flares>
[18:00:04.248][INFO]: Adding: [drg_flares:drg_flare_lime] to tag: <tag:items:forge:flares>
[18:00:04.248][INFO]: Adding: [drg_flares:drg_flare_magenta] to tag: <tag:items:forge:flares>
[18:00:04.249][INFO]: Adding: [drg_flares:drg_flare_orange] to tag: <tag:items:forge:flares>
[18:00:04.249][INFO]: Adding: [drg_flares:drg_flare_pink] to tag: <tag:items:forge:flares>
[18:00:04.249][INFO]: Adding: [drg_flares:drg_flare_red] to tag: <tag:items:forge:flares>
[18:00:04.250][INFO]: Adding: [drg_flares:drg_flare_light_gray] to tag: <tag:items:forge:flares>
[18:00:04.250][INFO]: Adding: [drg_flares:drg_flare_white] to tag: <tag:items:forge:flares>
[18:00:04.250][INFO]: Adding: [drg_flares:drg_flare_yellow] to tag: <tag:items:forge:flares>
[18:00:04.252][INFO]: Modifying Attributes of: <item:apocalypsenow:baseball_bat>.anyDamage()
[18:00:04.252][INFO]: Modifying Attributes of: <item:apocalypsenow:baseball_bat>.anyDamage()
[18:00:04.252][INFO]: Modifying Attributes of: <item:apocalypsenow:baseball_bat>.anyDamage()
[18:00:04.252][INFO]: Modifying Attributes of: <item:apocalypsenow:baseball_bat>.anyDamage()
[18:00:04.252][INFO]: Set the value of Max Damage on <item:apocalypsenow:baseball_bat> to: '120'
[18:00:04.252][INFO]: Modifying Attributes of: <item:apocalypsenow:spiked_baseball_bat>.anyDamage()
[18:00:04.253][INFO]: Modifying Attributes of: <item:apocalypsenow:spiked_baseball_bat>.anyDamage()
[18:00:04.253][INFO]: Modifying Attributes of: <item:apocalypsenow:spiked_baseball_bat>.anyDamage()
[18:00:04.253][INFO]: Modifying Attributes of: <item:apocalypsenow:spiked_baseball_bat>.anyDamage()
[18:00:04.253][INFO]: Set the value of Max Damage on <item:apocalypsenow:spiked_baseball_bat> to: '150'
[18:00:04.253][INFO]: Modifying Attributes of: <item:apocalypsenow:wrapped_baseball_bat>.anyDamage()
[18:00:04.253][INFO]: Modifying Attributes of: <item:apocalypsenow:wrapped_baseball_bat>.anyDamage()
[18:00:04.253][INFO]: Modifying Attributes of: <item:apocalypsenow:wrapped_baseball_bat>.anyDamage()
[18:00:04.253][INFO]: Modifying Attributes of: <item:apocalypsenow:wrapped_baseball_bat>.anyDamage()
[18:00:04.253][INFO]: Set the value of Max Damage on <item:apocalypsenow:wrapped_baseball_bat> to: '200'
[18:00:04.253][INFO]: Modifying Attributes of: <item:apocalypsenow:wired_baseball_bat>.anyDamage()
[18:00:04.253][INFO]: Modifying Attributes of: <item:apocalypsenow:wired_baseball_bat>.anyDamage()
[18:00:04.253][INFO]: Modifying Attributes of: <item:apocalypsenow:wired_baseball_bat>.anyDamage()
[18:00:04.253][INFO]: Modifying Attributes of: <item:apocalypsenow:wired_baseball_bat>.anyDamage()
[18:00:04.253][INFO]: Set the value of Max Damage on <item:apocalypsenow:wired_baseball_bat> to: '180'
[18:00:04.253][INFO]: Modifying Attributes of: <item:apocalypsenow:saw_baseball_bat>.anyDamage()
[18:00:04.253][INFO]: Modifying Attributes of: <item:apocalypsenow:saw_baseball_bat>.anyDamage()
[18:00:04.253][INFO]: Modifying Attributes of: <item:apocalypsenow:saw_baseball_bat>.anyDamage()
[18:00:04.253][INFO]: Modifying Attributes of: <item:apocalypsenow:saw_baseball_bat>.anyDamage()
[18:00:04.253][INFO]: Set the value of Max Damage on <item:apocalypsenow:saw_baseball_bat> to: '451'
[18:00:04.253][INFO]: Modifying Attributes of: <item:apocalypsenow:electrical_baseball_bat>.anyDamage()
[18:00:04.253][INFO]: Modifying Attributes of: <item:apocalypsenow:electrical_baseball_bat>.anyDamage()
[18:00:04.253][INFO]: Modifying Attributes of: <item:apocalypsenow:electrical_baseball_bat>.anyDamage()
[18:00:04.253][INFO]: Modifying Attributes of: <item:apocalypsenow:electrical_baseball_bat>.anyDamage()
[18:00:04.253][INFO]: Set the value of Max Damage on <item:apocalypsenow:electrical_baseball_bat> to: '304'
[18:00:04.253][INFO]: Modifying Attributes of: <item:apocalypsenow:iron_baseball_bat>.anyDamage()
[18:00:04.254][INFO]: Modifying Attributes of: <item:apocalypsenow:iron_baseball_bat>.anyDamage()
[18:00:04.254][INFO]: Modifying Attributes of: <item:apocalypsenow:iron_baseball_bat>.anyDamage()
[18:00:04.254][INFO]: Modifying Attributes of: <item:apocalypsenow:iron_baseball_bat>.anyDamage()
[18:00:04.254][INFO]: Set the value of Max Damage on <item:apocalypsenow:iron_baseball_bat> to: '560'
[18:00:04.254][INFO]: Modifying Attributes of: <item:apocalypsenow:spiked_iron_baseball_bat>.anyDamage()
[18:00:04.254][INFO]: Modifying Attributes of: <item:apocalypsenow:spiked_iron_baseball_bat>.anyDamage()
[18:00:04.254][INFO]: Modifying Attributes of: <item:apocalypsenow:spiked_iron_baseball_bat>.anyDamage()
[18:00:04.254][INFO]: Modifying Attributes of: <item:apocalypsenow:spiked_iron_baseball_bat>.anyDamage()
[18:00:04.254][INFO]: Set the value of Max Damage on <item:apocalypsenow:spiked_iron_baseball_bat> to: '624'
[18:00:04.254][INFO]: Modifying Attributes of: <item:apocalypsenow:laminated_iron_baseball_bat>.anyDamage()
[18:00:04.254][INFO]: Modifying Attributes of: <item:apocalypsenow:laminated_iron_baseball_bat>.anyDamage()
[18:00:04.254][INFO]: Modifying Attributes of: <item:apocalypsenow:laminated_iron_baseball_bat>.anyDamage()
[18:00:04.254][INFO]: Modifying Attributes of: <item:apocalypsenow:laminated_iron_baseball_bat>.anyDamage()
[18:00:04.254][INFO]: Set the value of Max Damage on <item:apocalypsenow:laminated_iron_baseball_bat> to: '739'
[18:00:04.254][INFO]: Modifying Attributes of: <item:apocalypsenow:night_stick>.anyDamage()
[18:00:04.254][INFO]: Modifying Attributes of: <item:apocalypsenow:night_stick>.anyDamage()
[18:00:04.254][INFO]: Modifying Attributes of: <item:apocalypsenow:night_stick>.anyDamage()
[18:00:04.254][INFO]: Modifying Attributes of: <item:apocalypsenow:night_stick>.anyDamage()
[18:00:04.254][INFO]: Set the value of Max Damage on <item:apocalypsenow:night_stick> to: '600'
[18:00:04.254][INFO]: Modifying Attributes of: <item:apocalypsenow:electric_baton>.anyDamage()
[18:00:04.254][INFO]: Modifying Attributes of: <item:apocalypsenow:electric_baton>.anyDamage()
[18:00:04.254][INFO]: Modifying Attributes of: <item:apocalypsenow:electric_baton>.anyDamage()
[18:00:04.254][INFO]: Modifying Attributes of: <item:apocalypsenow:electric_baton>.anyDamage()
[18:00:04.254][INFO]: Set the value of Max Damage on <item:apocalypsenow:electric_baton> to: '1150'
[18:00:04.254][INFO]: Modifying Attributes of: <item:apocalypsenow:sledge_hammer>.anyDamage()
[18:00:04.254][INFO]: Modifying Attributes of: <item:apocalypsenow:sledge_hammer>.anyDamage()
[18:00:04.254][INFO]: Modifying Attributes of: <item:apocalypsenow:sledge_hammer>.anyDamage()
[18:00:04.254][INFO]: Modifying Attributes of: <item:apocalypsenow:sledge_hammer>.anyDamage()
[18:00:04.254][INFO]: Set the value of Max Damage on <item:apocalypsenow:sledge_hammer> to: '945'
[18:00:04.255][INFO]: Modifying Attributes of: <item:apocalypsenow:fire_axe>.anyDamage()
[18:00:04.255][INFO]: Modifying Attributes of: <item:apocalypsenow:fire_axe>.anyDamage()
[18:00:04.255][INFO]: Modifying Attributes of: <item:apocalypsenow:fire_axe>.anyDamage()
[18:00:04.255][INFO]: Modifying Attributes of: <item:apocalypsenow:fire_axe>.anyDamage()
[18:00:04.255][INFO]: Set the value of Max Damage on <item:apocalypsenow:fire_axe> to: '894'
[18:00:04.255][INFO]: Modifying Attributes of: <item:apocalypsenow:emergency_axe>.anyDamage()
[18:00:04.255][INFO]: Modifying Attributes of: <item:apocalypsenow:emergency_axe>.anyDamage()
[18:00:04.255][INFO]: Modifying Attributes of: <item:apocalypsenow:emergency_axe>.anyDamage()
[18:00:04.255][INFO]: Modifying Attributes of: <item:apocalypsenow:emergency_axe>.anyDamage()
[18:00:04.255][INFO]: Set the value of Max Damage on <item:apocalypsenow:emergency_axe> to: '894'
[18:00:04.255][INFO]: Modifying Attributes of: <item:apocalypsenow:wooden_fire_axe>.anyDamage()
[18:00:04.255][INFO]: Modifying Attributes of: <item:apocalypsenow:wooden_fire_axe>.anyDamage()
[18:00:04.255][INFO]: Modifying Attributes of: <item:apocalypsenow:wooden_fire_axe>.anyDamage()
[18:00:04.255][INFO]: Modifying Attributes of: <item:apocalypsenow:wooden_fire_axe>.anyDamage()
[18:00:04.255][INFO]: Set the value of Max Damage on <item:apocalypsenow:wooden_fire_axe> to: '485'
[18:00:04.255][INFO]: Modifying Attributes of: <item:apocalypsenow:construction_axe>.anyDamage()
[18:00:04.255][INFO]: Modifying Attributes of: <item:apocalypsenow:construction_axe>.anyDamage()
[18:00:04.255][INFO]: Modifying Attributes of: <item:apocalypsenow:construction_axe>.anyDamage()
[18:00:04.255][INFO]: Modifying Attributes of: <item:apocalypsenow:construction_axe>.anyDamage()
[18:00:04.255][INFO]: Set the value of Max Damage on <item:apocalypsenow:construction_axe> to: '894'
[18:00:04.255][INFO]: Modifying Attributes of: <item:apocalypsenow:hand_axe>.anyDamage()
[18:00:04.255][INFO]: Modifying Attributes of: <item:apocalypsenow:hand_axe>.anyDamage()
[18:00:04.255][INFO]: Modifying Attributes of: <item:apocalypsenow:hand_axe>.anyDamage()
[18:00:04.256][INFO]: Modifying Attributes of: <item:apocalypsenow:hand_axe>.anyDamage()
[18:00:04.256][INFO]: Set the value of Max Damage on <item:apocalypsenow:hand_axe> to: '421'
[18:00:04.256][INFO]: Modifying Attributes of: <item:apocalypsenow:lumber_jack_axe>.anyDamage()
[18:00:04.256][INFO]: Modifying Attributes of: <item:apocalypsenow:lumber_jack_axe>.anyDamage()
[18:00:04.256][INFO]: Modifying Attributes of: <item:apocalypsenow:lumber_jack_axe>.anyDamage()
[18:00:04.256][INFO]: Modifying Attributes of: <item:apocalypsenow:lumber_jack_axe>.anyDamage()
[18:00:04.256][INFO]: Set the value of Max Damage on <item:apocalypsenow:lumber_jack_axe> to: '231'
[18:00:04.256][INFO]: Modifying Attributes of: <item:apocalypsenow:red_lumberjack_axe>.anyDamage()
[18:00:04.256][INFO]: Modifying Attributes of: <item:apocalypsenow:red_lumberjack_axe>.anyDamage()
[18:00:04.256][INFO]: Modifying Attributes of: <item:apocalypsenow:red_lumberjack_axe>.anyDamage()
[18:00:04.256][INFO]: Modifying Attributes of: <item:apocalypsenow:red_lumberjack_axe>.anyDamage()
[18:00:04.256][INFO]: Set the value of Max Damage on <item:apocalypsenow:red_lumberjack_axe> to: '231'
[18:00:04.256][INFO]: Modifying Attributes of: <item:apocalypsenow:tourist_axe>.anyDamage()
[18:00:04.256][INFO]: Modifying Attributes of: <item:apocalypsenow:tourist_axe>.anyDamage()
[18:00:04.256][INFO]: Modifying Attributes of: <item:apocalypsenow:tourist_axe>.anyDamage()
[18:00:04.256][INFO]: Modifying Attributes of: <item:apocalypsenow:tourist_axe>.anyDamage()
[18:00:04.256][INFO]: Set the value of Max Damage on <item:apocalypsenow:tourist_axe> to: '378'
[18:00:04.256][INFO]: Modifying Attributes of: <item:apocalypsenow:survival_axe>.anyDamage()
[18:00:04.256][INFO]: Modifying Attributes of: <item:apocalypsenow:survival_axe>.anyDamage()
[18:00:04.256][INFO]: Modifying Attributes of: <item:apocalypsenow:survival_axe>.anyDamage()
[18:00:04.256][INFO]: Modifying Attributes of: <item:apocalypsenow:survival_axe>.anyDamage()
[18:00:04.256][INFO]: Set the value of Max Damage on <item:apocalypsenow:survival_axe> to: '392'
[18:00:04.256][INFO]: Modifying Attributes of: <item:apocalypsenow:ice_axe>.anyDamage()
[18:00:04.256][INFO]: Modifying Attributes of: <item:apocalypsenow:ice_axe>.anyDamage()
[18:00:04.256][INFO]: Modifying Attributes of: <item:apocalypsenow:ice_axe>.anyDamage()
[18:00:04.256][INFO]: Modifying Attributes of: <item:apocalypsenow:ice_axe>.anyDamage()
[18:00:04.257][INFO]: Set the value of Max Damage on <item:apocalypsenow:ice_axe> to: '392'
[18:00:04.257][INFO]: Modifying Attributes of: <item:apocalypsenow:gardening_axe>.anyDamage()
[18:00:04.257][INFO]: Modifying Attributes of: <item:apocalypsenow:gardening_axe>.anyDamage()
[18:00:04.257][INFO]: Modifying Attributes of: <item:apocalypsenow:gardening_axe>.anyDamage()
[18:00:04.257][INFO]: Modifying Attributes of: <item:apocalypsenow:gardening_axe>.anyDamage()
[18:00:04.257][INFO]: Set the value of Max Damage on <item:apocalypsenow:gardening_axe> to: '421'
[18:00:04.257][INFO]: Modifying Attributes of: <item:apocalypsenow:combat_axe>.anyDamage()
[18:00:04.257][INFO]: Modifying Attributes of: <item:apocalypsenow:combat_axe>.anyDamage()
[18:00:04.257][INFO]: Modifying Attributes of: <item:apocalypsenow:combat_axe>.anyDamage()
[18:00:04.257][INFO]: Modifying Attributes of: <item:apocalypsenow:combat_axe>.anyDamage()
[18:00:04.257][INFO]: Set the value of Max Damage on <item:apocalypsenow:combat_axe> to: '2651'
[18:00:04.257][INFO]: Modifying Attributes of: <item:apocalypsenow:electrical_combat_axe>.anyDamage()
[18:00:04.257][INFO]: Modifying Attributes of: <item:apocalypsenow:electrical_combat_axe>.anyDamage()
[18:00:04.257][INFO]: Modifying Attributes of: <item:apocalypsenow:electrical_combat_axe>.anyDamage()
[18:00:04.257][INFO]: Modifying Attributes of: <item:apocalypsenow:electrical_combat_axe>.anyDamage()
[18:00:04.257][INFO]: Set the value of Max Damage on <item:apocalypsenow:electrical_combat_axe> to: '2885'
[18:00:04.257][INFO]: Modifying Attributes of: <item:apocalypsenow:pipe>.anyDamage()
[18:00:04.257][INFO]: Modifying Attributes of: <item:apocalypsenow:pipe>.anyDamage()
[18:00:04.257][INFO]: Modifying Attributes of: <item:apocalypsenow:pipe>.anyDamage()
[18:00:04.257][INFO]: Modifying Attributes of: <item:apocalypsenow:pipe>.anyDamage()
[18:00:04.257][INFO]: Set the value of Max Damage on <item:apocalypsenow:pipe> to: '820'
[18:00:04.257][INFO]: Modifying Attributes of: <item:apocalypsenow:machete>.anyDamage()
[18:00:04.257][INFO]: Modifying Attributes of: <item:apocalypsenow:machete>.anyDamage()
[18:00:04.257][INFO]: Modifying Attributes of: <item:apocalypsenow:machete>.anyDamage()
[18:00:04.257][INFO]: Modifying Attributes of: <item:apocalypsenow:machete>.anyDamage()
[18:00:04.257][INFO]: Set the value of Max Damage on <item:apocalypsenow:machete> to: '524'
[18:00:04.257][INFO]: Modifying Attributes of: <item:apocalypsenow:serrated_machete>.anyDamage()
[18:00:04.258][INFO]: Modifying Attributes of: <item:apocalypsenow:serrated_machete>.anyDamage()
[18:00:04.258][INFO]: Modifying Attributes of: <item:apocalypsenow:serrated_machete>.anyDamage()
[18:00:04.258][INFO]: Modifying Attributes of: <item:apocalypsenow:serrated_machete>.anyDamage()
[18:00:04.258][INFO]: Set the value of Max Damage on <item:apocalypsenow:serrated_machete> to: '631'
[18:00:04.258][INFO]: Modifying Attributes of: <item:apocalypsenow:hawkbill_machete>.anyDamage()
[18:00:04.258][INFO]: Modifying Attributes of: <item:apocalypsenow:hawkbill_machete>.anyDamage()
[18:00:04.258][INFO]: Modifying Attributes of: <item:apocalypsenow:hawkbill_machete>.anyDamage()
[18:00:04.258][INFO]: Modifying Attributes of: <item:apocalypsenow:hawkbill_machete>.anyDamage()
[18:00:04.258][INFO]: Set the value of Max Damage on <item:apocalypsenow:hawkbill_machete> to: '524'
[18:00:04.258][INFO]: Modifying Attributes of: <item:apocalypsenow:bowie_machete>.anyDamage()
[18:00:04.258][INFO]: Modifying Attributes of: <item:apocalypsenow:bowie_machete>.anyDamage()
[18:00:04.258][INFO]: Modifying Attributes of: <item:apocalypsenow:bowie_machete>.anyDamage()
[18:00:04.258][INFO]: Modifying Attributes of: <item:apocalypsenow:bowie_machete>.anyDamage()
[18:00:04.258][INFO]: Set the value of Max Damage on <item:apocalypsenow:bowie_machete> to: '524'
[18:00:04.258][INFO]: Modifying Attributes of: <item:apocalypsenow:heavy_machete>.anyDamage()
[18:00:04.258][INFO]: Modifying Attributes of: <item:apocalypsenow:heavy_machete>.anyDamage()
[18:00:04.258][INFO]: Modifying Attributes of: <item:apocalypsenow:heavy_machete>.anyDamage()
[18:00:04.258][INFO]: Modifying Attributes of: <item:apocalypsenow:heavy_machete>.anyDamage()
[18:00:04.258][INFO]: Set the value of Max Damage on <item:apocalypsenow:heavy_machete> to: '796'
[18:00:04.258][INFO]: Modifying Attributes of: <item:apocalypsenow:tactical_machete>.anyDamage()
[18:00:04.258][INFO]: Modifying Attributes of: <item:apocalypsenow:tactical_machete>.anyDamage()
[18:00:04.258][INFO]: Modifying Attributes of: <item:apocalypsenow:tactical_machete>.anyDamage()
[18:00:04.258][INFO]: Modifying Attributes of: <item:apocalypsenow:tactical_machete>.anyDamage()
[18:00:04.258][INFO]: Set the value of Max Damage on <item:apocalypsenow:tactical_machete> to: '2651'
[18:00:04.258][INFO]: Modifying Attributes of: <item:apocalypsenow:kukri_machete>.anyDamage()
[18:00:04.258][INFO]: Modifying Attributes of: <item:apocalypsenow:kukri_machete>.anyDamage()
[18:00:04.259][INFO]: Modifying Attributes of: <item:apocalypsenow:kukri_machete>.anyDamage()
[18:00:04.259][INFO]: Modifying Attributes of: <item:apocalypsenow:kukri_machete>.anyDamage()
[18:00:04.259][INFO]: Set the value of Max Damage on <item:apocalypsenow:kukri_machete> to: '1510'
[18:00:04.259][INFO]: Modifying Attributes of: <item:apocalypsenow:taiga_1_survival_machete>.anyDamage()
[18:00:04.259][INFO]: Modifying Attributes of: <item:apocalypsenow:taiga_1_survival_machete>.anyDamage()
[18:00:04.259][INFO]: Modifying Attributes of: <item:apocalypsenow:taiga_1_survival_machete>.anyDamage()
[18:00:04.259][INFO]: Modifying Attributes of: <item:apocalypsenow:taiga_1_survival_machete>.anyDamage()
[18:00:04.259][INFO]: Set the value of Max Damage on <item:apocalypsenow:taiga_1_survival_machete> to: '638'
[18:00:04.259][INFO]: Modifying Attributes of: <item:apocalypsenow:combat_survival_knife>.anyDamage()
[18:00:04.259][INFO]: Modifying Attributes of: <item:apocalypsenow:combat_survival_knife>.anyDamage()
[18:00:04.259][INFO]: Modifying Attributes of: <item:apocalypsenow:combat_survival_knife>.anyDamage()
[18:00:04.259][INFO]: Modifying Attributes of: <item:apocalypsenow:combat_survival_knife>.anyDamage()
[18:00:04.259][INFO]: Set the value of Max Damage on <item:apocalypsenow:combat_survival_knife> to: '452'
[18:00:04.259][INFO]: Modifying Attributes of: <item:apocalypsenow:combat_knife>.anyDamage()
[18:00:04.259][INFO]: Modifying Attributes of: <item:apocalypsenow:combat_knife>.anyDamage()
[18:00:04.259][INFO]: Modifying Attributes of: <item:apocalypsenow:combat_knife>.anyDamage()
[18:00:04.259][INFO]: Modifying Attributes of: <item:apocalypsenow:combat_knife>.anyDamage()
[18:00:04.259][INFO]: Set the value of Max Damage on <item:apocalypsenow:combat_knife> to: '687'
[18:00:04.259][INFO]: Modifying Attributes of: <item:apocalypsenow:kitchen_knife>.anyDamage()
[18:00:04.259][INFO]: Modifying Attributes of: <item:apocalypsenow:kitchen_knife>.anyDamage()
[18:00:04.259][INFO]: Modifying Attributes of: <item:apocalypsenow:kitchen_knife>.anyDamage()
[18:00:04.259][INFO]: Modifying Attributes of: <item:apocalypsenow:kitchen_knife>.anyDamage()
[18:00:04.259][INFO]: Set the value of Max Damage on <item:apocalypsenow:kitchen_knife> to: '345'
[18:00:04.260][INFO]: Modifying Attributes of: <item:apocalypsenow:mk_knife>.anyDamage()
[18:00:04.260][INFO]: Modifying Attributes of: <item:apocalypsenow:mk_knife>.anyDamage()
[18:00:04.260][INFO]: Modifying Attributes of: <item:apocalypsenow:mk_knife>.anyDamage()
[18:00:04.260][INFO]: Modifying Attributes of: <item:apocalypsenow:mk_knife>.anyDamage()
[18:00:04.260][INFO]: Set the value of Max Damage on <item:apocalypsenow:mk_knife> to: '333'
[18:00:04.260][INFO]: Modifying Attributes of: <item:apocalypsenow:knife>.anyDamage()
[18:00:04.260][INFO]: Modifying Attributes of: <item:apocalypsenow:knife>.anyDamage()
[18:00:04.260][INFO]: Modifying Attributes of: <item:apocalypsenow:knife>.anyDamage()
[18:00:04.260][INFO]: Modifying Attributes of: <item:apocalypsenow:knife>.anyDamage()
[18:00:04.260][INFO]: Set the value of Max Damage on <item:apocalypsenow:knife> to: '345'
[18:00:04.260][INFO]: Modifying Attributes of: <item:apocalypsenow:military_knife>.anyDamage()
[18:00:04.260][INFO]: Modifying Attributes of: <item:apocalypsenow:military_knife>.anyDamage()
[18:00:04.260][INFO]: Modifying Attributes of: <item:apocalypsenow:military_knife>.anyDamage()
[18:00:04.260][INFO]: Modifying Attributes of: <item:apocalypsenow:military_knife>.anyDamage()
[18:00:04.260][INFO]: Set the value of Max Damage on <item:apocalypsenow:military_knife> to: '895'
[18:00:04.260][INFO]: Modifying Attributes of: <item:apocalypsenow:hunting_knife>.anyDamage()
[18:00:04.260][INFO]: Modifying Attributes of: <item:apocalypsenow:hunting_knife>.anyDamage()
[18:00:04.260][INFO]: Modifying Attributes of: <item:apocalypsenow:hunting_knife>.anyDamage()
[18:00:04.260][INFO]: Modifying Attributes of: <item:apocalypsenow:hunting_knife>.anyDamage()
[18:00:04.260][INFO]: Set the value of Max Damage on <item:apocalypsenow:hunting_knife> to: '294'
[18:00:04.260][INFO]: Modifying Attributes of: <item:apocalypsenow:english_punch_knife>.anyDamage()
[18:00:04.261][INFO]: Modifying Attributes of: <item:apocalypsenow:english_punch_knife>.anyDamage()
[18:00:04.261][INFO]: Modifying Attributes of: <item:apocalypsenow:english_punch_knife>.anyDamage()
[18:00:04.261][INFO]: Modifying Attributes of: <item:apocalypsenow:english_punch_knife>.anyDamage()
[18:00:04.261][INFO]: Set the value of Max Damage on <item:apocalypsenow:english_punch_knife> to: '168'
[18:00:04.261][INFO]: Modifying Attributes of: <item:apocalypsenow:switch_knife>.anyDamage()
[18:00:04.261][INFO]: Modifying Attributes of: <item:apocalypsenow:switch_knife>.anyDamage()
[18:00:04.261][INFO]: Modifying Attributes of: <item:apocalypsenow:switch_knife>.anyDamage()
[18:00:04.261][INFO]: Modifying Attributes of: <item:apocalypsenow:switch_knife>.anyDamage()
[18:00:04.261][INFO]: Set the value of Max Damage on <item:apocalypsenow:switch_knife> to: '290'
[18:00:04.261][INFO]: Modifying Attributes of: <item:apocalypsenow:butterfly_knife>.anyDamage()
[18:00:04.261][INFO]: Modifying Attributes of: <item:apocalypsenow:butterfly_knife>.anyDamage()
[18:00:04.261][INFO]: Modifying Attributes of: <item:apocalypsenow:butterfly_knife>.anyDamage()
[18:00:04.261][INFO]: Modifying Attributes of: <item:apocalypsenow:butterfly_knife>.anyDamage()
[18:00:04.261][INFO]: Set the value of Max Damage on <item:apocalypsenow:butterfly_knife> to: '362'
[18:00:04.261][INFO]: Modifying Attributes of: <item:apocalypsenow:tactical_knife>.anyDamage()
[18:00:04.261][INFO]: Modifying Attributes of: <item:apocalypsenow:tactical_knife>.anyDamage()
[18:00:04.261][INFO]: Modifying Attributes of: <item:apocalypsenow:tactical_knife>.anyDamage()
[18:00:04.261][INFO]: Modifying Attributes of: <item:apocalypsenow:tactical_knife>.anyDamage()
[18:00:04.261][INFO]: Set the value of Max Damage on <item:apocalypsenow:tactical_knife> to: '1243'
[18:00:04.261][INFO]: Modifying Attributes of: <item:apocalypsenow:long_knife>.anyDamage()
[18:00:04.261][INFO]: Modifying Attributes of: <item:apocalypsenow:long_knife>.anyDamage()
[18:00:04.261][INFO]: Modifying Attributes of: <item:apocalypsenow:long_knife>.anyDamage()
[18:00:04.261][INFO]: Modifying Attributes of: <item:apocalypsenow:long_knife>.anyDamage()
[18:00:04.262][INFO]: Set the value of Max Damage on <item:apocalypsenow:long_knife> to: '267'
[18:00:04.262][INFO]: Modifying Attributes of: <item:apocalypsenow:throwableknife>.anyDamage()
[18:00:04.262][INFO]: Modifying Attributes of: <item:apocalypsenow:throwableknife>.anyDamage()
[18:00:04.262][INFO]: Modifying Attributes of: <item:apocalypsenow:throwableknife>.anyDamage()
[18:00:04.262][INFO]: Modifying Attributes of: <item:apocalypsenow:throwableknife>.anyDamage()
[18:00:04.262][INFO]: Set the value of Max Damage on <item:apocalypsenow:throwableknife> to: '30'
[18:00:04.262][INFO]: Modifying Attributes of: <item:apocalypsenow:bread_knife>.anyDamage()
[18:00:04.262][INFO]: Modifying Attributes of: <item:apocalypsenow:bread_knife>.anyDamage()
[18:00:04.262][INFO]: Modifying Attributes of: <item:apocalypsenow:bread_knife>.anyDamage()
[18:00:04.262][INFO]: Modifying Attributes of: <item:apocalypsenow:bread_knife>.anyDamage()
[18:00:04.262][INFO]: Set the value of Max Damage on <item:apocalypsenow:bread_knife> to: '123'
[18:00:04.262][INFO]: Modifying Attributes of: <item:apocalypsenow:chefs_knife>.anyDamage()
[18:00:04.262][INFO]: Modifying Attributes of: <item:apocalypsenow:chefs_knife>.anyDamage()
[18:00:04.262][INFO]: Modifying Attributes of: <item:apocalypsenow:chefs_knife>.anyDamage()
[18:00:04.262][INFO]: Modifying Attributes of: <item:apocalypsenow:chefs_knife>.anyDamage()
[18:00:04.262][INFO]: Set the value of Max Damage on <item:apocalypsenow:chefs_knife> to: '267'
[18:00:04.262][INFO]: Modifying Attributes of: <item:apocalypsenow:stilettoknife>.anyDamage()
[18:00:04.262][INFO]: Modifying Attributes of: <item:apocalypsenow:stilettoknife>.anyDamage()
[18:00:04.262][INFO]: Modifying Attributes of: <item:apocalypsenow:stilettoknife>.anyDamage()
[18:00:04.262][INFO]: Modifying Attributes of: <item:apocalypsenow:stilettoknife>.anyDamage()
[18:00:04.262][INFO]: Set the value of Max Damage on <item:apocalypsenow:stilettoknife> to: '456'
[18:00:04.262][INFO]: Modifying Attributes of: <item:apocalypsenow:cutter_knife>.anyDamage()
[18:00:04.262][INFO]: Modifying Attributes of: <item:apocalypsenow:cutter_knife>.anyDamage()
[18:00:04.262][INFO]: Modifying Attributes of: <item:apocalypsenow:cutter_knife>.anyDamage()
[18:00:04.262][INFO]: Modifying Attributes of: <item:apocalypsenow:cutter_knife>.anyDamage()
[18:00:04.263][INFO]: Set the value of Max Damage on <item:apocalypsenow:cutter_knife> to: '24'
[18:00:04.263][INFO]: Modifying Attributes of: <item:apocalypsenow:expedition_knife>.anyDamage()
[18:00:04.263][INFO]: Modifying Attributes of: <item:apocalypsenow:expedition_knife>.anyDamage()
[18:00:04.263][INFO]: Modifying Attributes of: <item:apocalypsenow:expedition_knife>.anyDamage()
[18:00:04.263][INFO]: Modifying Attributes of: <item:apocalypsenow:expedition_knife>.anyDamage()
[18:00:04.263][INFO]: Set the value of Max Damage on <item:apocalypsenow:expedition_knife> to: '594'
[18:00:04.263][INFO]: Modifying Attributes of: <item:apocalypsenow:premium_hammer>.anyDamage()
[18:00:04.263][INFO]: Modifying Attributes of: <item:apocalypsenow:premium_hammer>.anyDamage()
[18:00:04.263][INFO]: Modifying Attributes of: <item:apocalypsenow:premium_hammer>.anyDamage()
[18:00:04.263][INFO]: Modifying Attributes of: <item:apocalypsenow:premium_hammer>.anyDamage()
[18:00:04.263][INFO]: Set the value of Max Damage on <item:apocalypsenow:premium_hammer> to: '546'
[18:00:04.263][INFO]: Modifying Attributes of: <item:apocalypsenow:meat_hammer>.anyDamage()
[18:00:04.263][INFO]: Modifying Attributes of: <item:apocalypsenow:meat_hammer>.anyDamage()
[18:00:04.263][INFO]: Modifying Attributes of: <item:apocalypsenow:meat_hammer>.anyDamage()
[18:00:04.263][INFO]: Modifying Attributes of: <item:apocalypsenow:meat_hammer>.anyDamage()
[18:00:04.263][INFO]: Set the value of Max Damage on <item:apocalypsenow:meat_hammer> to: '474'
[18:00:04.263][INFO]: Modifying Attributes of: <item:apocalypsenow:improvised_hammer>.anyDamage()
[18:00:04.263][INFO]: Modifying Attributes of: <item:apocalypsenow:improvised_hammer>.anyDamage()
[18:00:04.263][INFO]: Modifying Attributes of: <item:apocalypsenow:improvised_hammer>.anyDamage()
[18:00:04.263][INFO]: Modifying Attributes of: <item:apocalypsenow:improvised_hammer>.anyDamage()
[18:00:04.263][INFO]: Set the value of Max Damage on <item:apocalypsenow:improvised_hammer> to: '256'
[18:00:04.263][INFO]: Modifying Attributes of: <item:apocalypsenow:ballpeen_hammer>.anyDamage()
[18:00:04.263][INFO]: Modifying Attributes of: <item:apocalypsenow:ballpeen_hammer>.anyDamage()
[18:00:04.263][INFO]: Modifying Attributes of: <item:apocalypsenow:ballpeen_hammer>.anyDamage()
[18:00:04.263][INFO]: Modifying Attributes of: <item:apocalypsenow:ballpeen_hammer>.anyDamage()
[18:00:04.264][INFO]: Set the value of Max Damage on <item:apocalypsenow:ballpeen_hammer> to: '789'
[18:00:04.264][INFO]: Modifying Attributes of: <item:apocalypsenow:rubber_hammer>.anyDamage()
[18:00:04.264][INFO]: Modifying Attributes of: <item:apocalypsenow:rubber_hammer>.anyDamage()
[18:00:04.264][INFO]: Modifying Attributes of: <item:apocalypsenow:rubber_hammer>.anyDamage()
[18:00:04.264][INFO]: Modifying Attributes of: <item:apocalypsenow:rubber_hammer>.anyDamage()
[18:00:04.264][INFO]: Set the value of Max Damage on <item:apocalypsenow:rubber_hammer> to: '199'
[18:00:04.264][INFO]: Modifying Attributes of: <item:apocalypsenow:scissors>.anyDamage()
[18:00:04.264][INFO]: Modifying Attributes of: <item:apocalypsenow:scissors>.anyDamage()
[18:00:04.264][INFO]: Modifying Attributes of: <item:apocalypsenow:scissors>.anyDamage()
[18:00:04.264][INFO]: Modifying Attributes of: <item:apocalypsenow:scissors>.anyDamage()
[18:00:04.264][INFO]: Set the value of Max Damage on <item:apocalypsenow:scissors> to: '89'
[18:00:04.264][INFO]: Modifying Attributes of: <item:apocalypsenow:scissorst>.anyDamage()
[18:00:04.264][INFO]: Modifying Attributes of: <item:apocalypsenow:scissorst>.anyDamage()
[18:00:04.264][INFO]: Modifying Attributes of: <item:apocalypsenow:scissorst>.anyDamage()
[18:00:04.264][INFO]: Modifying Attributes of: <item:apocalypsenow:scissorst>.anyDamage()
[18:00:04.264][INFO]: Set the value of Max Damage on <item:apocalypsenow:scissorst> to: '254'
[18:00:04.264][INFO]: Modifying Attributes of: <item:apocalypsenow:crowbar>.anyDamage()
[18:00:04.264][INFO]: Modifying Attributes of: <item:apocalypsenow:crowbar>.anyDamage()
[18:00:04.264][INFO]: Modifying Attributes of: <item:apocalypsenow:crowbar>.anyDamage()
[18:00:04.264][INFO]: Modifying Attributes of: <item:apocalypsenow:crowbar>.anyDamage()
[18:00:04.264][INFO]: Set the value of Max Damage on <item:apocalypsenow:crowbar> to: '781'
[18:00:04.264][INFO]: Modifying Attributes of: <item:apocalypsenow:red_crowbar>.anyDamage()
[18:00:04.264][INFO]: Modifying Attributes of: <item:apocalypsenow:red_crowbar>.anyDamage()
[18:00:04.264][INFO]: Modifying Attributes of: <item:apocalypsenow:red_crowbar>.anyDamage()
[18:00:04.265][INFO]: Modifying Attributes of: <item:apocalypsenow:red_crowbar>.anyDamage()
[18:00:04.265][INFO]: Set the value of Max Damage on <item:apocalypsenow:red_crowbar> to: '781'
[18:00:04.265][INFO]: Modifying Attributes of: <item:apocalypsenow:road_sign>.anyDamage()
[18:00:04.265][INFO]: Modifying Attributes of: <item:apocalypsenow:road_sign>.anyDamage()
[18:00:04.265][INFO]: Modifying Attributes of: <item:apocalypsenow:road_sign>.anyDamage()
[18:00:04.265][INFO]: Modifying Attributes of: <item:apocalypsenow:road_sign>.anyDamage()
[18:00:04.265][INFO]: Set the value of Max Damage on <item:apocalypsenow:road_sign> to: '416'
[18:00:04.265][INFO]: Modifying Attributes of: <item:apocalypsenow:saw_pole>.anyDamage()
[18:00:04.265][INFO]: Modifying Attributes of: <item:apocalypsenow:saw_pole>.anyDamage()
[18:00:04.265][INFO]: Modifying Attributes of: <item:apocalypsenow:saw_pole>.anyDamage()
[18:00:04.265][INFO]: Modifying Attributes of: <item:apocalypsenow:saw_pole>.anyDamage()
[18:00:04.265][INFO]: Set the value of Max Damage on <item:apocalypsenow:saw_pole> to: '423'
[18:00:04.265][INFO]: Modifying Attributes of: <item:apocalypsenow:katana>.anyDamage()
[18:00:04.265][INFO]: Modifying Attributes of: <item:apocalypsenow:katana>.anyDamage()
[18:00:04.265][INFO]: Modifying Attributes of: <item:apocalypsenow:katana>.anyDamage()
[18:00:04.265][INFO]: Modifying Attributes of: <item:apocalypsenow:katana>.anyDamage()
[18:00:04.265][INFO]: Set the value of Max Damage on <item:apocalypsenow:katana> to: '2451'
[18:00:04.265][INFO]: Modifying Attributes of: <item:apocalypsenow:hookey_stick>.anyDamage()
[18:00:04.265][INFO]: Modifying Attributes of: <item:apocalypsenow:hookey_stick>.anyDamage()
[18:00:04.265][INFO]: Modifying Attributes of: <item:apocalypsenow:hookey_stick>.anyDamage()
[18:00:04.265][INFO]: Modifying Attributes of: <item:apocalypsenow:hookey_stick>.anyDamage()
[18:00:04.266][INFO]: Set the value of Max Damage on <item:apocalypsenow:hookey_stick> to: '256'
[18:00:04.266][INFO]: Modifying Attributes of: <item:apocalypsenow:golf_stick>.anyDamage()
[18:00:04.266][INFO]: Modifying Attributes of: <item:apocalypsenow:golf_stick>.anyDamage()
[18:00:04.266][INFO]: Modifying Attributes of: <item:apocalypsenow:golf_stick>.anyDamage()
[18:00:04.266][INFO]: Modifying Attributes of: <item:apocalypsenow:golf_stick>.anyDamage()
[18:00:04.266][INFO]: Set the value of Max Damage on <item:apocalypsenow:golf_stick> to: '488'
[18:00:04.266][INFO]: Modifying Attributes of: <item:apocalypsenow:cleaver>.anyDamage()
[18:00:04.266][INFO]: Modifying Attributes of: <item:apocalypsenow:cleaver>.anyDamage()
[18:00:04.266][INFO]: Modifying Attributes of: <item:apocalypsenow:cleaver>.anyDamage()
[18:00:04.266][INFO]: Modifying Attributes of: <item:apocalypsenow:cleaver>.anyDamage()
[18:00:04.266][INFO]: Set the value of Max Damage on <item:apocalypsenow:cleaver> to: '267'
[18:00:04.266][INFO]: Modifying Attributes of: <item:apocalypsenow:pan>.anyDamage()
[18:00:04.266][INFO]: Modifying Attributes of: <item:apocalypsenow:pan>.anyDamage()
[18:00:04.266][INFO]: Modifying Attributes of: <item:apocalypsenow:pan>.anyDamage()
[18:00:04.266][INFO]: Modifying Attributes of: <item:apocalypsenow:pan>.anyDamage()
[18:00:04.266][INFO]: Set the value of Max Damage on <item:apocalypsenow:pan> to: '730'
[18:00:04.266][INFO]: Modifying Attributes of: <item:apocalypsenow:pipe_wrench>.anyDamage()
[18:00:04.266][INFO]: Modifying Attributes of: <item:apocalypsenow:pipe_wrench>.anyDamage()
[18:00:04.266][INFO]: Modifying Attributes of: <item:apocalypsenow:pipe_wrench>.anyDamage()
[18:00:04.266][INFO]: Modifying Attributes of: <item:apocalypsenow:pipe_wrench>.anyDamage()
[18:00:04.266][INFO]: Set the value of Max Damage on <item:apocalypsenow:pipe_wrench> to: '820'
[18:00:04.266][INFO]: Modifying Attributes of: <item:apocalypsenow:mace>.anyDamage()
[18:00:04.267][INFO]: Modifying Attributes of: <item:apocalypsenow:mace>.anyDamage()
[18:00:04.267][INFO]: Modifying Attributes of: <item:apocalypsenow:mace>.anyDamage()
[18:00:04.267][INFO]: Modifying Attributes of: <item:apocalypsenow:mace>.anyDamage()
[18:00:04.267][INFO]: Set the value of Max Damage on <item:apocalypsenow:mace> to: '645'
[18:00:04.267][INFO]: Modifying Attributes of: <item:apocalypsenow:tatical_mace>.anyDamage()
[18:00:04.267][INFO]: Modifying Attributes of: <item:apocalypsenow:tatical_mace>.anyDamage()
[18:00:04.267][INFO]: Modifying Attributes of: <item:apocalypsenow:tatical_mace>.anyDamage()
[18:00:04.267][INFO]: Modifying Attributes of: <item:apocalypsenow:tatical_mace>.anyDamage()
[18:00:04.267][INFO]: Set the value of Max Damage on <item:apocalypsenow:tatical_mace> to: '1364'
[18:00:04.267][INFO]: Modifying Attributes of: <item:apocalypsenow:electrical_tactical_mace>.anyDamage()
[18:00:04.267][INFO]: Modifying Attributes of: <item:apocalypsenow:electrical_tactical_mace>.anyDamage()
[18:00:04.267][INFO]: Modifying Attributes of: <item:apocalypsenow:electrical_tactical_mace>.anyDamage()
[18:00:04.267][INFO]: Modifying Attributes of: <item:apocalypsenow:electrical_tactical_mace>.anyDamage()
[18:00:04.267][INFO]: Set the value of Max Damage on <item:apocalypsenow:electrical_tactical_mace> to: '1450'
[18:00:04.267][INFO]: Modifying Attributes of: <item:apocalypsenow:dagger>.anyDamage()
[18:00:04.267][INFO]: Modifying Attributes of: <item:apocalypsenow:dagger>.anyDamage()
[18:00:04.267][INFO]: Modifying Attributes of: <item:apocalypsenow:dagger>.anyDamage()
[18:00:04.267][INFO]: Modifying Attributes of: <item:apocalypsenow:dagger>.anyDamage()
[18:00:04.267][INFO]: Set the value of Max Damage on <item:apocalypsenow:dagger> to: '789'
[18:00:04.267][INFO]: Modifying Attributes of: <item:apocalypsenow:club>.anyDamage()
[18:00:04.267][INFO]: Modifying Attributes of: <item:apocalypsenow:club>.anyDamage()
[18:00:04.268][INFO]: Modifying Attributes of: <item:apocalypsenow:club>.anyDamage()
[18:00:04.268][INFO]: Modifying Attributes of: <item:apocalypsenow:club>.anyDamage()
[18:00:04.268][INFO]: Set the value of Max Damage on <item:apocalypsenow:club> to: '235'
[18:00:04.268][INFO]: Modifying Attributes of: <item:apocalypsenow:electric_club>.anyDamage()
[18:00:04.268][INFO]: Modifying Attributes of: <item:apocalypsenow:electric_club>.anyDamage()
[18:00:04.268][INFO]: Modifying Attributes of: <item:apocalypsenow:electric_club>.anyDamage()
[18:00:04.268][INFO]: Modifying Attributes of: <item:apocalypsenow:electric_club>.anyDamage()
[18:00:04.268][INFO]: Set the value of Max Damage on <item:apocalypsenow:electric_club> to: '285'
[18:00:04.268][INFO]: Modifying Attributes of: <item:apocalypsenow:sai>.anyDamage()
[18:00:04.268][INFO]: Modifying Attributes of: <item:apocalypsenow:sai>.anyDamage()
[18:00:04.268][INFO]: Modifying Attributes of: <item:apocalypsenow:sai>.anyDamage()
[18:00:04.268][INFO]: Modifying Attributes of: <item:apocalypsenow:sai>.anyDamage()
[18:00:04.268][INFO]: Set the value of Max Damage on <item:apocalypsenow:sai> to: '426'
[18:00:04.268][INFO]: Modifying Attributes of: <item:apocalypsenow:letter_opener>.anyDamage()
[18:00:04.268][INFO]: Modifying Attributes of: <item:apocalypsenow:letter_opener>.anyDamage()
[18:00:04.269][INFO]: Modifying Attributes of: <item:apocalypsenow:letter_opener>.anyDamage()
[18:00:04.269][INFO]: Modifying Attributes of: <item:apocalypsenow:letter_opener>.anyDamage()
[18:00:04.269][INFO]: Set the value of Max Damage on <item:apocalypsenow:letter_opener> to: '149'
[18:00:04.269][INFO]: Modifying Attributes of: <item:apocalypsenow:gardening_scissors>.anyDamage()
[18:00:04.269][INFO]: Modifying Attributes of: <item:apocalypsenow:gardening_scissors>.anyDamage()
[18:00:04.269][INFO]: Modifying Attributes of: <item:apocalypsenow:gardening_scissors>.anyDamage()
[18:00:04.269][INFO]: Modifying Attributes of: <item:apocalypsenow:gardening_scissors>.anyDamage()
[18:00:04.269][INFO]: Set the value of Max Damage on <item:apocalypsenow:gardening_scissors> to: '149'
[18:00:04.269][INFO]: Modifying Attributes of: <item:apocalypsenow:shiv>.anyDamage()
[18:00:04.269][INFO]: Modifying Attributes of: <item:apocalypsenow:shiv>.anyDamage()
[18:00:04.270][INFO]: Modifying Attributes of: <item:apocalypsenow:shiv>.anyDamage()
[18:00:04.270][INFO]: Modifying Attributes of: <item:apocalypsenow:shiv>.anyDamage()
[18:00:04.270][INFO]: Set the value of Max Damage on <item:apocalypsenow:shiv> to: '118'
[18:00:04.270][INFO]: Modifying Attributes of: <item:apocalypsenow:plunger>.anyDamage()
[18:00:04.270][INFO]: Modifying Attributes of: <item:apocalypsenow:plunger>.anyDamage()
[18:00:04.270][INFO]: Modifying Attributes of: <item:apocalypsenow:plunger>.anyDamage()
[18:00:04.270][INFO]: Modifying Attributes of: <item:apocalypsenow:plunger>.anyDamage()
[18:00:04.270][INFO]: Set the value of Max Damage on <item:apocalypsenow:plunger> to: '61'
[18:00:04.270][INFO]: Modifying Attributes of: <item:apocalypsenow:icepick>.anyDamage()
[18:00:04.270][INFO]: Modifying Attributes of: <item:apocalypsenow:icepick>.anyDamage()
[18:00:04.270][INFO]: Modifying Attributes of: <item:apocalypsenow:icepick>.anyDamage()
[18:00:04.270][INFO]: Modifying Attributes of: <item:apocalypsenow:icepick>.anyDamage()
[18:00:04.270][INFO]: Set the value of Max Damage on <item:apocalypsenow:icepick> to: '118'
[18:00:04.270][INFO]: Modifying Attributes of: <item:apocalypsenow:scalpel>.anyDamage()
[18:00:04.270][INFO]: Modifying Attributes of: <item:apocalypsenow:scalpel>.anyDamage()
[18:00:04.270][INFO]: Modifying Attributes of: <item:apocalypsenow:scalpel>.anyDamage()
[18:00:04.270][INFO]: Modifying Attributes of: <item:apocalypsenow:scalpel>.anyDamage()
[18:00:04.271][INFO]: Set the value of Max Damage on <item:apocalypsenow:scalpel> to: '160'
[18:00:04.271][INFO]: Modifying Attributes of: <item:apocalypsenow:karambit>.anyDamage()
[18:00:04.271][INFO]: Modifying Attributes of: <item:apocalypsenow:karambit>.anyDamage()
[18:00:04.271][INFO]: Modifying Attributes of: <item:apocalypsenow:karambit>.anyDamage()
[18:00:04.271][INFO]: Modifying Attributes of: <item:apocalypsenow:karambit>.anyDamage()
[18:00:04.271][INFO]: Set the value of Max Damage on <item:apocalypsenow:karambit> to: '484'
[18:00:04.271][INFO]: Modifying Attributes of: <item:apocalypsenow:woddenspear>.anyDamage()
[18:00:04.271][INFO]: Modifying Attributes of: <item:apocalypsenow:woddenspear>.anyDamage()
[18:00:04.271][INFO]: Modifying Attributes of: <item:apocalypsenow:woddenspear>.anyDamage()
[18:00:04.271][INFO]: Modifying Attributes of: <item:apocalypsenow:woddenspear>.anyDamage()
[18:00:04.271][INFO]: Set the value of Max Damage on <item:apocalypsenow:woddenspear> to: '42'
[18:00:04.271][INFO]: Modifying Attributes of: <item:apocalypsenow:gardening_spade>.anyDamage()
[18:00:04.271][INFO]: Modifying Attributes of: <item:apocalypsenow:gardening_spade>.anyDamage()
[18:00:04.271][INFO]: Modifying Attributes of: <item:apocalypsenow:gardening_spade>.anyDamage()
[18:00:04.271][INFO]: Modifying Attributes of: <item:apocalypsenow:gardening_spade>.anyDamage()
[18:00:04.271][INFO]: Set the value of Max Damage on <item:apocalypsenow:gardening_spade> to: '49'
[18:00:04.272][INFO]: Modifying Attributes of: <item:apocalypsenow:rolling_pin>.anyDamage()
[18:00:04.272][INFO]: Modifying Attributes of: <item:apocalypsenow:rolling_pin>.anyDamage()
[18:00:04.272][INFO]: Modifying Attributes of: <item:apocalypsenow:rolling_pin>.anyDamage()
[18:00:04.272][INFO]: Modifying Attributes of: <item:apocalypsenow:rolling_pin>.anyDamage()
[18:00:04.272][INFO]: Set the value of Max Damage on <item:apocalypsenow:rolling_pin> to: '124'
[18:00:04.272][INFO]: Modifying Attributes of: <item:apocalypsenow:knife_spear>.anyDamage()
[18:00:04.272][INFO]: Modifying Attributes of: <item:apocalypsenow:knife_spear>.anyDamage()
[18:00:04.272][INFO]: Modifying Attributes of: <item:apocalypsenow:knife_spear>.anyDamage()
[18:00:04.272][INFO]: Modifying Attributes of: <item:apocalypsenow:knife_spear>.anyDamage()
[18:00:04.272][INFO]: Set the value of Max Damage on <item:apocalypsenow:knife_spear> to: '89'
[18:00:04.272][INFO]: Modifying Attributes of: <item:apocalypsenow:tennis_racket>.anyDamage()
[18:00:04.272][INFO]: Modifying Attributes of: <item:apocalypsenow:tennis_racket>.anyDamage()
[18:00:04.272][INFO]: Modifying Attributes of: <item:apocalypsenow:tennis_racket>.anyDamage()
[18:00:04.272][INFO]: Modifying Attributes of: <item:apocalypsenow:tennis_racket>.anyDamage()
[18:00:04.272][INFO]: Set the value of Max Damage on <item:apocalypsenow:tennis_racket> to: '124'
[18:00:04.272][INFO]: Modifying Attributes of: <item:apocalypsenow:snow_shovel>.anyDamage()
[18:00:04.272][INFO]: Modifying Attributes of: <item:apocalypsenow:snow_shovel>.anyDamage()
[18:00:04.272][INFO]: Modifying Attributes of: <item:apocalypsenow:snow_shovel>.anyDamage()
[18:00:04.272][INFO]: Modifying Attributes of: <item:apocalypsenow:snow_shovel>.anyDamage()
[18:00:04.272][INFO]: Set the value of Max Damage on <item:apocalypsenow:snow_shovel> to: '641'
[18:00:04.273][INFO]: Modifying Attributes of: <item:apocalypsenow:black_cleaver>.anyDamage()
[18:00:04.273][INFO]: Modifying Attributes of: <item:apocalypsenow:black_cleaver>.anyDamage()
[18:00:04.273][INFO]: Modifying Attributes of: <item:apocalypsenow:black_cleaver>.anyDamage()
[18:00:04.273][INFO]: Modifying Attributes of: <item:apocalypsenow:black_cleaver>.anyDamage()
[18:00:04.273][INFO]: Set the value of Max Damage on <item:apocalypsenow:black_cleaver> to: '313'
[18:00:04.273][INFO]: Modifying Attributes of: <item:apocalypsenow:garden_fork>.anyDamage()
[18:00:04.273][INFO]: Modifying Attributes of: <item:apocalypsenow:garden_fork>.anyDamage()
[18:00:04.273][INFO]: Modifying Attributes of: <item:apocalypsenow:garden_fork>.anyDamage()
[18:00:04.273][INFO]: Modifying Attributes of: <item:apocalypsenow:garden_fork>.anyDamage()
[18:00:04.273][INFO]: Set the value of Max Damage on <item:apocalypsenow:garden_fork> to: '343'
[18:00:04.273][INFO]: Modifying Attributes of: <item:apocalypsenow:dumbbell>.anyDamage()
[18:00:04.273][INFO]: Modifying Attributes of: <item:apocalypsenow:dumbbell>.anyDamage()
[18:00:04.273][INFO]: Modifying Attributes of: <item:apocalypsenow:dumbbell>.anyDamage()
[18:00:04.273][INFO]: Modifying Attributes of: <item:apocalypsenow:dumbbell>.anyDamage()
[18:00:04.273][INFO]: Set the value of Max Damage on <item:apocalypsenow:dumbbell> to: '656'
[18:00:04.273][INFO]: Modifying Attributes of: <item:apocalypsenow:bayonet>.anyDamage()
[18:00:04.273][INFO]: Modifying Attributes of: <item:apocalypsenow:bayonet>.anyDamage()
[18:00:04.273][INFO]: Modifying Attributes of: <item:apocalypsenow:bayonet>.anyDamage()
[18:00:04.273][INFO]: Modifying Attributes of: <item:apocalypsenow:bayonet>.anyDamage()
[18:00:04.273][INFO]: Set the value of Max Damage on <item:apocalypsenow:bayonet> to: '451'
[18:00:04.273][INFO]: Modifying Attributes of: <item:apocalypsenow:razor>.anyDamage()
[18:00:04.273][INFO]: Modifying Attributes of: <item:apocalypsenow:razor>.anyDamage()
[18:00:04.273][INFO]: Modifying Attributes of: <item:apocalypsenow:razor>.anyDamage()
[18:00:04.273][INFO]: Modifying Attributes of: <item:apocalypsenow:razor>.anyDamage()
[18:00:04.274][INFO]: Set the value of Max Damage on <item:apocalypsenow:razor> to: '198'
[18:00:04.274][INFO]: Modifying Attributes of: <item:apocalypsenow:stun_baton>.anyDamage()
[18:00:04.274][INFO]: Modifying Attributes of: <item:apocalypsenow:stun_baton>.anyDamage()
[18:00:04.274][INFO]: Modifying Attributes of: <item:apocalypsenow:stun_baton>.anyDamage()
[18:00:04.274][INFO]: Modifying Attributes of: <item:apocalypsenow:stun_baton>.anyDamage()
[18:00:04.274][INFO]: Set the value of Max Damage on <item:apocalypsenow:stun_baton> to: '715'
[18:00:04.274][INFO]: Modifying Attributes of: <item:apocalypsenow:tactical_sword>.anyDamage()
[18:00:04.274][INFO]: Modifying Attributes of: <item:apocalypsenow:tactical_sword>.anyDamage()
[18:00:04.274][INFO]: Modifying Attributes of: <item:apocalypsenow:tactical_sword>.anyDamage()
[18:00:04.274][INFO]: Modifying Attributes of: <item:apocalypsenow:tactical_sword>.anyDamage()
[18:00:04.274][INFO]: Set the value of Max Damage on <item:apocalypsenow:tactical_sword> to: '2451'
[18:00:04.274][INFO]: Modifying Attributes of: <item:apocalypsenow:military_shovel>.anyDamage()
[18:00:04.274][INFO]: Modifying Attributes of: <item:apocalypsenow:military_shovel>.anyDamage()
[18:00:04.274][INFO]: Modifying Attributes of: <item:apocalypsenow:military_shovel>.anyDamage()
[18:00:04.274][INFO]: Modifying Attributes of: <item:apocalypsenow:military_shovel>.anyDamage()
[18:00:04.274][INFO]: Set the value of Max Damage on <item:apocalypsenow:military_shovel> to: '2451'
[18:00:04.274][INFO]: Modifying Attributes of: <item:apocalypsenow:construction_shovel>.anyDamage()
[18:00:04.274][INFO]: Modifying Attributes of: <item:apocalypsenow:construction_shovel>.anyDamage()
[18:00:04.274][INFO]: Modifying Attributes of: <item:apocalypsenow:construction_shovel>.anyDamage()
[18:00:04.274][INFO]: Modifying Attributes of: <item:apocalypsenow:construction_shovel>.anyDamage()
[18:00:04.274][INFO]: Set the value of Max Damage on <item:apocalypsenow:construction_shovel> to: '798'
[18:00:04.274][INFO]: Modifying Attributes of: <item:minecraft:wooden_shovel>.anyDamage()
[18:00:04.275][INFO]: Modifying Attributes of: <item:minecraft:wooden_shovel>.anyDamage()
[18:00:04.275][INFO]: Modifying Attributes of: <item:minecraft:wooden_shovel>.anyDamage()
[18:00:04.275][INFO]: Modifying Attributes of: <item:minecraft:wooden_shovel>.anyDamage()
[18:00:04.275][INFO]: Set the value of Max Damage on <item:minecraft:wooden_shovel> to: '59'
[18:00:04.275][INFO]: Modifying Attributes of: <item:minecraft:stone_shovel>.anyDamage()
[18:00:04.275][INFO]: Modifying Attributes of: <item:minecraft:stone_shovel>.anyDamage()
[18:00:04.275][INFO]: Modifying Attributes of: <item:minecraft:stone_shovel>.anyDamage()
[18:00:04.275][INFO]: Modifying Attributes of: <item:minecraft:stone_shovel>.anyDamage()
[18:00:04.275][INFO]: Set the value of Max Damage on <item:minecraft:stone_shovel> to: '131'
[18:00:04.275][INFO]: Modifying Attributes of: <item:minecraft:iron_shovel>.anyDamage()
[18:00:04.275][INFO]: Modifying Attributes of: <item:minecraft:iron_shovel>.anyDamage()
[18:00:04.275][INFO]: Modifying Attributes of: <item:minecraft:iron_shovel>.anyDamage()
[18:00:04.275][INFO]: Modifying Attributes of: <item:minecraft:iron_shovel>.anyDamage()
[18:00:04.275][INFO]: Set the value of Max Damage on <item:minecraft:iron_shovel> to: '250'
[18:00:04.275][INFO]: Modifying Attributes of: <item:minecraft:diamond_shovel>.anyDamage()
[18:00:04.275][INFO]: Modifying Attributes of: <item:minecraft:diamond_shovel>.anyDamage()
[18:00:04.275][INFO]: Modifying Attributes of: <item:minecraft:diamond_shovel>.anyDamage()
[18:00:04.275][INFO]: Modifying Attributes of: <item:minecraft:diamond_shovel>.anyDamage()
[18:00:04.275][INFO]: Set the value of Max Damage on <item:minecraft:diamond_shovel> to: '1561'
[18:00:04.275][INFO]: Modifying Attributes of: <item:minecraft:netherite_shovel>.anyDamage()
[18:00:04.275][INFO]: Modifying Attributes of: <item:minecraft:netherite_shovel>.anyDamage()
[18:00:04.275][INFO]: Modifying Attributes of: <item:minecraft:netherite_shovel>.anyDamage()
[18:00:04.275][INFO]: Modifying Attributes of: <item:minecraft:netherite_shovel>.anyDamage()
[18:00:04.275][INFO]: Set the value of Max Damage on <item:minecraft:netherite_shovel> to: '2031'
[18:00:04.276][INFO]: Modifying Attributes of: <item:create_sa:brass_shovel>.anyDamage()
[18:00:04.276][INFO]: Modifying Attributes of: <item:create_sa:brass_shovel>.anyDamage()
[18:00:04.276][INFO]: Modifying Attributes of: <item:create_sa:brass_shovel>.anyDamage()
[18:00:04.276][INFO]: Modifying Attributes of: <item:create_sa:brass_shovel>.anyDamage()
[18:00:04.276][INFO]: Set the value of Max Damage on <item:create_sa:brass_shovel> to: '450'
[18:00:04.276][INFO]: Modifying Attributes of: <item:create_sa:copper_shovel>.anyDamage()
[18:00:04.276][INFO]: Modifying Attributes of: <item:create_sa:copper_shovel>.anyDamage()
[18:00:04.276][INFO]: Modifying Attributes of: <item:create_sa:copper_shovel>.anyDamage()
[18:00:04.276][INFO]: Modifying Attributes of: <item:create_sa:copper_shovel>.anyDamage()
[18:00:04.276][INFO]: Set the value of Max Damage on <item:create_sa:copper_shovel> to: '164'
[18:00:04.276][INFO]: Modifying Attributes of: <item:create_sa:zinc_shovel>.anyDamage()
[18:00:04.276][INFO]: Modifying Attributes of: <item:create_sa:zinc_shovel>.anyDamage()
[18:00:04.276][INFO]: Modifying Attributes of: <item:create_sa:zinc_shovel>.anyDamage()
[18:00:04.276][INFO]: Modifying Attributes of: <item:create_sa:zinc_shovel>.anyDamage()
[18:00:04.276][INFO]: Set the value of Max Damage on <item:create_sa:zinc_shovel> to: '243'
[18:00:04.276][INFO]: Modifying Attributes of: <item:create_sa:rose_quartz_shovel>.anyDamage()
[18:00:04.276][INFO]: Modifying Attributes of: <item:create_sa:rose_quartz_shovel>.anyDamage()
[18:00:04.276][INFO]: Modifying Attributes of: <item:create_sa:rose_quartz_shovel>.anyDamage()
[18:00:04.276][INFO]: Modifying Attributes of: <item:create_sa:rose_quartz_shovel>.anyDamage()
[18:00:04.276][INFO]: Set the value of Max Damage on <item:create_sa:rose_quartz_shovel> to: '1644'
[18:00:04.276][INFO]: Modifying Attributes of: <item:create_sa:blazing_shovel>.anyDamage()
[18:00:04.276][INFO]: Modifying Attributes of: <item:create_sa:blazing_shovel>.anyDamage()
[18:00:04.276][INFO]: Modifying Attributes of: <item:create_sa:blazing_shovel>.anyDamage()
[18:00:04.276][INFO]: Modifying Attributes of: <item:create_sa:blazing_shovel>.anyDamage()
[18:00:04.276][INFO]: Set the value of Max Damage on <item:create_sa:blazing_shovel> to: '450'
[18:00:04.277][INFO]: Modifying Attributes of: <item:minecraft:diamond_sword>.anyDamage()
[18:00:04.277][INFO]: Modifying Attributes of: <item:minecraft:diamond_sword>.anyDamage()
[18:00:04.277][INFO]: Modifying Attributes of: <item:minecraft:diamond_sword>.anyDamage()
[18:00:04.277][INFO]: Modifying Attributes of: <item:minecraft:diamond_sword>.anyDamage()
[18:00:04.277][INFO]: Set the value of Max Damage on <item:minecraft:diamond_sword> to: '1561'
[18:00:04.277][INFO]: Modifying Attributes of: <item:minecraft:netherite_sword>.anyDamage()
[18:00:04.277][INFO]: Modifying Attributes of: <item:minecraft:netherite_sword>.anyDamage()
[18:00:04.277][INFO]: Modifying Attributes of: <item:minecraft:netherite_sword>.anyDamage()
[18:00:04.277][INFO]: Modifying Attributes of: <item:minecraft:netherite_sword>.anyDamage()
[18:00:04.277][INFO]: Set the value of Max Damage on <item:minecraft:netherite_sword> to: '2031'
[18:00:04.277][INFO]: Modifying Attributes of: <item:create_sa:brass_sword>.anyDamage()
[18:00:04.277][INFO]: Modifying Attributes of: <item:create_sa:brass_sword>.anyDamage()
[18:00:04.277][INFO]: Modifying Attributes of: <item:create_sa:brass_sword>.anyDamage()
[18:00:04.277][INFO]: Modifying Attributes of: <item:create_sa:brass_sword>.anyDamage()
[18:00:04.277][INFO]: Set the value of Max Damage on <item:create_sa:brass_sword> to: '450'
[18:00:04.277][INFO]: Modifying Attributes of: <item:create_sa:copper_sword>.anyDamage()
[18:00:04.277][INFO]: Modifying Attributes of: <item:create_sa:copper_sword>.anyDamage()
[18:00:04.277][INFO]: Modifying Attributes of: <item:create_sa:copper_sword>.anyDamage()
[18:00:04.277][INFO]: Modifying Attributes of: <item:create_sa:copper_sword>.anyDamage()
[18:00:04.277][INFO]: Set the value of Max Damage on <item:create_sa:copper_sword> to: '131'
[18:00:04.277][INFO]: Modifying Attributes of: <item:create_sa:zinc_shovel>.anyDamage()
[18:00:04.277][INFO]: Modifying Attributes of: <item:create_sa:zinc_shovel>.anyDamage()
[18:00:04.278][INFO]: Modifying Attributes of: <item:create_sa:zinc_shovel>.anyDamage()
[18:00:04.278][INFO]: Modifying Attributes of: <item:create_sa:zinc_shovel>.anyDamage()
[18:00:04.278][INFO]: Set the value of Max Damage on <item:create_sa:zinc_shovel> to: '250'
[18:00:04.278][INFO]: Modifying Attributes of: <item:create_sa:rose_quartz_sword>.anyDamage()
[18:00:04.278][INFO]: Modifying Attributes of: <item:create_sa:rose_quartz_sword>.anyDamage()
[18:00:04.278][INFO]: Modifying Attributes of: <item:create_sa:rose_quartz_sword>.anyDamage()
[18:00:04.278][INFO]: Modifying Attributes of: <item:create_sa:rose_quartz_sword>.anyDamage()
[18:00:04.278][INFO]: Set the value of Max Damage on <item:create_sa:rose_quartz_sword> to: '1644'
[18:00:04.278][INFO]: Modifying Attributes of: <item:minecraft:stone_axe>.anyDamage()
[18:00:04.278][INFO]: Modifying Attributes of: <item:minecraft:stone_axe>.anyDamage()
[18:00:04.278][INFO]: Modifying Attributes of: <item:minecraft:stone_axe>.anyDamage()
[18:00:04.278][INFO]: Modifying Attributes of: <item:minecraft:stone_axe>.anyDamage()
[18:00:04.278][INFO]: Set the value of Max Damage on <item:minecraft:stone_axe> to: '131'
[18:00:04.278][INFO]: Modifying Attributes of: <item:minecraft:iron_axe>.anyDamage()
[18:00:04.278][INFO]: Modifying Attributes of: <item:minecraft:iron_axe>.anyDamage()
[18:00:04.278][INFO]: Modifying Attributes of: <item:minecraft:iron_axe>.anyDamage()
[18:00:04.278][INFO]: Modifying Attributes of: <item:minecraft:iron_axe>.anyDamage()
[18:00:04.278][INFO]: Set the value of Max Damage on <item:minecraft:iron_axe> to: '250'
[18:00:04.278][INFO]: Modifying Attributes of: <item:minecraft:diamond_axe>.anyDamage()
[18:00:04.278][INFO]: Modifying Attributes of: <item:minecraft:diamond_axe>.anyDamage()
[18:00:04.278][INFO]: Modifying Attributes of: <item:minecraft:diamond_axe>.anyDamage()
[18:00:04.278][INFO]: Modifying Attributes of: <item:minecraft:diamond_axe>.anyDamage()
[18:00:04.278][INFO]: Set the value of Max Damage on <item:minecraft:diamond_axe> to: '1561'
[18:00:04.279][INFO]: Modifying Attributes of: <item:minecraft:netherite_axe>.anyDamage()
[18:00:04.279][INFO]: Modifying Attributes of: <item:minecraft:netherite_axe>.anyDamage()
[18:00:04.279][INFO]: Modifying Attributes of: <item:minecraft:netherite_axe>.anyDamage()
[18:00:04.279][INFO]: Modifying Attributes of: <item:minecraft:netherite_axe>.anyDamage()
[18:00:04.279][INFO]: Set the value of Max Damage on <item:minecraft:netherite_axe> to: '2031'
[18:00:04.279][INFO]: Modifying Attributes of: <item:create_sa:rose_quartz_axe>.anyDamage()
[18:00:04.279][INFO]: Modifying Attributes of: <item:create_sa:rose_quartz_axe>.anyDamage()
[18:00:04.279][INFO]: Modifying Attributes of: <item:create_sa:rose_quartz_axe>.anyDamage()
[18:00:04.279][INFO]: Modifying Attributes of: <item:create_sa:rose_quartz_axe>.anyDamage()
[18:00:04.279][INFO]: Set the value of Max Damage on <item:create_sa:rose_quartz_axe> to: '1644'
[18:00:04.279][INFO]: Modifying Attributes of: <item:farmersdelight:skillet>.anyDamage()
[18:00:04.279][INFO]: Modifying Attributes of: <item:farmersdelight:skillet>.anyDamage()
[18:00:04.279][INFO]: Modifying Attributes of: <item:farmersdelight:skillet>.anyDamage()
[18:00:04.279][INFO]: Modifying Attributes of: <item:farmersdelight:skillet>.anyDamage()
[18:00:04.279][INFO]: Set the value of Max Damage on <item:farmersdelight:skillet> to: '730'
[18:00:04.279][INFO]: Modifying Attributes of: <item:apocalypsenow:spear>.anyDamage()
[18:00:04.279][INFO]: Modifying Attributes of: <item:apocalypsenow:spear>.anyDamage()
[18:00:04.279][INFO]: Modifying Attributes of: <item:apocalypsenow:spear>.anyDamage()
[18:00:04.279][INFO]: Modifying Attributes of: <item:apocalypsenow:spear>.anyDamage()
[18:00:04.279][INFO]: Set the value of Max Damage on <item:apocalypsenow:spear> to: '489'
[18:00:04.280][INFO]: Modifying Attributes of: <item:apocalypsenow:guitar>.anyDamage()
[18:00:04.280][INFO]: Modifying Attributes of: <item:apocalypsenow:guitar>.anyDamage()
[18:00:04.280][INFO]: Modifying Attributes of: <item:apocalypsenow:guitar>.anyDamage()
[18:00:04.280][INFO]: Modifying Attributes of: <item:apocalypsenow:guitar>.anyDamage()
[18:00:04.280][INFO]: Set the value of Max Damage on <item:apocalypsenow:guitar> to: '78'
[18:00:04.280][INFO]: Modifying Attributes of: <item:apocalypsenow:bass>.anyDamage()
[18:00:04.280][INFO]: Modifying Attributes of: <item:apocalypsenow:bass>.anyDamage()
[18:00:04.280][INFO]: Modifying Attributes of: <item:apocalypsenow:bass>.anyDamage()
[18:00:04.280][INFO]: Modifying Attributes of: <item:apocalypsenow:bass>.anyDamage()
[18:00:04.280][INFO]: Set the value of Max Damage on <item:apocalypsenow:bass> to: '78'
[18:00:04.280][INFO]: Modifying Attributes of: <item:apocalypsenow:kitchen_knife>.anyDamage()
[18:00:04.280][INFO]: Modifying Attributes of: <item:apocalypsenow:kitchen_knife>.anyDamage()
[18:00:04.280][INFO]: Modifying Attributes of: <item:apocalypsenow:kitchen_knife>.anyDamage()
[18:00:04.280][INFO]: Modifying Attributes of: <item:apocalypsenow:kitchen_knife>.anyDamage()
[18:00:04.280][INFO]: Set the value of Max Damage on <item:apocalypsenow:kitchen_knife> to: '195'
[18:00:04.280][INFO]: Modifying Attributes of: <item:apocalypsenow:scythe>.anyDamage()
[18:00:04.280][INFO]: Modifying Attributes of: <item:apocalypsenow:scythe>.anyDamage()
[18:00:04.280][INFO]: Modifying Attributes of: <item:apocalypsenow:scythe>.anyDamage()
[18:00:04.280][INFO]: Modifying Attributes of: <item:apocalypsenow:scythe>.anyDamage()
[18:00:04.280][INFO]: Set the value of Max Damage on <item:apocalypsenow:scythe> to: '623'
[18:00:04.280][INFO]: Modifying Attributes of: <item:create_sa:zinc_axe>.anyDamage()
[18:00:04.280][INFO]: Modifying Attributes of: <item:create_sa:zinc_axe>.anyDamage()
[18:00:04.280][INFO]: Modifying Attributes of: <item:create_sa:zinc_axe>.anyDamage()
[18:00:04.280][INFO]: Modifying Attributes of: <item:create_sa:zinc_axe>.anyDamage()
[18:00:04.280][INFO]: Set the value of Max Damage on <item:create_sa:zinc_axe> to: '161'
[18:00:04.281][INFO]: Modifying Attributes of: <item:create_sa:copper_axe>.anyDamage()
[18:00:04.281][INFO]: Modifying Attributes of: <item:create_sa:copper_axe>.anyDamage()
[18:00:04.281][INFO]: Modifying Attributes of: <item:create_sa:copper_axe>.anyDamage()
[18:00:04.281][INFO]: Modifying Attributes of: <item:create_sa:copper_axe>.anyDamage()
[18:00:04.281][INFO]: Set the value of Max Damage on <item:create_sa:copper_axe> to: '161'
[18:00:04.281][INFO]: Modifying Attributes of: <item:minecraft:stone_hoe>.anyDamage()
[18:00:04.281][INFO]: Modifying Attributes of: <item:minecraft:stone_hoe>.anyDamage()
[18:00:04.281][INFO]: Modifying Attributes of: <item:minecraft:stone_hoe>.anyDamage()
[18:00:04.281][INFO]: Modifying Attributes of: <item:minecraft:stone_hoe>.anyDamage()
[18:00:04.281][INFO]: Set the value of Max Damage on <item:minecraft:stone_hoe> to: '131'
[18:00:04.281][INFO]: Modifying Attributes of: <item:minecraft:iron_hoe>.anyDamage()
[18:00:04.281][INFO]: Modifying Attributes of: <item:minecraft:iron_hoe>.anyDamage()
[18:00:04.281][INFO]: Modifying Attributes of: <item:minecraft:iron_hoe>.anyDamage()
[18:00:04.281][INFO]: Modifying Attributes of: <item:minecraft:iron_hoe>.anyDamage()
[18:00:04.281][INFO]: Set the value of Max Damage on <item:minecraft:iron_hoe> to: '250'
[18:00:04.281][INFO]: Modifying Attributes of: <item:minecraft:diamond_hoe>.anyDamage()
[18:00:04.281][INFO]: Modifying Attributes of: <item:minecraft:diamond_hoe>.anyDamage()
[18:00:04.281][INFO]: Modifying Attributes of: <item:minecraft:diamond_hoe>.anyDamage()
[18:00:04.281][INFO]: Modifying Attributes of: <item:minecraft:diamond_hoe>.anyDamage()
[18:00:04.281][INFO]: Set the value of Max Damage on <item:minecraft:diamond_hoe> to: '1561'
[18:00:04.281][INFO]: Modifying Attributes of: <item:create_sa:brass_hoe>.anyDamage()
[18:00:04.281][INFO]: Modifying Attributes of: <item:create_sa:brass_hoe>.anyDamage()
[18:00:04.281][INFO]: Modifying Attributes of: <item:create_sa:brass_hoe>.anyDamage()
[18:00:04.281][INFO]: Modifying Attributes of: <item:create_sa:brass_hoe>.anyDamage()
[18:00:04.281][INFO]: Set the value of Max Damage on <item:create_sa:brass_hoe> to: '450'
[18:00:04.282][INFO]: Modifying Attributes of: <item:create_sa:zinc_hoe>.anyDamage()
[18:00:04.282][INFO]: Modifying Attributes of: <item:create_sa:zinc_hoe>.anyDamage()
[18:00:04.282][INFO]: Modifying Attributes of: <item:create_sa:zinc_hoe>.anyDamage()
[18:00:04.282][INFO]: Modifying Attributes of: <item:create_sa:zinc_hoe>.anyDamage()
[18:00:04.282][INFO]: Set the value of Max Damage on <item:create_sa:zinc_hoe> to: '250'
[18:00:04.282][INFO]: Modifying Attributes of: <item:create_sa:copper_hoe>.anyDamage()
[18:00:04.282][INFO]: Modifying Attributes of: <item:create_sa:copper_hoe>.anyDamage()
[18:00:04.282][INFO]: Modifying Attributes of: <item:create_sa:copper_hoe>.anyDamage()
[18:00:04.282][INFO]: Modifying Attributes of: <item:create_sa:copper_hoe>.anyDamage()
[18:00:04.282][INFO]: Set the value of Max Damage on <item:create_sa:copper_hoe> to: '131'
[18:00:04.282][INFO]: Modifying Attributes of: <item:minecraft:netherite_hoe>.anyDamage()
[18:00:04.282][INFO]: Modifying Attributes of: <item:minecraft:netherite_hoe>.anyDamage()
[18:00:04.282][INFO]: Modifying Attributes of: <item:minecraft:netherite_hoe>.anyDamage()
[18:00:04.282][INFO]: Modifying Attributes of: <item:minecraft:netherite_hoe>.anyDamage()
[18:00:04.282][INFO]: Set the value of Max Damage on <item:minecraft:netherite_hoe> to: '2031'
[18:00:04.282][INFO]: Modifying Attributes of: <item:apocalypsenow:tactical_saber>.anyDamage()
[18:00:04.282][INFO]: Modifying Attributes of: <item:apocalypsenow:tactical_saber>.anyDamage()
[18:00:04.283][INFO]: Modifying Attributes of: <item:apocalypsenow:tactical_saber>.anyDamage()
[18:00:04.283][INFO]: Modifying Attributes of: <item:apocalypsenow:tactical_saber>.anyDamage()
[18:00:04.283][INFO]: Set the value of Max Damage on <item:apocalypsenow:tactical_saber> to: '1364'
[18:00:04.283][INFO]: Modifying Attributes of: <item:apocalypsenow:red_boxing_gloves>.anyDamage()
[18:00:04.283][INFO]: Modifying Attributes of: <item:apocalypsenow:red_boxing_gloves>.anyDamage()
[18:00:04.283][INFO]: Modifying Attributes of: <item:apocalypsenow:red_boxing_gloves>.anyDamage()
[18:00:04.283][INFO]: Modifying Attributes of: <item:apocalypsenow:red_boxing_gloves>.anyDamage()
[18:00:04.283][INFO]: Set the value of Max Damage on <item:apocalypsenow:red_boxing_gloves> to: '200'
[18:00:04.283][INFO]: Modifying Attributes of: <item:apocalypsenow:reiforced_red_boxing_gloves>.anyDamage()
[18:00:04.283][INFO]: Modifying Attributes of: <item:apocalypsenow:reiforced_red_boxing_gloves>.anyDamage()
[18:00:04.283][INFO]: Modifying Attributes of: <item:apocalypsenow:reiforced_red_boxing_gloves>.anyDamage()
[18:00:04.283][INFO]: Modifying Attributes of: <item:apocalypsenow:reiforced_red_boxing_gloves>.anyDamage()
[18:00:04.283][INFO]: Set the value of Max Damage on <item:apocalypsenow:reiforced_red_boxing_gloves> to: '250'
[18:00:04.283][INFO]: Modifying Attributes of: <item:apocalypsenow:blue_boxing_gloves>.anyDamage()
[18:00:04.283][INFO]: Modifying Attributes of: <item:apocalypsenow:blue_boxing_gloves>.anyDamage()
[18:00:04.283][INFO]: Modifying Attributes of: <item:apocalypsenow:blue_boxing_gloves>.anyDamage()
[18:00:04.283][INFO]: Modifying Attributes of: <item:apocalypsenow:blue_boxing_gloves>.anyDamage()
[18:00:04.283][INFO]: Set the value of Max Damage on <item:apocalypsenow:blue_boxing_gloves> to: '200'
[18:00:04.283][INFO]: Modifying Attributes of: <item:apocalypsenow:reiforced_blue_boxing_gloves>.anyDamage()
[18:00:04.283][INFO]: Modifying Attributes of: <item:apocalypsenow:reiforced_blue_boxing_gloves>.anyDamage()
[18:00:04.283][INFO]: Modifying Attributes of: <item:apocalypsenow:reiforced_blue_boxing_gloves>.anyDamage()
[18:00:04.284][INFO]: Modifying Attributes of: <item:apocalypsenow:reiforced_blue_boxing_gloves>.anyDamage()
[18:00:04.284][INFO]: Set the value of Max Damage on <item:apocalypsenow:reiforced_blue_boxing_gloves> to: '250'
[18:00:04.287][INFO]: Removing 'crafting' recipes with output: 'com.blamejared.crafttweaker.api.item.MCItemStack@4c11fe2a'
[18:00:04.293][INFO]: Adding 'minecraft:crafting' recipe, of type: "mirroring shaped", with name: 'crafttweaker:baseball_bat' that outputs: '<item:apocalypsenow:baseball_bat>'
[18:00:04.293][INFO]: Removing 'crafting' recipes with output: 'com.blamejared.crafttweaker.api.item.MCItemStack@2d3a8f49'
[18:00:04.296][INFO]: Adding 'minecraft:crafting' recipe, of type: "shapeless", with name: 'crafttweaker:wrapped_baseball_bat' that outputs: '<item:apocalypsenow:wrapped_baseball_bat>'
[18:00:04.296][INFO]: Removing 'crafting' recipes with output: 'com.blamejared.crafttweaker.api.item.MCItemStack@ca379bc4'
[18:00:04.299][INFO]: Adding 'minecraft:crafting' recipe, of type: "shapeless", with name: 'crafttweaker:saw_baseball_bat' that outputs: '<item:apocalypsenow:saw_baseball_bat>'
[18:00:04.299][INFO]: Removing 'crafting' recipes with output: 'com.blamejared.crafttweaker.api.item.MCItemStack@e2698ba8'
[18:00:04.301][INFO]: Adding 'minecraft:crafting' recipe, of type: "shapeless", with name: 'crafttweaker:electrical_baseball_bat' that outputs: '<item:apocalypsenow:electrical_baseball_bat>'
[18:00:04.301][INFO]: Removing 'crafting' recipes with output: 'com.blamejared.crafttweaker.api.item.MCItemStack@9c51702d'
[18:00:04.304][INFO]: Adding 'minecraft:crafting' recipe, of type: "mirroring shaped", with name: 'crafttweaker:iron_baseball_bat' that outputs: '<item:apocalypsenow:iron_baseball_bat>'
[18:00:04.304][INFO]: Removing 'crafting' recipes with output: 'com.blamejared.crafttweaker.api.item.MCItemStack@8878580e'
[18:00:04.309][INFO]: Adding 'minecraft:crafting' recipe, of type: "shapeless", with name: 'crafttweaker:spiked_iron_baseball_bat' that outputs: '<item:apocalypsenow:spiked_iron_baseball_bat>'
[18:00:04.309][INFO]: Removing 'crafting' recipes with output: 'com.blamejared.crafttweaker.api.item.MCItemStack@3319e186'
[18:00:04.312][INFO]: Adding 'minecraft:crafting' recipe, of type: "mirroring shaped", with name: 'crafttweaker:club' that outputs: '<item:apocalypsenow:club>'
[18:00:04.312][INFO]: Removing 'crafting' recipes with output: 'com.blamejared.crafttweaker.api.item.MCItemStack@324a4ccb'
[18:00:04.314][INFO]: Adding 'minecraft:crafting' recipe, of type: "shapeless", with name: 'crafttweaker:electric_club' that outputs: '<item:apocalypsenow:electric_club>'
[18:00:04.314][INFO]: Removing 'crafting' recipes with output: 'com.blamejared.crafttweaker.api.item.MCItemStack@9f6b1ea8'
[18:00:04.315][INFO]: Adding 'minecraft:crafting' recipe, of type: "mirroring shaped", with name: 'crafttweaker:sledge_hammer' that outputs: '<item:apocalypsenow:sledge_hammer>'
[18:00:04.315][INFO]: Removing 'crafting' recipes with output: 'com.blamejared.crafttweaker.api.item.MCItemStack@6327dd29'
[18:00:04.317][INFO]: Adding 'minecraft:crafting' recipe, of type: "mirroring shaped", with name: 'crafttweaker:fire_axe' that outputs: '<item:apocalypsenow:fire_axe>'
[18:00:04.317][INFO]: Removing 'crafting' recipes with output: 'com.blamejared.crafttweaker.api.item.MCItemStack@9ca1d21c'
[18:00:04.319][INFO]: Adding 'minecraft:crafting' recipe, of type: "mirroring shaped", with name: 'crafttweaker:emergency_axe' that outputs: '<item:apocalypsenow:emergency_axe>'
[18:00:04.319][INFO]: Removing 'crafting' recipes with output: 'com.blamejared.crafttweaker.api.item.MCItemStack@dd00116a'
[18:00:04.321][INFO]: Adding 'minecraft:crafting' recipe, of type: "mirroring shaped", with name: 'crafttweaker:wooden_fire_axe' that outputs: '<item:apocalypsenow:wooden_fire_axe>'
[18:00:04.321][INFO]: Removing 'crafting' recipes with output: 'com.blamejared.crafttweaker.api.item.MCItemStack@faa92fc3'
[18:00:04.324][INFO]: Adding 'minecraft:crafting' recipe, of type: "mirroring shaped", with name: 'crafttweaker:lumber_jack_axe' that outputs: '<item:apocalypsenow:lumber_jack_axe>'
[18:00:04.324][INFO]: Removing 'crafting' recipes with output: 'com.blamejared.crafttweaker.api.item.MCItemStack@e707d60d'
[18:00:04.326][INFO]: Adding 'minecraft:crafting' recipe, of type: "mirroring shaped", with name: 'crafttweaker:red_lumberjack_axe' that outputs: '<item:apocalypsenow:red_lumberjack_axe>'
[18:00:04.326][INFO]: Removing 'crafting' recipes with output: 'com.blamejared.crafttweaker.api.item.MCItemStack@c6fd3f6e'
[18:00:04.329][INFO]: Adding 'minecraft:crafting' recipe, of type: "mirroring shaped", with name: 'crafttweaker:construction_axe' that outputs: '<item:apocalypsenow:construction_axe>'
[18:00:04.329][INFO]: Removing 'crafting' recipes with output: 'com.blamejared.crafttweaker.api.item.MCItemStack@83c5e52c'
[18:00:04.332][INFO]: Adding 'minecraft:crafting' recipe, of type: "mirroring shaped", with name: 'crafttweaker:hand_axe' that outputs: '<item:apocalypsenow:hand_axe>'
[18:00:04.333][INFO]: Removing 'crafting' recipes with output: 'com.blamejared.crafttweaker.api.item.MCItemStack@5cb7f164'
[18:00:04.336][INFO]: Adding 'minecraft:crafting' recipe, of type: "mirroring shaped", with name: 'crafttweaker:gardening_axe' that outputs: '<item:apocalypsenow:gardening_axe>'
[18:00:04.336][INFO]: Removing 'crafting' recipes with output: 'com.blamejared.crafttweaker.api.item.MCItemStack@8a307e80'
[18:00:04.339][INFO]: Adding 'minecraft:crafting' recipe, of type: "mirroring shaped", with name: 'crafttweaker:ice_axe' that outputs: '<item:apocalypsenow:ice_axe>'
[18:00:04.339][INFO]: Removing 'crafting' recipes with output: 'com.blamejared.crafttweaker.api.item.MCItemStack@40e54a0e'
[18:00:04.343][INFO]: Adding 'minecraft:crafting' recipe, of type: "mirroring shaped", with name: 'crafttweaker:survival_axe' that outputs: '<item:apocalypsenow:survival_axe>'
[18:00:04.343][INFO]: Removing 'crafting' recipes with output: 'com.blamejared.crafttweaker.api.item.MCItemStack@84d5aea6'
[18:00:04.347][INFO]: Adding 'minecraft:crafting' recipe, of type: "mirroring shaped", with name: 'crafttweaker:tourist_axe' that outputs: '<item:apocalypsenow:tourist_axe>'
[18:00:04.347][INFO]: Removing 'crafting' recipes with output: 'com.blamejared.crafttweaker.api.item.MCItemStack@60612c4f'
[18:00:04.350][INFO]: Adding 'minecraft:crafting' recipe, of type: "mirroring shaped", with name: 'crafttweaker:combat_axe' that outputs: '<item:apocalypsenow:combat_axe>'
[18:00:04.350][INFO]: Removing 'crafting' recipes with output: 'com.blamejared.crafttweaker.api.item.MCItemStack@2f18449e'
[18:00:04.354][INFO]: Adding 'minecraft:crafting' recipe, of type: "shapeless", with name: 'crafttweaker:electrical_combat_axe' that outputs: '<item:apocalypsenow:electrical_combat_axe>'
[18:00:04.354][INFO]: Removing 'crafting' recipes with output: 'com.blamejared.crafttweaker.api.item.MCItemStack@80954cf3'
[18:00:04.357][INFO]: Adding 'minecraft:crafting' recipe, of type: "mirroring shaped", with name: 'crafttweaker:red_boxing_gloves' that outputs: '<item:apocalypsenow:red_boxing_gloves>'
[18:00:04.358][INFO]: Removing 'crafting' recipes with output: 'com.blamejared.crafttweaker.api.item.MCItemStack@a91bf8be'
[18:00:04.360][INFO]: Adding 'minecraft:crafting' recipe, of type: "mirroring shaped", with name: 'crafttweaker:blue_boxing_gloves' that outputs: '<item:apocalypsenow:blue_boxing_gloves>'
[18:00:04.361][INFO]: Removing 'crafting' recipes with output: 'com.blamejared.crafttweaker.api.item.MCItemStack@59afacd0'
[18:00:04.363][INFO]: Adding 'minecraft:crafting' recipe, of type: "mirroring shaped", with name: 'crafttweaker:reiforced_red_boxing_gloves' that outputs: '<item:apocalypsenow:reiforced_red_boxing_gloves>'
[18:00:04.363][INFO]: Removing 'crafting' recipes with output: 'com.blamejared.crafttweaker.api.item.MCItemStack@27ba781c'
[18:00:04.368][INFO]: Adding 'minecraft:crafting' recipe, of type: "mirroring shaped", with name: 'crafttweaker:reiforced_blue_boxing_gloves' that outputs: '<item:apocalypsenow:reiforced_blue_boxing_gloves>'
[18:00:04.368][INFO]: Removing 'crafting' recipes with output: 'com.blamejared.crafttweaker.api.item.MCItemStack@d1209582'
[18:00:04.371][INFO]: Adding 'minecraft:crafting' recipe, of type: "mirroring shaped", with name: 'crafttweaker:machete' that outputs: '<item:apocalypsenow:machete>'
[18:00:04.371][INFO]: Removing 'crafting' recipes with output: 'com.blamejared.crafttweaker.api.item.MCItemStack@b8641f48'
[18:00:04.375][INFO]: Adding 'minecraft:crafting' recipe, of type: "shapeless", with name: 'crafttweaker:serrated_machete' that outputs: '<item:apocalypsenow:serrated_machete>'
[18:00:04.376][INFO]: Removing 'crafting' recipes with output: 'com.blamejared.crafttweaker.api.item.MCItemStack@f633e480'
[18:00:04.379][INFO]: Adding 'minecraft:crafting' recipe, of type: "mirroring shaped", with name: 'crafttweaker:hawkbill_machete' that outputs: '<item:apocalypsenow:hawkbill_machete>'
[18:00:04.379][INFO]: Removing 'crafting' recipes with output: 'com.blamejared.crafttweaker.api.item.MCItemStack@72acd847'
[18:00:04.382][INFO]: Adding 'minecraft:crafting' recipe, of type: "mirroring shaped", with name: 'crafttweaker:bowie_machete' that outputs: '<item:apocalypsenow:bowie_machete>'
[18:00:04.382][INFO]: Removing 'crafting' recipes with output: 'com.blamejared.crafttweaker.api.item.MCItemStack@2bfbff7a'
[18:00:04.386][INFO]: Adding 'minecraft:crafting' recipe, of type: "shapeless", with name: 'crafttweaker:heavy_machete' that outputs: '<item:apocalypsenow:heavy_machete>'
[18:00:04.386][INFO]: Removing 'crafting' recipes with output: 'com.blamejared.crafttweaker.api.item.MCItemStack@5797c7aa'
[18:00:04.390][INFO]: Adding 'minecraft:crafting' recipe, of type: "mirroring shaped", with name: 'crafttweaker:tactical_machete' that outputs: '<item:apocalypsenow:tactical_machete>'
[18:00:04.390][INFO]: Removing 'crafting' recipes with output: 'com.blamejared.crafttweaker.api.item.MCItemStack@a65264cc'
[18:00:04.392][INFO]: Adding 'minecraft:crafting' recipe, of type: "mirroring shaped", with name: 'crafttweaker:kukri_machete' that outputs: '<item:apocalypsenow:kukri_machete>'
[18:00:04.392][INFO]: Removing 'crafting' recipes with output: 'com.blamejared.crafttweaker.api.item.MCItemStack@30e4b40c'
[18:00:04.394][INFO]: Adding 'minecraft:crafting' recipe, of type: "mirroring shaped", with name: 'crafttweaker:combat_knife' that outputs: '<item:apocalypsenow:combat_knife>'
[18:00:04.394][INFO]: Removing 'crafting' recipes with output: 'com.blamejared.crafttweaker.api.item.MCItemStack@58d7cb2d'
[18:00:04.396][INFO]: Adding 'minecraft:crafting' recipe, of type: "mirroring shaped", with name: 'crafttweaker:mk_knife' that outputs: '<item:apocalypsenow:mk_knife>'
[18:00:04.396][INFO]: Removing 'crafting' recipes with output: 'com.blamejared.crafttweaker.api.item.MCItemStack@37a2a2cf'
[18:00:04.398][INFO]: Adding 'minecraft:crafting' recipe, of type: "mirroring shaped", with name: 'crafttweaker:kitchen_knife' that outputs: '<item:apocalypsenow:kitchen_knife>'
[18:00:04.398][INFO]: Removing 'crafting' recipes with output: 'com.blamejared.crafttweaker.api.item.MCItemStack@9aa4cbb3'
[18:00:04.400][INFO]: Adding 'minecraft:crafting' recipe, of type: "mirroring shaped", with name: 'crafttweaker:knife' that outputs: '<item:apocalypsenow:knife>'
[18:00:04.400][INFO]: Removing 'crafting' recipes with output: 'com.blamejared.crafttweaker.api.item.MCItemStack@a094ee9c'
[18:00:04.401][INFO]: Adding 'minecraft:crafting' recipe, of type: "mirroring shaped", with name: 'crafttweaker:military_knife' that outputs: '<item:apocalypsenow:military_knife>'
[18:00:04.401][INFO]: Removing 'crafting' recipes with output: 'com.blamejared.crafttweaker.api.item.MCItemStack@3f99bd82'
[18:00:04.403][INFO]: Adding 'minecraft:crafting' recipe, of type: "mirroring shaped", with name: 'crafttweaker:hunting_knife' that outputs: '<item:apocalypsenow:hunting_knife>'
[18:00:04.403][INFO]: Removing 'crafting' recipes with output: 'com.blamejared.crafttweaker.api.item.MCItemStack@8108b4ea'
[18:00:04.405][INFO]: Adding 'minecraft:crafting' recipe, of type: "mirroring shaped", with name: 'crafttweaker:english_punch_knife' that outputs: '<item:apocalypsenow:english_punch_knife>'
[18:00:04.405][INFO]: Removing 'crafting' recipes with output: 'com.blamejared.crafttweaker.api.item.MCItemStack@16707d00'
[18:00:04.407][INFO]: Adding 'minecraft:crafting' recipe, of type: "mirroring shaped", with name: 'crafttweaker:switch_knife' that outputs: '<item:apocalypsenow:switch_knife>'
[18:00:04.407][INFO]: Removing 'crafting' recipes with output: 'com.blamejared.crafttweaker.api.item.MCItemStack@7f36dcde'
[18:00:04.408][INFO]: Adding 'minecraft:crafting' recipe, of type: "mirroring shaped", with name: 'crafttweaker:long_knife' that outputs: '<item:apocalypsenow:long_knife>'
[18:00:04.408][INFO]: Removing 'crafting' recipes with output: 'com.blamejared.crafttweaker.api.item.MCItemStack@33109049'
[18:00:04.410][INFO]: Adding 'minecraft:crafting' recipe, of type: "mirroring shaped", with name: 'crafttweaker:throwableknife' that outputs: '<item:apocalypsenow:throwableknife>'
[18:00:04.410][INFO]: Removing 'crafting' recipes with output: 'com.blamejared.crafttweaker.api.item.MCItemStack@9b0f740a'
[18:00:04.412][INFO]: Adding 'minecraft:crafting' recipe, of type: "mirroring shaped", with name: 'crafttweaker:letter_opener' that outputs: '<item:apocalypsenow:letter_opener>'
[18:00:04.412][INFO]: Removing 'crafting' recipes with output: 'com.blamejared.crafttweaker.api.item.MCItemStack@e4f99770'
[18:00:04.413][INFO]: Adding 'minecraft:crafting' recipe, of type: "mirroring shaped", with name: 'crafttweaker:bread_knife' that outputs: '<item:apocalypsenow:bread_knife>'
[18:00:04.414][INFO]: Removing 'crafting' recipes with output: 'com.blamejared.crafttweaker.api.item.MCItemStack@1dfa0208'
[18:00:04.415][INFO]: Adding 'minecraft:crafting' recipe, of type: "mirroring shaped", with name: 'crafttweaker:butterfly_knife' that outputs: '<item:apocalypsenow:butterfly_knife>'
[18:00:04.415][INFO]: Removing 'crafting' recipes with output: 'com.blamejared.crafttweaker.api.item.MCItemStack@2242887e'
[18:00:04.417][INFO]: Adding 'minecraft:crafting' recipe, of type: "mirroring shaped", with name: 'crafttweaker:stilettoknife' that outputs: '<item:apocalypsenow:stilettoknife>'
[18:00:04.417][INFO]: Removing 'crafting' recipes with output: 'com.blamejared.crafttweaker.api.item.MCItemStack@1f78789'
[18:00:04.419][INFO]: Adding 'minecraft:crafting' recipe, of type: "mirroring shaped", with name: 'crafttweaker:expedition_knife' that outputs: '<item:apocalypsenow:expedition_knife>'
[18:00:04.419][INFO]: Removing 'crafting' recipes with output: 'com.blamejared.crafttweaker.api.item.MCItemStack@686ef96f'
[18:00:04.421][INFO]: Adding 'minecraft:crafting' recipe, of type: "mirroring shaped", with name: 'crafttweaker:bayonet' that outputs: '<item:apocalypsenow:bayonet>'
[18:00:04.421][INFO]: Removing 'crafting' recipes with output: 'com.blamejared.crafttweaker.api.item.MCItemStack@8f75e10d'
[18:00:04.423][INFO]: Adding 'minecraft:crafting' recipe, of type: "mirroring shaped", with name: 'crafttweaker:tactical_knife' that outputs: '<item:apocalypsenow:tactical_knife>'
[18:00:04.423][INFO]: Removing 'crafting' recipes with output: 'com.blamejared.crafttweaker.api.item.MCItemStack@53c066e2'
[18:00:04.426][INFO]: Adding 'minecraft:crafting' recipe, of type: "mirroring shaped", with name: 'crafttweaker:mace' that outputs: '<item:apocalypsenow:mace>'
[18:00:04.426][INFO]: Removing 'crafting' recipes with output: 'com.blamejared.crafttweaker.api.item.MCItemStack@2d543dbd'
[18:00:04.428][INFO]: Adding 'minecraft:crafting' recipe, of type: "mirroring shaped", with name: 'crafttweaker:tatical_mace' that outputs: '<item:apocalypsenow:tatical_mace>'
[18:00:04.428][INFO]: Removing 'crafting' recipes with output: 'com.blamejared.crafttweaker.api.item.MCItemStack@8188f2e9'
[18:00:04.430][INFO]: Adding 'minecraft:crafting' recipe, of type: "shapeless", with name: 'crafttweaker:electrical_tactical_mace' that outputs: '<item:apocalypsenow:electrical_tactical_mace>'
[18:00:04.431][INFO]: Removing 'crafting' recipes with output: 'com.blamejared.crafttweaker.api.item.MCItemStack@7afda925'
[18:00:04.433][INFO]: Adding 'minecraft:crafting' recipe, of type: "mirroring shaped", with name: 'crafttweaker:meat_hammer' that outputs: '<item:apocalypsenow:meat_hammer>'
[18:00:04.434][INFO]: Removing 'crafting' recipes with output: 'com.blamejared.crafttweaker.api.item.MCItemStack@1dcb2ff'
[18:00:04.438][INFO]: Adding 'minecraft:crafting' recipe, of type: "mirroring shaped", with name: 'crafttweaker:improvised_hammer' that outputs: '<item:apocalypsenow:improvised_hammer>'
[18:00:04.438][INFO]: Removing 'crafting' recipes with output: 'com.blamejared.crafttweaker.api.item.MCItemStack@c951e1b4'
[18:00:04.441][INFO]: Adding 'minecraft:crafting' recipe, of type: "mirroring shaped", with name: 'crafttweaker:premium_hammer' that outputs: '<item:apocalypsenow:premium_hammer>'
[18:00:04.441][INFO]: Removing 'crafting' recipes with output: 'com.blamejared.crafttweaker.api.item.MCItemStack@3574b81c'
[18:00:04.444][INFO]: Adding 'minecraft:crafting' recipe, of type: "mirroring shaped", with name: 'crafttweaker:ballpeen_hammer' that outputs: '<item:apocalypsenow:ballpeen_hammer>'
[18:00:04.444][INFO]: Removing 'crafting' recipes with output: 'com.blamejared.crafttweaker.api.item.MCItemStack@c29d44bb'
[18:00:04.447][INFO]: Adding 'minecraft:crafting' recipe, of type: "mirroring shaped", with name: 'crafttweaker:rubber_hammer' that outputs: '<item:apocalypsenow:rubber_hammer>'
[18:00:04.447][INFO]: Removing 'crafting' recipes with output: 'com.blamejared.crafttweaker.api.item.MCItemStack@a4ea7959'
[18:00:04.451][INFO]: Adding 'minecraft:crafting' recipe, of type: "mirroring shaped", with name: 'crafttweaker:construction_shovel' that outputs: '<item:apocalypsenow:construction_shovel>'
[18:00:04.452][INFO]: Removing 'crafting' recipes with output: 'com.blamejared.crafttweaker.api.item.MCItemStack@4326407d'
[18:00:04.460][INFO]: Adding 'minecraft:crafting' recipe, of type: "mirroring shaped", with name: 'crafttweaker:military_shovel' that outputs: '<item:apocalypsenow:military_shovel>'
[18:00:04.460][INFO]: Removing 'crafting' recipes with output: 'com.blamejared.crafttweaker.api.item.MCItemStack@50e92799'
[18:00:04.465][INFO]: Adding 'minecraft:crafting' recipe, of type: "mirroring shaped", with name: 'crafttweaker:snow_shovel' that outputs: '<item:apocalypsenow:snow_shovel>'
[18:00:04.465][INFO]: Removing 'crafting' recipes with output: 'com.blamejared.crafttweaker.api.item.MCItemStack@3ce626f4'
[18:00:04.470][INFO]: Adding 'minecraft:crafting' recipe, of type: "mirroring shaped", with name: 'crafttweaker:garden_fork' that outputs: '<item:apocalypsenow:garden_fork>'
[18:00:04.470][INFO]: Removing 'crafting' recipes with output: 'com.blamejared.crafttweaker.api.item.MCItemStack@6e114a4e'
[18:00:04.476][INFO]: Adding 'minecraft:crafting' recipe, of type: "mirroring shaped", with name: 'crafttweaker:knife_spear' that outputs: '<item:apocalypsenow:knife_spear>'
[18:00:04.476][INFO]: Removing 'crafting' recipes with output: 'com.blamejared.crafttweaker.api.item.MCItemStack@79a0f6e7'
[18:00:04.481][INFO]: Adding 'minecraft:crafting' recipe, of type: "mirroring shaped", with name: 'crafttweaker:spear' that outputs: '<item:apocalypsenow:spear>'
[18:00:04.481][INFO]: Removing 'crafting' recipes with output: 'com.blamejared.crafttweaker.api.item.MCItemStack@ea555ce7'
[18:00:04.484][INFO]: Adding 'minecraft:crafting' recipe, of type: "mirroring shaped", with name: 'crafttweaker:wooden_spear' that outputs: '<item:apocalypsenow:woddenspear>'
[18:00:04.484][INFO]: Removing 'crafting' recipes with output: 'com.blamejared.crafttweaker.api.item.MCItemStack@ef6bb78'
[18:00:04.487][INFO]: Adding 'minecraft:crafting' recipe, of type: "mirroring shaped", with name: 'crafttweaker:pipe' that outputs: '<item:apocalypsenow:pipe>'
[18:00:04.487][INFO]: Removing 'crafting' recipes with output: 'com.blamejared.crafttweaker.api.item.MCItemStack@119983c2'
[18:00:04.490][INFO]: Adding 'minecraft:crafting' recipe, of type: "mirroring shaped", with name: 'crafttweaker:night_stick' that outputs: '<item:apocalypsenow:night_stick>'
[18:00:04.490][INFO]: Removing 'crafting' recipes with output: 'com.blamejared.crafttweaker.api.item.MCItemStack@4521619'
[18:00:04.493][INFO]: Adding 'minecraft:crafting' recipe, of type: "mirroring shaped", with name: 'crafttweaker:electric_baton' that outputs: '<item:apocalypsenow:electric_baton>'
[18:00:04.493][INFO]: Removing 'crafting' recipes with output: 'com.blamejared.crafttweaker.api.item.MCItemStack@9cf17f2'
[18:00:04.495][INFO]: Adding 'minecraft:crafting' recipe, of type: "mirroring shaped", with name: 'crafttweaker:scissors' that outputs: '<item:apocalypsenow:scissors>'
[18:00:04.495][INFO]: Removing 'crafting' recipes with output: 'com.blamejared.crafttweaker.api.item.MCItemStack@91555c90'
[18:00:04.498][INFO]: Adding 'minecraft:crafting' recipe, of type: "mirroring shaped", with name: 'crafttweaker:scissorst' that outputs: '<item:apocalypsenow:scissorst>'
[18:00:04.498][INFO]: Removing 'crafting' recipes with output: 'com.blamejared.crafttweaker.api.item.MCItemStack@b4ac54de'
[18:00:04.500][INFO]: Adding 'minecraft:crafting' recipe, of type: "mirroring shaped", with name: 'crafttweaker:crowbar' that outputs: '<item:apocalypsenow:crowbar>'
[18:00:04.500][INFO]: Removing 'crafting' recipes with output: 'com.blamejared.crafttweaker.api.item.MCItemStack@8cbc9618'
[18:00:04.503][INFO]: Adding 'minecraft:crafting' recipe, of type: "mirroring shaped", with name: 'crafttweaker:red_crowbar' that outputs: '<item:apocalypsenow:red_crowbar>'
[18:00:04.503][INFO]: Removing 'crafting' recipes with output: 'com.blamejared.crafttweaker.api.item.MCItemStack@93ca6009'
[18:00:04.505][INFO]: Adding 'minecraft:crafting' recipe, of type: "mirroring shaped", with name: 'crafttweaker:road_sign' that outputs: '<item:apocalypsenow:road_sign>'
[18:00:04.505][INFO]: Removing 'crafting' recipes with output: 'com.blamejared.crafttweaker.api.item.MCItemStack@9a02e15e'
[18:00:04.508][INFO]: Adding 'minecraft:crafting' recipe, of type: "mirroring shaped", with name: 'crafttweaker:saw_pole' that outputs: '<item:apocalypsenow:saw_pole>'
[18:00:04.508][INFO]: Removing 'crafting' recipes with output: 'com.blamejared.crafttweaker.api.item.MCItemStack@7262d3a2'
[18:00:04.510][INFO]: Adding 'minecraft:crafting' recipe, of type: "mirroring shaped", with name: 'crafttweaker:hookey_stick' that outputs: '<item:apocalypsenow:hookey_stick>'
[18:00:04.510][INFO]: Removing 'crafting' recipes with output: 'com.blamejared.crafttweaker.api.item.MCItemStack@45963b2e'
[18:00:04.513][INFO]: Adding 'minecraft:crafting' recipe, of type: "mirroring shaped", with name: 'crafttweaker:golf_stick' that outputs: '<item:apocalypsenow:golf_stick>'
[18:00:04.513][INFO]: Removing 'crafting' recipes with output: 'com.blamejared.crafttweaker.api.item.MCItemStack@7028534e'
[18:00:04.516][INFO]: Adding 'minecraft:crafting' recipe, of type: "mirroring shaped", with name: 'crafttweaker:cleaver' that outputs: '<item:apocalypsenow:cleaver>'
[18:00:04.516][INFO]: Removing 'crafting' recipes with output: 'com.blamejared.crafttweaker.api.item.MCItemStack@7028534e'
[18:00:04.519][INFO]: Adding 'minecraft:crafting' recipe, of type: "mirroring shaped", with name: 'crafttweaker:cleaver' that outputs: '<item:apocalypsenow:cleaver>'
[18:00:04.519][INFO]: Removing 'crafting' recipes with output: 'com.blamejared.crafttweaker.api.item.MCItemStack@b5668237'
[18:00:04.521][INFO]: Adding 'minecraft:crafting' recipe, of type: "mirroring shaped", with name: 'crafttweaker:pipe_wrench' that outputs: '<item:apocalypsenow:pipe_wrench>'
[18:00:04.521][INFO]: Removing 'crafting' recipes with output: 'com.blamejared.crafttweaker.api.item.MCItemStack@b9bf2190'
[18:00:04.524][INFO]: Adding 'minecraft:crafting' recipe, of type: "mirroring shaped", with name: 'crafttweaker:dagger' that outputs: '<item:apocalypsenow:dagger>'
[18:00:04.524][INFO]: Removing 'crafting' recipes with output: 'com.blamejared.crafttweaker.api.item.MCItemStack@ab7f96db'
[18:00:04.527][INFO]: Adding 'minecraft:crafting' recipe, of type: "mirroring shaped", with name: 'crafttweaker:sai' that outputs: '<item:apocalypsenow:sai>'
[18:00:04.527][INFO]: Removing 'crafting' recipes with output: 'com.blamejared.crafttweaker.api.item.MCItemStack@fea2b094'
[18:00:04.530][INFO]: Adding 'minecraft:crafting' recipe, of type: "mirroring shaped", with name: 'crafttweaker:scythe' that outputs: '<item:apocalypsenow:scythe>'
[18:00:04.530][INFO]: Removing 'crafting' recipes with output: 'com.blamejared.crafttweaker.api.item.MCItemStack@9ec1344'
[18:00:04.533][INFO]: Adding 'minecraft:crafting' recipe, of type: "mirroring shaped", with name: 'crafttweaker:gardening_scissors' that outputs: '<item:apocalypsenow:gardening_scissors>'
[18:00:04.533][INFO]: Removing 'crafting' recipes with output: 'com.blamejared.crafttweaker.api.item.MCItemStack@b801946c'
[18:00:04.536][INFO]: Adding 'minecraft:crafting' recipe, of type: "mirroring shaped", with name: 'crafttweaker:shuriken' that outputs: '<item:apocalypsenow:shuriken>'
[18:00:04.536][INFO]: Removing 'crafting' recipes with output: 'com.blamejared.crafttweaker.api.item.MCItemStack@a7e71359'
[18:00:04.538][INFO]: Adding 'minecraft:crafting' recipe, of type: "mirroring shaped", with name: 'crafttweaker:shiv' that outputs: '<item:apocalypsenow:shiv>'
[18:00:04.538][INFO]: Removing 'crafting' recipes with output: 'com.blamejared.crafttweaker.api.item.MCItemStack@614bb2e5'
[18:00:04.541][INFO]: Adding 'minecraft:crafting' recipe, of type: "mirroring shaped", with name: 'crafttweaker:plunger' that outputs: '<item:apocalypsenow:plunger>'
[18:00:04.541][INFO]: Removing 'crafting' recipes with output: 'com.blamejared.crafttweaker.api.item.MCItemStack@8e62c8d1'
[18:00:04.544][INFO]: Adding 'minecraft:crafting' recipe, of type: "mirroring shaped", with name: 'crafttweaker:karambit' that outputs: '<item:apocalypsenow:karambit>'
[18:00:04.544][INFO]: Removing 'crafting' recipes with output: 'com.blamejared.crafttweaker.api.item.MCItemStack@4c1107e4'
[18:00:04.546][INFO]: Adding 'minecraft:crafting' recipe, of type: "mirroring shaped", with name: 'crafttweaker:gardening_spade' that outputs: '<item:apocalypsenow:gardening_spade>'
[18:00:04.546][INFO]: Removing 'crafting' recipes with output: 'com.blamejared.crafttweaker.api.item.MCItemStack@edb6562'
[18:00:04.549][INFO]: Adding 'minecraft:crafting' recipe, of type: "mirroring shaped", with name: 'crafttweaker:dumbbell' that outputs: '<item:apocalypsenow:dumbbell>'
[18:00:04.549][INFO]: Removing 'crafting' recipes with output: 'com.blamejared.crafttweaker.api.item.MCItemStack@b2bc04f7'
[18:00:04.551][INFO]: Adding 'minecraft:crafting' recipe, of type: "shaped", with name: 'crafttweaker:tactical_sword' that outputs: '<item:apocalypsenow:tactical_sword>'
[18:00:04.551][INFO]: Removing 'crafting' recipes with output: 'com.blamejared.crafttweaker.api.item.MCItemStack@752b06c3'
[18:00:04.554][INFO]: Adding 'create:mechanical_crafting' recipe, with name: 'crafttweaker:katana' that outputs: '<item:apocalypsenow:katana>'
[18:00:04.554][INFO]: Removing 'minecraft:crafting' recipe(s) with name(s): '[minecraft:diamond_sword]'
[18:00:04.555][INFO]: Adding 'minecraft:crafting' recipe, of type: "shaped", with name: 'crafttweaker:diamond_sword' that outputs: '<item:minecraft:diamond_sword>'
[18:00:04.555][INFO]: Removing 'minecraft:crafting' recipe(s) with name(s): '[create_sa:brass_sword_recipe]'
[18:00:04.556][INFO]: Adding 'minecraft:crafting' recipe, of type: "shaped", with name: 'crafttweaker:brass_sword' that outputs: '<item:create_sa:brass_sword>'
[18:00:04.556][INFO]: Removing 'minecraft:smithing' recipe(s) with name(s): '[minecraft:netherite_sword_smithing]'
[18:00:04.557][INFO]: Adding 'minecraft:crafting' recipe, of type: "shaped", with name: 'crafttweaker:netherite_sword' that outputs: '<item:minecraft:netherite_sword>'
[18:00:04.557][INFO]: Removing 'create:mechanical_crafting' recipe(s) with name(s): '[create_sa:rose_quartz_sword_recipe]'
[18:00:04.558][INFO]: Adding 'minecraft:crafting' recipe, of type: "shaped", with name: 'crafttweaker:rose_quartz_sword' that outputs: '<item:create_sa:rose_quartz_sword>'
[18:00:04.558][INFO]: Removing 'minecraft:smithing' recipe(s) with name(s): '[minecraft:netherite_shovel_smithing]'
[18:00:04.558][INFO]: Adding 'minecraft:crafting' recipe, of type: "shaped", with name: 'crafttweaker:netherite_shovel' that outputs: '<item:minecraft:netherite_shovel>'
[18:00:04.558][INFO]: Removing 'minecraft:smithing' recipe(s) with name(s): '[minecraft:netherite_pickaxe_smithing]'
[18:00:04.559][INFO]: Adding 'minecraft:crafting' recipe, of type: "shaped", with name: 'crafttweaker:netherite_pickaxe' that outputs: '<item:minecraft:netherite_pickaxe>'
[18:00:04.559][INFO]: Removing 'minecraft:smithing' recipe(s) with name(s): '[minecraft:netherite_axe_smithing]'
[18:00:04.560][INFO]: Adding 'minecraft:crafting' recipe, of type: "shaped", with name: 'crafttweaker:netherite_axe' that outputs: '<item:minecraft:netherite_axe>'
[18:00:04.560][INFO]: Removing 'minecraft:smithing' recipe(s) with name(s): '[minecraft:netherite_hoe_smithing]'
[18:00:04.560][INFO]: Adding 'minecraft:crafting' recipe, of type: "shaped", with name: 'crafttweaker:netherite_hoe' that outputs: '<item:minecraft:netherite_hoe>'
[18:00:04.560][INFO]: Removing 'minecraft:smithing' recipe(s) with name(s): '[crossbowverhaul:crossbow_netherite]'
[18:00:04.561][INFO]: Adding 'minecraft:crafting' recipe, of type: "shaped", with name: 'crafttweaker:crossbow_netherite' that outputs: '<item:crossbowverhaul:crossbow_netherite>'
[18:00:04.561][INFO]: Removing 'minecraft:smithing' recipe(s) with name(s): '[crossbowverhaul:bolt_netherite]'
[18:00:04.561][INFO]: Adding 'minecraft:crafting' recipe, of type: "mirroring shaped", with name: 'crafttweaker:bolt_netherite' that outputs: '<item:crossbowverhaul:bolt_netherite>'
[18:00:04.561][INFO]: Removing 'minecraft:crafting' recipe(s) with name(s): '[crossbowverhaul:bolt_explosive]'
[18:00:04.562][INFO]: Adding 'minecraft:crafting' recipe, of type: "mirroring shaped", with name: 'crafttweaker:bolt_explosive' that outputs: '<item:crossbowverhaul:bolt_explosive>'
[18:00:04.562][INFO]: Removing 'create:mechanical_crafting' recipe(s) with name(s): '[create_sa:rose_quartz_pickaxe_recipe]'
[18:00:04.563][INFO]: Adding 'create:mechanical_crafting' recipe, with name: 'crafttweaker:rose_quartz_pickaxe' that outputs: '<item:create_sa:rose_quartz_pickaxe>'
[18:00:04.563][INFO]: Removing 'create:mechanical_crafting' recipe(s) with name(s): '[create_sa:rose_quartz_axe_recipe]'
[18:00:04.564][INFO]: Adding 'create:mechanical_crafting' recipe, with name: 'crafttweaker:rose_quartz_axe' that outputs: '<item:create_sa:rose_quartz_axe>'
[18:00:04.564][INFO]: Removing 'create:mechanical_crafting' recipe(s) with name(s): '[create_sa:rose_quartz_shovel_recipe]'
[18:00:04.564][INFO]: Adding 'create:mechanical_crafting' recipe, with name: 'crafttweaker:rose_quartz_shovel' that outputs: '<item:create_sa:rose_quartz_shovel>'
[18:00:04.564][INFO]: Removing 'minecraft:smithing' recipe(s) with name(s): '[farmersdelight:netherite_knife_smithing]'
[18:00:04.564][INFO]: Adding 'minecraft:crafting' recipe, of type: "shaped", with name: 'crafttweaker:netherite_knife' that outputs: '<item:farmersdelight:netherite_knife>'
[18:00:04.569][INFO]: Batching replacement for recipes from mods {createaddition} according to replacement rules {Replacing stacks <item:create_sa:zinc_handle> --> <tag:items:forge:rods/aluminum>} (Warnings are suppressed for this batch replacement)
[18:00:04.585][INFO]: Batch replacement completed
[18:00:04.587][INFO]: Registering new items tag with name <tag:items:forge:modern_materials>
[18:00:04.588][INFO]: Adding: [minecraft:iron_ingot] to tag: <tag:items:forge:modern_materials>
[18:00:04.588][INFO]: Adding: [minecraft:copper_ingot] to tag: <tag:items:forge:modern_materials>
[18:00:04.588][INFO]: Removing 'crafting' recipes with output: 'com.blamejared.crafttweaker.api.item.MCItemStack@c6684ff'
[18:00:04.595][INFO]: Adding 'minecraft:crafting' recipe, of type: "shapeless", with name: 'crafttweaker:an_money' that outputs: '<item:apocalypsenow:money> * 9'
[18:00:04.595][INFO]: Adding 'create:sequenced_assembly' recipe, with name: 'crafttweaker:sequenced_assembly/an_money_assembly' that outputs: '<item:apocalypsenow:money>'
[18:00:04.595][INFO]: Removing 'minecraft:crafting' recipe(s) with name(s): '[apocalypsenow:ventblockrecipe]'
[18:00:04.596][INFO]: Adding 'minecraft:crafting' recipe, of type: "shaped", with name: 'crafttweaker:ventblock' that outputs: '<item:apocalypsenow:ventblock>'
[18:00:04.596][INFO]: Removing 'minecraft:crafting' recipe(s) with name(s): '[apocalypsenow:corpsesackrecipe]'
[18:00:04.596][INFO]: Adding 'minecraft:crafting' recipe, of type: "shaped", with name: 'crafttweaker:corpsesack' that outputs: '<item:apocalypsenow:corpsesack>'
[18:00:04.596][INFO]: Removing 'crafting' recipes with output: 'com.blamejared.crafttweaker.api.item.MCItemStack@2681c895'
[18:00:04.602][INFO]: Adding 'minecraft:crafting' recipe, of type: "shaped", with name: 'crafttweaker:medicalkit' that outputs: '<item:apocalypsenow:medicalkit>'
[18:00:04.602][INFO]: Removing 'crafting' recipes with output: 'com.blamejared.crafttweaker.api.item.MCItemStack@28341e74'
[18:00:04.607][INFO]: Adding 'minecraft:crafting' recipe, of type: "shaped", with name: 'crafttweaker:suturekit' that outputs: '<item:apocalypsenow:suturekit>'
[18:00:04.607][INFO]: Removing 'crafting' recipes with output: 'com.blamejared.crafttweaker.api.item.MCItemStack@120af3d8'
[18:00:04.613][INFO]: Adding 'minecraft:crafting' recipe, of type: "mirroring shaped", with name: 'crafttweaker:emptybloodbag' that outputs: '<item:apocalypsenow:emptybloodbag>'
[18:00:04.613][INFO]: Removing 'crafting' recipes with output: 'com.blamejared.crafttweaker.api.item.MCItemStack@cfa640b3'
[18:00:04.616][INFO]: Adding 'minecraft:crafting' recipe, of type: "mirroring shaped", with name: 'crafttweaker:concret_barrier' that outputs: '<item:apocalypsenow:concret_barrier> * 3'
[18:00:04.616][INFO]: Adding 'minecraft:crafting' recipe, of type: "mirroring shaped", with name: 'crafttweaker:concrete_bricks' that outputs: '<item:apocalypsenow:concrete_bricks> * 4'
[18:00:04.617][INFO]: Adding 'minecraft:crafting' recipe, of type: "mirroring shaped", with name: 'crafttweaker:concrete_lined_barrier' that outputs: '<item:apocalypsenow:lined_concrete_barrier> * 3'
[18:00:04.617][INFO]: Removing 'crafting' recipes with output: 'com.blamejared.crafttweaker.api.item.MCItemStack@4dc18dd6'
[18:00:04.620][INFO]: Adding 'minecraft:crafting' recipe, of type: "shaped", with name: 'crafttweaker:cardboard_box' that outputs: '<item:apocalypsenow:cardboard_box>'
[18:00:04.620][INFO]: Removing 'crafting' recipes with output: 'com.blamejared.crafttweaker.api.item.MCItemStack@6b16e816'
[18:00:04.623][INFO]: Adding 'minecraft:crafting' recipe, of type: "mirroring shaped", with name: 'crafttweaker:nail_box' that outputs: '<item:apocalypsenow:nailbox>'
[18:00:04.623][INFO]: Removing 'crafting' recipes with output: 'com.blamejared.crafttweaker.api.item.MCItemStack@cf134677'
[18:00:04.625][INFO]: Adding 'minecraft:crafting' recipe, of type: "mirroring shaped", with name: 'crafttweaker:iron_window' that outputs: '<item:apocalypsenow:iron_window> * 4'
[18:00:04.625][INFO]: Removing 'crafting' recipes with output: 'com.blamejared.crafttweaker.api.item.MCItemStack@a058420a'
[18:00:04.628][INFO]: Adding 'minecraft:crafting' recipe, of type: "shaped", with name: 'crafttweaker:barbed_wire' that outputs: '<item:apocalypsenow:barbed_wire> * 3'
[18:00:04.628][INFO]: Removing 'crafting' recipes with output: 'com.blamejared.crafttweaker.api.item.MCItemStack@995531a6'
[18:00:04.631][INFO]: Adding 'minecraft:crafting' recipe, of type: "shaped", with name: 'crafttweaker:nail_bomb' that outputs: '<item:apocalypsenow:nail_bomb>'
[18:00:04.631][INFO]: Removing 'crafting' recipes with output: 'com.blamejared.crafttweaker.api.item.MCItemStack@6f95b86c'
[18:00:04.633][INFO]: Adding 'minecraft:crafting' recipe, of type: "mirroring shaped", with name: 'crafttweaker:improvised_bomb' that outputs: '<item:apocalypsenow:improvisedbomb>'
[18:00:04.633][INFO]: Removing 'crafting' recipes with output: 'com.blamejared.crafttweaker.api.item.MCItemStack@c0ddc33'
[18:00:04.634][INFO]: Adding 'minecraft:crafting' recipe, of type: "mirroring shaped", with name: 'crafttweaker:gunpowder_can' that outputs: '<item:apocalypsenow:gunpowder_can>'
[18:00:04.634][INFO]: Removing 'crafting' recipes with output: 'com.blamejared.crafttweaker.api.item.MCItemStack@a6aa8a2d'
[18:00:04.636][INFO]: Adding 'minecraft:crafting' recipe, of type: "mirroring shaped", with name: 'crafttweaker:pipe_bomb' that outputs: '<item:apocalypsenow:pipe_bomb>'
[18:00:04.636][INFO]: Removing 'crafting' recipes with output: 'com.blamejared.crafttweaker.api.item.MCItemStack@b646d6d6'
[18:00:04.637][INFO]: Adding 'minecraft:crafting' recipe, of type: "mirroring shaped", with name: 'crafttweaker:can_opener' that outputs: '<item:apocalypsenow:can_opener>'
[18:00:04.637][INFO]: Removing 'crafting' recipes with output: 'com.blamejared.crafttweaker.api.item.MCItemStack@ce296229'
[18:00:04.639][INFO]: Adding 'minecraft:crafting' recipe, of type: "shaped", with name: 'crafttweaker:reinforced_log' that outputs: '<item:apocalypsenow:log_with_stone>'
[18:00:04.639][INFO]: Removing 'crafting' recipes with output: 'com.blamejared.crafttweaker.api.item.MCItemStack@8e4a377f'
[18:00:04.641][INFO]: Adding 'minecraft:crafting' recipe, of type: "shaped", with name: 'crafttweaker:land_mine' that outputs: '<item:apocalypsenow:land_mine>'
[18:00:04.641][INFO]: Removing 'crafting' recipes with output: 'com.blamejared.crafttweaker.api.item.MCItemStack@282674a9'
[18:00:04.643][INFO]: Adding 'minecraft:crafting' recipe, of type: "shaped", with name: 'crafttweaker:tripwire_bomb' that outputs: '<item:apocalypsenow:tripwire_bomb>'
[18:00:04.643][INFO]: Removing 'crafting' recipes with output: 'com.blamejared.crafttweaker.api.item.MCItemStack@596560d5'
[18:00:04.646][INFO]: Adding 'minecraft:crafting' recipe, of type: "shaped", with name: 'crafttweaker:planks_a' that outputs: '<item:apocalypsenow:planks_a>'
[18:00:04.646][INFO]: Removing 'crafting' recipes with output: 'com.blamejared.crafttweaker.api.item.MCItemStack@596560d5'
[18:00:04.648][INFO]: Adding 'minecraft:crafting' recipe, of type: "shaped", with name: 'crafttweaker:planks_a' that outputs: '<item:apocalypsenow:planks_a>'
[18:00:04.649][INFO]: Removing 'crafting' recipes with output: 'com.blamejared.crafttweaker.api.item.MCItemStack@9c0c19ef'
[18:00:04.651][INFO]: Adding 'minecraft:crafting' recipe, of type: "shaped", with name: 'crafttweaker:planks_b' that outputs: '<item:apocalypsenow:planksc>'
[18:00:04.651][INFO]: Removing 'crafting' recipes with output: 'com.blamejared.crafttweaker.api.item.MCItemStack@60058774'
[18:00:04.653][INFO]: Adding 'minecraft:crafting' recipe, of type: "shaped", with name: 'crafttweaker:planksb' that outputs: '<item:apocalypsenow:planksb>'
[18:00:04.653][INFO]: Removing 'crafting' recipes with output: 'com.blamejared.crafttweaker.api.item.MCItemStack@1e8e4562'
[18:00:04.656][INFO]: Adding 'minecraft:crafting' recipe, of type: "shaped", with name: 'crafttweaker:metal_bars' that outputs: '<item:apocalypsenow:metal_bars>'
[18:00:04.656][INFO]: Removing 'crafting' recipes with output: 'com.blamejared.crafttweaker.api.item.MCItemStack@f0498aee'
[18:00:04.660][INFO]: Adding 'minecraft:crafting' recipe, of type: "shaped", with name: 'crafttweaker:traffic_barricade' that outputs: '<item:apocalypsenow:traffic_barricade> * 3'
[18:00:04.660][INFO]: Removing 'crafting' recipes with output: 'com.blamejared.crafttweaker.api.item.MCItemStack@dff97e1d'
[18:00:04.663][INFO]: Adding 'minecraft:crafting' recipe, of type: "shaped", with name: 'crafttweaker:construction_barricade' that outputs: '<item:apocalypsenow:construction_barricade> * 3'
[18:00:04.663][INFO]: Removing 'crafting' recipes with output: 'com.blamejared.crafttweaker.api.item.MCItemStack@32bc31f4'
[18:00:04.666][INFO]: Adding 'minecraft:crafting' recipe, of type: "shaped", with name: 'crafttweaker:medical_storage' that outputs: '<item:apocalypsenow:medical_storage>'
[18:00:04.666][INFO]: Removing 'crafting' recipes with output: 'com.blamejared.crafttweaker.api.item.MCItemStack@47239dcc'
[18:00:04.669][INFO]: Adding 'minecraft:crafting' recipe, of type: "shaped", with name: 'crafttweaker:safe' that outputs: '<item:apocalypsenow:safe>'
[18:00:04.669][INFO]: Removing 'crafting' recipes with output: 'com.blamejared.crafttweaker.api.item.MCItemStack@35e76101'
[18:00:04.672][INFO]: Adding 'minecraft:crafting' recipe, of type: "shaped", with name: 'crafttweaker:sedexbox' that outputs: '<item:apocalypsenow:sedexbox>'
[18:00:04.673][INFO]: Removing 'crafting' recipes with output: 'com.blamejared.crafttweaker.api.item.MCItemStack@d28bd755'
[18:00:04.677][INFO]: Adding 'minecraft:crafting' recipe, of type: "shapeless", with name: 'crafttweaker:bomb_defusing_kit' that outputs: '<item:apocalypsenow:bomb_defusing_kit>'
[18:00:04.681][INFO]: Removing 'minecraft:crafting' recipe(s) with name(s): '[car:battery]'
[18:00:04.684][INFO]: Adding 'create:sequenced_assembly' recipe, with name: 'crafttweaker:sequenced_assembly/battery' that outputs: '<item:car:battery>'
[18:00:04.684][INFO]: Removing 'minecraft:crafting' recipe(s) with name(s): '[car:engine_piston]'
[18:00:04.685][INFO]: Adding 'create:sequenced_assembly' recipe, with name: 'crafttweaker:sequenced_assembly/engine_piston' that outputs: '<item:car:engine_piston>'
[18:00:04.686][INFO]: Removing 'minecraft:crafting' recipe(s) with name(s): '[car:engine_3_cylinder]'
[18:00:04.687][INFO]: Adding 'create:sequenced_assembly' recipe, with name: 'crafttweaker:sequenced_assembly/engine_3_cylinder' that outputs: '<item:car:engine_3_cylinder>'
[18:00:04.688][INFO]: Removing 'minecraft:crafting' recipe(s) with name(s): '[car:engine_6_cylinder]'
[18:00:04.690][INFO]: Adding 'create:sequenced_assembly' recipe, with name: 'crafttweaker:sequenced_assembly/engine_6_cylinder' that outputs: '<item:car:engine_6_cylinder>'
[18:00:04.691][INFO]: Removing 'minecraft:crafting' recipe(s) with name(s): '[car:engine_truck]'
[18:00:04.692][INFO]: Adding 'create:sequenced_assembly' recipe, with name: 'crafttweaker:sequenced_assembly/engine_truck' that outputs: '<item:car:engine_truck>'
[18:00:04.693][INFO]: Removing 'minecraft:crafting' recipe(s) with name(s): '[car:wheel]'
[18:00:04.693][INFO]: Adding 'create:sequenced_assembly' recipe, with name: 'crafttweaker:sequenced_assembly/wheel' that outputs: '<item:car:wheel>'
[18:00:04.693][INFO]: Removing 'minecraft:crafting' recipe(s) with name(s): '[car:big_wheel]'
[18:00:04.694][INFO]: Adding 'create:sequenced_assembly' recipe, with name: 'crafttweaker:sequenced_assembly/big_wheel' that outputs: '<item:car:big_wheel>'
[18:00:04.694][INFO]: Removing 'minecraft:crafting' recipe(s) with name(s): '[car:small_tank]'
[18:00:04.694][INFO]: Adding 'create:sequenced_assembly' recipe, with name: 'crafttweaker:sequenced_assembly/small_tank' that outputs: '<item:car:small_tank>'
[18:00:04.695][INFO]: Removing 'minecraft:crafting' recipe(s) with name(s): '[car:medium_tank]'
[18:00:04.695][INFO]: Adding 'create:sequenced_assembly' recipe, with name: 'crafttweaker:sequenced_assembly/medium_tank' that outputs: '<item:car:medium_tank>'
[18:00:04.695][INFO]: Removing 'minecraft:crafting' recipe(s) with name(s): '[car:large_tank]'
[18:00:04.696][INFO]: Adding 'create:sequenced_assembly' recipe, with name: 'crafttweaker:sequenced_assembly/large_tank' that outputs: '<item:car:large_tank>'
[18:00:04.696][INFO]: Removing 'minecraft:crafting' recipe(s) with name(s): '[car:canister]'
[18:00:04.697][INFO]: Adding 'minecraft:crafting' recipe, of type: "shaped", with name: 'crafttweaker:canister' that outputs: '<item:car:canister>'
[18:00:04.697][INFO]: Removing 'minecraft:crafting' recipe(s) with name(s): '[car:gas_station]'
[18:00:04.698][INFO]: Adding 'create:mechanical_crafting' recipe, with name: 'crafttweaker:gas_station' that outputs: '<item:car:gas_station>'
[18:00:04.698][INFO]: Removing 'minecraft:crafting' recipe(s) with name(s): '[car:oak_body]'
[18:00:04.700][INFO]: Adding 'create:mechanical_crafting' recipe, with name: 'crafttweaker:oak_body' that outputs: '<item:car:oak_body>'
[18:00:04.700][INFO]: Removing 'minecraft:crafting' recipe(s) with name(s): '[car:acacia_body]'
[18:00:04.701][INFO]: Adding 'create:mechanical_crafting' recipe, with name: 'crafttweaker:acacia_body' that outputs: '<item:car:acacia_body>'
[18:00:04.701][INFO]: Removing 'minecraft:crafting' recipe(s) with name(s): '[car:dark_oak_body]'
[18:00:04.701][INFO]: Adding 'create:mechanical_crafting' recipe, with name: 'crafttweaker:dark_oak_body' that outputs: '<item:car:dark_oak_body>'
[18:00:04.701][INFO]: Removing 'minecraft:crafting' recipe(s) with name(s): '[car:birch_body]'
[18:00:04.701][INFO]: Adding 'create:mechanical_crafting' recipe, with name: 'crafttweaker:birch_body' that outputs: '<item:car:birch_body>'
[18:00:04.702][INFO]: Removing 'minecraft:crafting' recipe(s) with name(s): '[car:jungle_body]'
[18:00:04.704][INFO]: Adding 'create:mechanical_crafting' recipe, with name: 'crafttweaker:jungle_body' that outputs: '<item:car:jungle_body>'
[18:00:04.704][INFO]: Removing 'minecraft:crafting' recipe(s) with name(s): '[car:spruce_body]'
[18:00:04.705][INFO]: Adding 'create:mechanical_crafting' recipe, with name: 'crafttweaker:spruce_body' that outputs: '<item:car:spruce_body>'
[18:00:04.705][INFO]: Removing 'minecraft:crafting' recipe(s) with name(s): '[car:crimson_body]'
[18:00:04.705][INFO]: Adding 'create:mechanical_crafting' recipe, with name: 'crafttweaker:crimson_body' that outputs: '<item:car:crimson_body>'
[18:00:04.705][INFO]: Removing 'minecraft:crafting' recipe(s) with name(s): '[car:warped_body]'
[18:00:04.706][INFO]: Adding 'create:mechanical_crafting' recipe, with name: 'crafttweaker:warped_body' that outputs: '<item:car:warped_body>'
[18:00:04.706][INFO]: Removing 'minecraft:crafting' recipe(s) with name(s): '[car:big_oak_body]'
[18:00:04.706][INFO]: Adding 'create:mechanical_crafting' recipe, with name: 'crafttweaker:big_oak_body' that outputs: '<item:car:big_oak_body>'
[18:00:04.706][INFO]: Removing 'minecraft:crafting' recipe(s) with name(s): '[car:big_acacia_body]'
[18:00:04.707][INFO]: Adding 'create:mechanical_crafting' recipe, with name: 'crafttweaker:big_acacia_body' that outputs: '<item:car:big_acacia_body>'
[18:00:04.707][INFO]: Removing 'minecraft:crafting' recipe(s) with name(s): '[car:big_dark_oak_body]'
[18:00:04.707][INFO]: Adding 'create:mechanical_crafting' recipe, with name: 'crafttweaker:big_dark_oak_body' that outputs: '<item:car:big_dark_oak_body>'
[18:00:04.707][INFO]: Removing 'minecraft:crafting' recipe(s) with name(s): '[car:big_birch_body]'
[18:00:04.708][INFO]: Adding 'create:mechanical_crafting' recipe, with name: 'crafttweaker:big_birch_body' that outputs: '<item:car:big_birch_body>'
[18:00:04.708][INFO]: Removing 'minecraft:crafting' recipe(s) with name(s): '[car:big_jungle_body]'
[18:00:04.708][INFO]: Adding 'create:mechanical_crafting' recipe, with name: 'crafttweaker:big_jungle_body' that outputs: '<item:car:big_jungle_body>'
[18:00:04.708][INFO]: Removing 'minecraft:crafting' recipe(s) with name(s): '[car:big_spruce_body]'
[18:00:04.709][INFO]: Adding 'create:mechanical_crafting' recipe, with name: 'crafttweaker:big_spruce_body' that outputs: '<item:car:big_spruce_body>'
[18:00:04.709][INFO]: Removing 'minecraft:crafting' recipe(s) with name(s): '[car:big_crimson_body]'
[18:00:04.709][INFO]: Adding 'create:mechanical_crafting' recipe, with name: 'crafttweaker:big_crimson_body' that outputs: '<item:car:big_crimson_body>'
[18:00:04.709][INFO]: Removing 'minecraft:crafting' recipe(s) with name(s): '[car:big_warped_body]'
[18:00:04.710][INFO]: Adding 'create:mechanical_crafting' recipe, with name: 'crafttweaker:big_warped_body' that outputs: '<item:car:big_warped_body>'
[18:00:04.710][INFO]: Removing 'minecraft:crafting' recipe(s) with name(s): '[car:black_transporter_body]'
[18:00:04.710][INFO]: Adding 'create:mechanical_crafting' recipe, with name: 'crafttweaker:black_transporter_body' that outputs: '<item:car:black_transporter_body>'
[18:00:04.711][INFO]: Removing 'minecraft:crafting' recipe(s) with name(s): '[car:white_transporter_body]'
[18:00:04.711][INFO]: Adding 'create:mechanical_crafting' recipe, with name: 'crafttweaker:white_transporter_body' that outputs: '<item:car:white_transporter_body>'
[18:00:04.711][INFO]: Removing 'minecraft:crafting' recipe(s) with name(s): '[car:blue_transporter_body]'
[18:00:04.712][INFO]: Adding 'create:mechanical_crafting' recipe, with name: 'crafttweaker:blue_transporter_body' that outputs: '<item:car:blue_transporter_body>'
[18:00:04.712][INFO]: Removing 'minecraft:crafting' recipe(s) with name(s): '[car:brown_transporter_body]'
[18:00:04.712][INFO]: Adding 'create:mechanical_crafting' recipe, with name: 'crafttweaker:brown_transporter_body' that outputs: '<item:car:brown_transporter_body>'
[18:00:04.712][INFO]: Removing 'minecraft:crafting' recipe(s) with name(s): '[car:cyan_transporter_body]'
[18:00:04.713][INFO]: Adding 'create:mechanical_crafting' recipe, with name: 'crafttweaker:cyan_transporter_body' that outputs: '<item:car:cyan_transporter_body>'
[18:00:04.713][INFO]: Removing 'minecraft:crafting' recipe(s) with name(s): '[car:gray_transporter_body]'
[18:00:04.713][INFO]: Adding 'create:mechanical_crafting' recipe, with name: 'crafttweaker:gray_transporter_body' that outputs: '<item:car:gray_transporter_body>'
[18:00:04.713][INFO]: Removing 'minecraft:crafting' recipe(s) with name(s): '[car:green_transporter_body]'
[18:00:04.714][INFO]: Adding 'create:mechanical_crafting' recipe, with name: 'crafttweaker:green_transporter_body' that outputs: '<item:car:green_transporter_body>'
[18:00:04.714][INFO]: Removing 'minecraft:crafting' recipe(s) with name(s): '[car:light_blue_transporter_body]'
[18:00:04.715][INFO]: Adding 'create:mechanical_crafting' recipe, with name: 'crafttweaker:light_blue_transporter_body' that outputs: '<item:car:light_blue_transporter_body>'
[18:00:04.715][INFO]: Removing 'minecraft:crafting' recipe(s) with name(s): '[car:lime_transporter_body]'
[18:00:04.716][INFO]: Adding 'create:mechanical_crafting' recipe, with name: 'crafttweaker:lime_transporter_body' that outputs: '<item:car:lime_transporter_body>'
[18:00:04.716][INFO]: Removing 'minecraft:crafting' recipe(s) with name(s): '[car:magenta_transporter_body]'
[18:00:04.716][INFO]: Adding 'create:mechanical_crafting' recipe, with name: 'crafttweaker:magenta_transporter_body' that outputs: '<item:car:magenta_transporter_body>'
[18:00:04.716][INFO]: Removing 'minecraft:crafting' recipe(s) with name(s): '[car:orange_transporter_body]'
[18:00:04.717][INFO]: Adding 'create:mechanical_crafting' recipe, with name: 'crafttweaker:orange_transporter_body' that outputs: '<item:car:orange_transporter_body>'
[18:00:04.717][INFO]: Removing 'minecraft:crafting' recipe(s) with name(s): '[car:pink_transporter_body]'
[18:00:04.717][INFO]: Adding 'create:mechanical_crafting' recipe, with name: 'crafttweaker:pink_transporter_body' that outputs: '<item:car:pink_transporter_body>'
[18:00:04.717][INFO]: Removing 'minecraft:crafting' recipe(s) with name(s): '[car:purple_transporter_body]'
[18:00:04.718][INFO]: Adding 'create:mechanical_crafting' recipe, with name: 'crafttweaker:purple_transporter_body' that outputs: '<item:car:purple_transporter_body>'
[18:00:04.718][INFO]: Removing 'minecraft:crafting' recipe(s) with name(s): '[car:red_transporter_body]'
[18:00:04.718][INFO]: Adding 'create:mechanical_crafting' recipe, with name: 'crafttweaker:red_transporter_body' that outputs: '<item:car:red_transporter_body>'
[18:00:04.718][INFO]: Removing 'minecraft:crafting' recipe(s) with name(s): '[car:light_gray_transporter_body]'
[18:00:04.719][INFO]: Adding 'create:mechanical_crafting' recipe, with name: 'crafttweaker:light_gray_transporter_body' that outputs: '<item:car:light_gray_transporter_body>'
[18:00:04.719][INFO]: Removing 'minecraft:crafting' recipe(s) with name(s): '[car:yellow_transporter_body]'
[18:00:04.719][INFO]: Adding 'create:mechanical_crafting' recipe, with name: 'crafttweaker:yellow_transporter_body' that outputs: '<item:car:yellow_transporter_body>'
[18:00:04.719][INFO]: Removing 'minecraft:crafting' recipe(s) with name(s): '[car:white_suv_body]'
[18:00:04.720][INFO]: Adding 'create:mechanical_crafting' recipe, with name: 'crafttweaker:white_suv_body' that outputs: '<item:car:white_suv_body>'
[18:00:04.720][INFO]: Removing 'minecraft:crafting' recipe(s) with name(s): '[car:black_suv_body]'
[18:00:04.720][INFO]: Adding 'create:mechanical_crafting' recipe, with name: 'crafttweaker:black_suv_body' that outputs: '<item:car:black_suv_body>'
[18:00:04.720][INFO]: Removing 'minecraft:crafting' recipe(s) with name(s): '[car:blue_suv_body]'
[18:00:04.721][INFO]: Adding 'create:mechanical_crafting' recipe, with name: 'crafttweaker:blue_suv_body' that outputs: '<item:car:blue_suv_body>'
[18:00:04.721][INFO]: Removing 'minecraft:crafting' recipe(s) with name(s): '[car:brown_suv_body]'
[18:00:04.721][INFO]: Adding 'create:mechanical_crafting' recipe, with name: 'crafttweaker:brown_suv_body' that outputs: '<item:car:brown_suv_body>'
[18:00:04.721][INFO]: Removing 'minecraft:crafting' recipe(s) with name(s): '[car:cyan_suv_body]'
[18:00:04.722][INFO]: Adding 'create:mechanical_crafting' recipe, with name: 'crafttweaker:cyan_suv_body' that outputs: '<item:car:cyan_suv_body>'
[18:00:04.722][INFO]: Removing 'minecraft:crafting' recipe(s) with name(s): '[car:gray_suv_body]'
[18:00:04.722][INFO]: Adding 'create:mechanical_crafting' recipe, with name: 'crafttweaker:gray_suv_body' that outputs: '<item:car:gray_suv_body>'
[18:00:04.722][INFO]: Removing 'minecraft:crafting' recipe(s) with name(s): '[car:green_suv_body]'
[18:00:04.723][INFO]: Adding 'create:mechanical_crafting' recipe, with name: 'crafttweaker:green_suv_body' that outputs: '<item:car:green_suv_body>'
[18:00:04.723][INFO]: Removing 'minecraft:crafting' recipe(s) with name(s): '[car:light_blue_suv_body]'
[18:00:04.723][INFO]: Adding 'create:mechanical_crafting' recipe, with name: 'crafttweaker:light_blue_suv_body' that outputs: '<item:car:light_blue_suv_body>'
[18:00:04.723][INFO]: Removing 'minecraft:crafting' recipe(s) with name(s): '[car:lime_suv_body]'
[18:00:04.724][INFO]: Adding 'create:mechanical_crafting' recipe, with name: 'crafttweaker:lime_suv_body' that outputs: '<item:car:lime_suv_body>'
[18:00:04.724][INFO]: Removing 'minecraft:crafting' recipe(s) with name(s): '[car:magenta_suv_body]'
[18:00:04.724][INFO]: Adding 'create:mechanical_crafting' recipe, with name: 'crafttweaker:magenta_suv_body' that outputs: '<item:car:magenta_suv_body>'
[18:00:04.724][INFO]: Removing 'minecraft:crafting' recipe(s) with name(s): '[car:orange_suv_body]'
[18:00:04.724][INFO]: Adding 'create:mechanical_crafting' recipe, with name: 'crafttweaker:orange_suv_body' that outputs: '<item:car:orange_suv_body>'
[18:00:04.724][INFO]: Removing 'minecraft:crafting' recipe(s) with name(s): '[car:pink_suv_body]'
[18:00:04.725][INFO]: Adding 'create:mechanical_crafting' recipe, with name: 'crafttweaker:pink_suv_body' that outputs: '<item:car:pink_suv_body>'
[18:00:04.725][INFO]: Removing 'minecraft:crafting' recipe(s) with name(s): '[car:purple_suv_body]'
[18:00:04.725][INFO]: Adding 'create:mechanical_crafting' recipe, with name: 'crafttweaker:purple_suv_body' that outputs: '<item:car:purple_suv_body>'
[18:00:04.725][INFO]: Removing 'minecraft:crafting' recipe(s) with name(s): '[car:red_suv_body]'
[18:00:04.726][INFO]: Adding 'create:mechanical_crafting' recipe, with name: 'crafttweaker:red_suv_body' that outputs: '<item:car:red_suv_body>'
[18:00:04.726][INFO]: Removing 'minecraft:crafting' recipe(s) with name(s): '[car:light_gray_suv_body]'
[18:00:04.726][INFO]: Adding 'create:mechanical_crafting' recipe, with name: 'crafttweaker:light_gray_suv_body' that outputs: '<item:car:light_gray_suv_body>'
[18:00:04.726][INFO]: Removing 'minecraft:crafting' recipe(s) with name(s): '[car:yellow_suv_body]'
[18:00:04.727][INFO]: Adding 'create:mechanical_crafting' recipe, with name: 'crafttweaker:yellow_suv_body' that outputs: '<item:car:yellow_suv_body>'
[18:00:04.727][INFO]: Removing 'minecraft:crafting' recipe(s) with name(s): '[car:white_sport_body]'
[18:00:04.728][INFO]: Adding 'create:mechanical_crafting' recipe, with name: 'crafttweaker:white_sport_body' that outputs: '<item:car:white_sport_body>'
[18:00:04.728][INFO]: Removing 'minecraft:crafting' recipe(s) with name(s): '[car:black_sport_body]'
[18:00:04.729][INFO]: Adding 'create:mechanical_crafting' recipe, with name: 'crafttweaker:black_sport_body' that outputs: '<item:car:black_sport_body>'
[18:00:04.729][INFO]: Removing 'minecraft:crafting' recipe(s) with name(s): '[car:blue_sport_body]'
[18:00:04.730][INFO]: Adding 'create:mechanical_crafting' recipe, with name: 'crafttweaker:blue_sport_body' that outputs: '<item:car:blue_sport_body>'
[18:00:04.730][INFO]: Removing 'minecraft:crafting' recipe(s) with name(s): '[car:brown_sport_body]'
[18:00:04.730][INFO]: Adding 'create:mechanical_crafting' recipe, with name: 'crafttweaker:brown_sport_body' that outputs: '<item:car:brown_sport_body>'
[18:00:04.730][INFO]: Removing 'minecraft:crafting' recipe(s) with name(s): '[car:cyan_sport_body]'
[18:00:04.731][INFO]: Adding 'create:mechanical_crafting' recipe, with name: 'crafttweaker:cyan_sport_body' that outputs: '<item:car:cyan_sport_body>'
[18:00:04.731][INFO]: Removing 'minecraft:crafting' recipe(s) with name(s): '[car:gray_sport_body]'
[18:00:04.731][INFO]: Adding 'create:mechanical_crafting' recipe, with name: 'crafttweaker:gray_sport_body' that outputs: '<item:car:gray_sport_body>'
[18:00:04.731][INFO]: Removing 'minecraft:crafting' recipe(s) with name(s): '[car:green_sport_body]'
[18:00:04.732][INFO]: Adding 'create:mechanical_crafting' recipe, with name: 'crafttweaker:green_sport_body' that outputs: '<item:car:green_sport_body>'
[18:00:04.732][INFO]: Removing 'minecraft:crafting' recipe(s) with name(s): '[car:light_blue_sport_body]'
[18:00:04.732][INFO]: Adding 'create:mechanical_crafting' recipe, with name: 'crafttweaker:light_blue_sport_body' that outputs: '<item:car:light_blue_sport_body>'
[18:00:04.732][INFO]: Removing 'minecraft:crafting' recipe(s) with name(s): '[car:lime_sport_body]'
[18:00:04.733][INFO]: Adding 'create:mechanical_crafting' recipe, with name: 'crafttweaker:lime_sport_body' that outputs: '<item:car:lime_sport_body>'
[18:00:04.733][INFO]: Removing 'minecraft:crafting' recipe(s) with name(s): '[car:magenta_sport_body]'
[18:00:04.733][INFO]: Adding 'create:mechanical_crafting' recipe, with name: 'crafttweaker:magenta_sport_body' that outputs: '<item:car:magenta_sport_body>'
[18:00:04.734][INFO]: Removing 'minecraft:crafting' recipe(s) with name(s): '[car:orange_sport_body]'
[18:00:04.734][INFO]: Adding 'create:mechanical_crafting' recipe, with name: 'crafttweaker:orange_sport_body' that outputs: '<item:car:orange_sport_body>'
[18:00:04.734][INFO]: Removing 'minecraft:crafting' recipe(s) with name(s): '[car:pink_sport_body]'
[18:00:04.734][INFO]: Adding 'create:mechanical_crafting' recipe, with name: 'crafttweaker:pink_sport_body' that outputs: '<item:car:pink_sport_body>'
[18:00:04.734][INFO]: Removing 'minecraft:crafting' recipe(s) with name(s): '[car:purple_sport_body]'
[18:00:04.735][INFO]: Adding 'create:mechanical_crafting' recipe, with name: 'crafttweaker:purple_sport_body' that outputs: '<item:car:purple_sport_body>'
[18:00:04.735][INFO]: Removing 'minecraft:crafting' recipe(s) with name(s): '[car:red_sport_body]'
[18:00:04.735][INFO]: Adding 'create:mechanical_crafting' recipe, with name: 'crafttweaker:red_sport_body' that outputs: '<item:car:red_sport_body>'
[18:00:04.735][INFO]: Removing 'minecraft:crafting' recipe(s) with name(s): '[car:light_gray_sport_body]'
[18:00:04.736][INFO]: Adding 'create:mechanical_crafting' recipe, with name: 'crafttweaker:light_gray_sport_body' that outputs: '<item:car:light_gray_sport_body>'
[18:00:04.736][INFO]: Removing 'minecraft:crafting' recipe(s) with name(s): '[car:yellow_sport_body]'
[18:00:04.736][INFO]: Adding 'create:mechanical_crafting' recipe, with name: 'crafttweaker:yellow_sport_body' that outputs: '<item:car:yellow_sport_body>'
[18:00:04.737][INFO]: Removing 'minecraft:crafting' recipe(s) with name(s): '[car:white_container]'
[18:00:04.738][INFO]: Adding 'minecraft:crafting' recipe, of type: "shaped", with name: 'crafttweaker:white_container' that outputs: '<item:car:white_container>'
[18:00:04.738][INFO]: Removing 'minecraft:crafting' recipe(s) with name(s): '[car:black_container]'
[18:00:04.738][INFO]: Adding 'minecraft:crafting' recipe, of type: "shaped", with name: 'crafttweaker:black_container' that outputs: '<item:car:black_container>'
[18:00:04.738][INFO]: Removing 'minecraft:crafting' recipe(s) with name(s): '[car:blue_container]'
[18:00:04.739][INFO]: Adding 'minecraft:crafting' recipe, of type: "shaped", with name: 'crafttweaker:blue_container' that outputs: '<item:car:blue_container>'
[18:00:04.739][INFO]: Removing 'minecraft:crafting' recipe(s) with name(s): '[car:brown_container]'
[18:00:04.740][INFO]: Adding 'minecraft:crafting' recipe, of type: "shaped", with name: 'crafttweaker:brown_container' that outputs: '<item:car:brown_container>'
[18:00:04.740][INFO]: Removing 'minecraft:crafting' recipe(s) with name(s): '[car:cyan_container]'
[18:00:04.741][INFO]: Adding 'minecraft:crafting' recipe, of type: "shaped", with name: 'crafttweaker:cyan_container' that outputs: '<item:car:cyan_container>'
[18:00:04.741][INFO]: Removing 'minecraft:crafting' recipe(s) with name(s): '[car:gray_container]'
[18:00:04.742][INFO]: Adding 'minecraft:crafting' recipe, of type: "shaped", with name: 'crafttweaker:gray_container' that outputs: '<item:car:gray_container>'
[18:00:04.742][INFO]: Removing 'minecraft:crafting' recipe(s) with name(s): '[car:green_container]'
[18:00:04.742][INFO]: Adding 'minecraft:crafting' recipe, of type: "shaped", with name: 'crafttweaker:green_container' that outputs: '<item:car:green_container>'
[18:00:04.743][INFO]: Removing 'minecraft:crafting' recipe(s) with name(s): '[car:light_blue_container]'
[18:00:04.743][INFO]: Adding 'minecraft:crafting' recipe, of type: "shaped", with name: 'crafttweaker:light_blue_container' that outputs: '<item:car:light_blue_container>'
[18:00:04.743][INFO]: Removing 'minecraft:crafting' recipe(s) with name(s): '[car:lime_container]'
[18:00:04.744][INFO]: Adding 'minecraft:crafting' recipe, of type: "shaped", with name: 'crafttweaker:lime_container' that outputs: '<item:car:lime_container>'
[18:00:04.744][INFO]: Removing 'minecraft:crafting' recipe(s) with name(s): '[car:magenta_container]'
[18:00:04.745][INFO]: Adding 'minecraft:crafting' recipe, of type: "shaped", with name: 'crafttweaker:magenta_container' that outputs: '<item:car:magenta_container>'
[18:00:04.745][INFO]: Removing 'minecraft:crafting' recipe(s) with name(s): '[car:orange_container]'
[18:00:04.745][INFO]: Adding 'minecraft:crafting' recipe, of type: "shaped", with name: 'crafttweaker:orange_container' that outputs: '<item:car:orange_container>'
[18:00:04.746][INFO]: Removing 'minecraft:crafting' recipe(s) with name(s): '[car:pink_container]'
[18:00:04.746][INFO]: Adding 'minecraft:crafting' recipe, of type: "shaped", with name: 'crafttweaker:pink_container' that outputs: '<item:car:pink_container>'
[18:00:04.746][INFO]: Removing 'minecraft:crafting' recipe(s) with name(s): '[car:purple_container]'
[18:00:04.747][INFO]: Adding 'minecraft:crafting' recipe, of type: "shaped", with name: 'crafttweaker:purple_container' that outputs: '<item:car:purple_container>'
[18:00:04.747][INFO]: Removing 'minecraft:crafting' recipe(s) with name(s): '[car:red_container]'
[18:00:04.748][INFO]: Adding 'minecraft:crafting' recipe, of type: "shaped", with name: 'crafttweaker:red_container' that outputs: '<item:car:red_container>'
[18:00:04.748][INFO]: Removing 'minecraft:crafting' recipe(s) with name(s): '[car:light_gray_container]'
[18:00:04.748][INFO]: Adding 'minecraft:crafting' recipe, of type: "shaped", with name: 'crafttweaker:light_gray_container' that outputs: '<item:car:light_gray_container>'
[18:00:04.748][INFO]: Removing 'minecraft:crafting' recipe(s) with name(s): '[car:yellow_container]'
[18:00:04.749][INFO]: Adding 'minecraft:crafting' recipe, of type: "shaped", with name: 'crafttweaker:yellow_container' that outputs: '<item:car:yellow_container>'
[18:00:04.749][INFO]: Removing 'minecraft:crafting' recipe(s) with name(s): '[car:white_tank_container]'
[18:00:04.749][INFO]: Adding 'minecraft:crafting' recipe, of type: "shaped", with name: 'crafttweaker:white_tank_container' that outputs: '<item:car:white_tank_container>'
[18:00:04.749][INFO]: Removing 'minecraft:crafting' recipe(s) with name(s): '[car:black_tank_container]'
[18:00:04.750][INFO]: Adding 'minecraft:crafting' recipe, of type: "shaped", with name: 'crafttweaker:black_tank_container' that outputs: '<item:car:black_tank_container>'
[18:00:04.750][INFO]: Removing 'minecraft:crafting' recipe(s) with name(s): '[car:blue_tank_container]'
[18:00:04.750][INFO]: Adding 'minecraft:crafting' recipe, of type: "shaped", with name: 'crafttweaker:blue_tank_container' that outputs: '<item:car:blue_tank_container>'
[18:00:04.750][INFO]: Removing 'minecraft:crafting' recipe(s) with name(s): '[car:brown_tank_container]'
[18:00:04.751][INFO]: Adding 'minecraft:crafting' recipe, of type: "shaped", with name: 'crafttweaker:brown_tank_container' that outputs: '<item:car:brown_tank_container>'
[18:00:04.751][INFO]: Removing 'minecraft:crafting' recipe(s) with name(s): '[car:cyan_tank_container]'
[18:00:04.751][INFO]: Adding 'minecraft:crafting' recipe, of type: "shaped", with name: 'crafttweaker:cyan_tank_container' that outputs: '<item:car:cyan_tank_container>'
[18:00:04.751][INFO]: Removing 'minecraft:crafting' recipe(s) with name(s): '[car:gray_tank_container]'
[18:00:04.752][INFO]: Adding 'minecraft:crafting' recipe, of type: "shaped", with name: 'crafttweaker:gray_tank_container' that outputs: '<item:car:gray_tank_container>'
[18:00:04.752][INFO]: Removing 'minecraft:crafting' recipe(s) with name(s): '[car:green_tank_container]'
[18:00:04.752][INFO]: Adding 'minecraft:crafting' recipe, of type: "shaped", with name: 'crafttweaker:green_tank_container' that outputs: '<item:car:green_tank_container>'
[18:00:04.752][INFO]: Removing 'minecraft:crafting' recipe(s) with name(s): '[car:light_blue_tank_container]'
[18:00:04.753][INFO]: Adding 'minecraft:crafting' recipe, of type: "shaped", with name: 'crafttweaker:light_blue_tank_container' that outputs: '<item:car:light_blue_tank_container>'
[18:00:04.753][INFO]: Removing 'minecraft:crafting' recipe(s) with name(s): '[car:lime_tank_container]'
[18:00:04.753][INFO]: Adding 'minecraft:crafting' recipe, of type: "shaped", with name: 'crafttweaker:lime_tank_container' that outputs: '<item:car:lime_tank_container>'
[18:00:04.753][INFO]: Removing 'minecraft:crafting' recipe(s) with name(s): '[car:magenta_tank_container]'
[18:00:04.754][INFO]: Adding 'minecraft:crafting' recipe, of type: "shaped", with name: 'crafttweaker:magenta_tank_container' that outputs: '<item:car:magenta_tank_container>'
[18:00:04.754][INFO]: Removing 'minecraft:crafting' recipe(s) with name(s): '[car:orange_tank_container]'
[18:00:04.754][INFO]: Adding 'minecraft:crafting' recipe, of type: "shaped", with name: 'crafttweaker:orange_tank_container' that outputs: '<item:car:orange_tank_container>'
[18:00:04.754][INFO]: Removing 'minecraft:crafting' recipe(s) with name(s): '[car:pink_tank_container]'
[18:00:04.755][INFO]: Adding 'minecraft:crafting' recipe, of type: "shaped", with name: 'crafttweaker:pink_tank_container' that outputs: '<item:car:pink_tank_container>'
[18:00:04.755][INFO]: Removing 'minecraft:crafting' recipe(s) with name(s): '[car:purple_tank_container]'
[18:00:04.756][INFO]: Adding 'minecraft:crafting' recipe, of type: "shaped", with name: 'crafttweaker:purple_tank_container' that outputs: '<item:car:purple_tank_container>'
[18:00:04.756][INFO]: Removing 'minecraft:crafting' recipe(s) with name(s): '[car:red_tank_container]'
[18:00:04.757][INFO]: Adding 'minecraft:crafting' recipe, of type: "shaped", with name: 'crafttweaker:red_tank_container' that outputs: '<item:car:red_tank_container>'
[18:00:04.757][INFO]: Removing 'minecraft:crafting' recipe(s) with name(s): '[car:light_gray_tank_container]'
[18:00:04.758][INFO]: Adding 'minecraft:crafting' recipe, of type: "shaped", with name: 'crafttweaker:light_gray_tank_container' that outputs: '<item:car:light_gray_tank_container>'
[18:00:04.758][INFO]: Removing 'minecraft:crafting' recipe(s) with name(s): '[car:yellow_tank_container]'
[18:00:04.758][INFO]: Adding 'minecraft:crafting' recipe, of type: "shaped", with name: 'crafttweaker:yellow_tank_container' that outputs: '<item:car:yellow_tank_container>'
[18:00:04.760][INFO]: Removing 'crafting' recipes with output: 'com.blamejared.crafttweaker.api.item.MCItemStack@e4102783'
[18:00:04.765][INFO]: Adding 'minecraft:crafting' recipe, of type: "shaped", with name: 'crafttweaker:hearth' that outputs: '<item:cold_sweat:hearth>'
[18:00:04.765][INFO]: Registering new items tag with name <tag:items:forge:cooler_materials>
[18:00:04.766][INFO]: Registering new items tag with name <tag:items:forge:ice>
[18:00:04.766][INFO]: Adding: [minecraft:ice] to tag: <tag:items:forge:ice>
[18:00:04.767][INFO]: Adding: [minecraft:packed_ice] to tag: <tag:items:forge:ice>
[18:00:04.767][INFO]: Adding: [minecraft:blue_ice] to tag: <tag:items:forge:ice>
[18:00:04.767][INFO]: Removing 'crafting' recipes with output: 'com.blamejared.crafttweaker.api.item.MCItemStack@9ddbd67a'
[18:00:04.770][INFO]: Adding 'minecraft:crafting' recipe, of type: "shaped", with name: 'crafttweaker:black_cooler' that outputs: '<item:cfm:black_cooler>'
[18:00:04.770][INFO]: Removing 'crafting' recipes with output: 'com.blamejared.crafttweaker.api.item.MCItemStack@21df0cd8'
[18:00:04.771][INFO]: Adding 'minecraft:crafting' recipe, of type: "shaped", with name: 'crafttweaker:white_cooler' that outputs: '<item:cfm:white_cooler>'
[18:00:04.771][INFO]: Removing 'crafting' recipes with output: 'com.blamejared.crafttweaker.api.item.MCItemStack@5802055e'
[18:00:04.773][INFO]: Adding 'minecraft:crafting' recipe, of type: "shaped", with name: 'crafttweaker:orange_cooler' that outputs: '<item:cfm:orange_cooler>'
[18:00:04.773][INFO]: Removing 'crafting' recipes with output: 'com.blamejared.crafttweaker.api.item.MCItemStack@94857b36'
[18:00:04.775][INFO]: Adding 'minecraft:crafting' recipe, of type: "shaped", with name: 'crafttweaker:magenta_cooler' that outputs: '<item:cfm:magenta_cooler>'
[18:00:04.775][INFO]: Removing 'crafting' recipes with output: 'com.blamejared.crafttweaker.api.item.MCItemStack@6dd3e8b9'
[18:00:04.776][INFO]: Adding 'minecraft:crafting' recipe, of type: "shaped", with name: 'crafttweaker:light_blue_cooler' that outputs: '<item:cfm:light_blue_cooler>'
[18:00:04.776][INFO]: Removing 'crafting' recipes with output: 'com.blamejared.crafttweaker.api.item.MCItemStack@5f960233'
[18:00:04.778][INFO]: Adding 'minecraft:crafting' recipe, of type: "shaped", with name: 'crafttweaker:yellow_cooler' that outputs: '<item:cfm:yellow_cooler>'
[18:00:04.778][INFO]: Removing 'crafting' recipes with output: 'com.blamejared.crafttweaker.api.item.MCItemStack@5adca333'
[18:00:04.780][INFO]: Adding 'minecraft:crafting' recipe, of type: "shaped", with name: 'crafttweaker:lime_cooler' that outputs: '<item:cfm:lime_cooler>'
[18:00:04.780][INFO]: Removing 'crafting' recipes with output: 'com.blamejared.crafttweaker.api.item.MCItemStack@9a0612d4'
[18:00:04.782][INFO]: Adding 'minecraft:crafting' recipe, of type: "shaped", with name: 'crafttweaker:pink_cooler' that outputs: '<item:cfm:pink_cooler>'
[18:00:04.783][INFO]: Removing 'crafting' recipes with output: 'com.blamejared.crafttweaker.api.item.MCItemStack@aa57b17e'
[18:00:04.785][INFO]: Adding 'minecraft:crafting' recipe, of type: "shaped", with name: 'crafttweaker:gray_cooler' that outputs: '<item:cfm:gray_cooler>'
[18:00:04.785][INFO]: Removing 'crafting' recipes with output: 'com.blamejared.crafttweaker.api.item.MCItemStack@44200b54'
[18:00:04.788][INFO]: Adding 'minecraft:crafting' recipe, of type: "shaped", with name: 'crafttweaker:light_gray_cooler' that outputs: '<item:cfm:light_gray_cooler>'
[18:00:04.788][INFO]: Removing 'crafting' recipes with output: 'com.blamejared.crafttweaker.api.item.MCItemStack@510cbc71'
[18:00:04.791][INFO]: Adding 'minecraft:crafting' recipe, of type: "shaped", with name: 'crafttweaker:cyan_cooler' that outputs: '<item:cfm:cyan_cooler>'
[18:00:04.791][INFO]: Removing 'crafting' recipes with output: 'com.blamejared.crafttweaker.api.item.MCItemStack@fb380c7e'
[18:00:04.795][INFO]: Adding 'minecraft:crafting' recipe, of type: "shaped", with name: 'crafttweaker:purple_cooler' that outputs: '<item:cfm:purple_cooler>'
[18:00:04.795][INFO]: Removing 'crafting' recipes with output: 'com.blamejared.crafttweaker.api.item.MCItemStack@83a5906e'
[18:00:04.798][INFO]: Adding 'minecraft:crafting' recipe, of type: "shaped", with name: 'crafttweaker:blue_cooler' that outputs: '<item:cfm:blue_cooler>'
[18:00:04.798][INFO]: Removing 'crafting' recipes with output: 'com.blamejared.crafttweaker.api.item.MCItemStack@e5387f97'
[18:00:04.800][INFO]: Adding 'minecraft:crafting' recipe, of type: "shaped", with name: 'crafttweaker:brown_cooler' that outputs: '<item:cfm:brown_cooler>'
[18:00:04.800][INFO]: Removing 'crafting' recipes with output: 'com.blamejared.crafttweaker.api.item.MCItemStack@a81c99b1'
[18:00:04.801][INFO]: Adding 'minecraft:crafting' recipe, of type: "shaped", with name: 'crafttweaker:green_cooler' that outputs: '<item:cfm:green_cooler>'
[18:00:04.801][INFO]: Removing 'crafting' recipes with output: 'com.blamejared.crafttweaker.api.item.MCItemStack@1f25e7b2'
[18:00:04.803][INFO]: Adding 'minecraft:crafting' recipe, of type: "shaped", with name: 'crafttweaker:red_cooler' that outputs: '<item:cfm:red_cooler>'
[18:00:04.806][INFO]: Batching replacement for recipes from mods {createdeco} according to replacement rules {Replacing stacks <item:createdeco:cast_iron_ingot> --> <tag:items:forge:ingots/cast_iron>} (Warnings are suppressed for this batch replacement)
[18:00:04.807][INFO]: - Replacing "minecraft:crafting" recipe with name "createdeco:cast_iron_bars", renaming it to "crafttweaker:autogenerated/createdeco.cast_iron_bars"
[18:00:04.808][INFO]: - Replacing "minecraft:crafting" recipe with name "createdeco:cast_iron_hull", renaming it to "crafttweaker:autogenerated/createdeco.cast_iron_hull"
[18:00:04.810][INFO]: - Replacing "minecraft:crafting" recipe with name "createdeco:cast_iron_nugget_from_cast_iron_ingot", renaming it to "crafttweaker:autogenerated/createdeco.cast_iron_nugget_from_cast_iron_ingot"
[18:00:04.810][INFO]: - Replacing "minecraft:crafting" recipe with name "createdeco:cast_iron_trapdoor", renaming it to "crafttweaker:autogenerated/createdeco.cast_iron_trapdoor"
[18:00:04.820][INFO]: - Replacing "minecraft:crafting" recipe with name "createdeco:cast_iron_block", renaming it to "crafttweaker:autogenerated/createdeco.cast_iron_block"
[18:00:04.823][INFO]: - Replacing "minecraft:crafting" recipe with name "createdeco:cast_iron_door", renaming it to "crafttweaker:autogenerated/createdeco.cast_iron_door"
[18:00:04.828][INFO]: - Replacing "minecraft:stonecutting" recipe with name "createdeco:cast_iron_bars_from_cast_iron_ingot_stonecutting", renaming it to "crafttweaker:autogenerated/createdeco.cast_iron_bars_from_cast_iron_ingot_stonecutting"
[18:00:04.830][INFO]: Batch replacement completed
[18:00:04.831][INFO]: Removing 'create:pressing' recipe(s) with name(s): '[minecraft:pressing/cast_iron_sheet]'
[18:00:04.831][INFO]: Adding 'create:pressing' recipe, with name: 'crafttweaker:cast_iron_sheet' that outputs: '<item:createdeco:cast_iron_sheet>'
[18:00:04.832][INFO]: Removing 'crafting' recipes with output: 'com.blamejared.crafttweaker.api.item.MCItemStack@6788986b'
[18:00:04.838][INFO]: Adding 'minecraft:crafting' recipe, of type: "shaped", with name: 'crafttweaker:solid_shot' that outputs: '<item:createbigcannons:solid_shot>'
[18:00:04.838][INFO]: Removing 'crafting' recipes with output: 'com.blamejared.crafttweaker.api.item.MCItemStack@d40ae54c'
[18:00:04.843][INFO]: Adding 'minecraft:crafting' recipe, of type: "shaped", with name: 'crafttweaker:bag_of_grapeshot' that outputs: '<item:createbigcannons:bag_of_grapeshot>'
[18:00:04.843][INFO]: Removing 'crafting' recipes with output: 'com.blamejared.crafttweaker.api.item.MCItemStack@29269591'
[18:00:04.846][INFO]: Removing 'create:mechanical_crafting' recipes with output: 'com.blamejared.crafttweaker.api.item.MCItemStack@29269591'
[18:00:04.847][INFO]: Adding 'create:mechanical_crafting' recipe, with name: 'crafttweaker:he_shell' that outputs: '<item:createbigcannons:he_shell>'
[18:00:04.847][INFO]: Removing 'crafting' recipes with output: 'com.blamejared.crafttweaker.api.item.MCItemStack@7083fdf2'
[18:00:04.849][INFO]: Removing 'create:mechanical_crafting' recipes with output: 'com.blamejared.crafttweaker.api.item.MCItemStack@7083fdf2'
[18:00:04.850][INFO]: Adding 'create:mechanical_crafting' recipe, with name: 'crafttweaker:shrapnel_shell' that outputs: '<item:createbigcannons:shrapnel_shell>'
[18:00:04.850][INFO]: Removing 'crafting' recipes with output: 'com.blamejared.crafttweaker.api.item.MCItemStack@6da2d5fd'
[18:00:04.852][INFO]: Removing 'create:mechanical_crafting' recipes with output: 'com.blamejared.crafttweaker.api.item.MCItemStack@6da2d5fd'
[18:00:04.853][INFO]: Adding 'create:mechanical_crafting' recipe, with name: 'crafttweaker:ap_shot' that outputs: '<item:createbigcannons:ap_shot>'
[18:00:04.853][INFO]: Removing 'crafting' recipes with output: 'com.blamejared.crafttweaker.api.item.MCItemStack@c77b0fff'
[18:00:04.855][INFO]: Removing 'create:mechanical_crafting' recipes with output: 'com.blamejared.crafttweaker.api.item.MCItemStack@c77b0fff'
[18:00:04.855][INFO]: Adding 'create:mechanical_crafting' recipe, with name: 'crafttweaker:ap_shell' that outputs: '<item:createbigcannons:ap_shell>'
[18:00:04.855][INFO]: Removing 'crafting' recipes with output: 'com.blamejared.crafttweaker.api.item.MCItemStack@fba68ee2'
[18:00:04.857][INFO]: Removing 'create:mechanical_crafting' recipes with output: 'com.blamejared.crafttweaker.api.item.MCItemStack@fba68ee2'
[18:00:04.858][INFO]: Adding 'create:mechanical_crafting' recipe, with name: 'crafttweaker:fluid_shell' that outputs: '<item:createbigcannons:fluid_shell>'
[18:00:04.858][INFO]: Removing 'crafting' recipes with output: 'com.blamejared.crafttweaker.api.item.MCItemStack@829077b7'
[18:00:04.860][INFO]: Removing 'create:mechanical_crafting' recipes with output: 'com.blamejared.crafttweaker.api.item.MCItemStack@829077b7'
[18:00:04.860][INFO]: Adding 'create:mechanical_crafting' recipe, with name: 'crafttweaker:smoke_shell' that outputs: '<item:createbigcannons:smoke_shell>'
[18:00:04.860][INFO]: Removing 'crafting' recipes with output: 'com.blamejared.crafttweaker.api.item.MCItemStack@28790945'
[18:00:04.863][INFO]: Adding 'minecraft:crafting' recipe, of type: "shaped", with name: 'crafttweaker:ap_autocannon_round' that outputs: '<item:createbigcannons:ap_autocannon_round>'
[18:00:04.864][INFO]: Adding 'minecraft:crafting' recipe, of type: "shapeless", with name: 'crafttweaker:9mm_round' that outputs: '<item:tac:9mm_round> * 2'
[18:00:04.865][INFO]: Adding 'create:sequenced_assembly' recipe, with name: 'crafttweaker:sequenced_assembly/9mm_round' that outputs: '<item:tac:9mm_round> * 4'
[18:00:04.865][INFO]: Adding 'minecraft:crafting' recipe, of type: "shapeless", with name: 'crafttweaker:10_gauge_round' that outputs: '<item:tac:10_gauge_round> * 2'
[18:00:04.866][INFO]: Adding 'create:sequenced_assembly' recipe, with name: 'crafttweaker:sequenced_assembly/10_gauge_round' that outputs: '<item:tac:10_gauge_round> * 4'
[18:00:04.866][INFO]: Adding 'minecraft:crafting' recipe, of type: "shapeless", with name: 'crafttweaker:46x30' that outputs: '<item:tac:46x30> * 2'
[18:00:04.867][INFO]: Adding 'create:sequenced_assembly' recipe, with name: 'crafttweaker:sequenced_assembly/46x30' that outputs: '<item:tac:46x30> * 4'
[18:00:04.867][INFO]: Adding 'minecraft:crafting' recipe, of type: "shapeless", with name: 'crafttweaker:50bmg' that outputs: '<item:tac:50bmg>'
[18:00:04.868][INFO]: Adding 'create:sequenced_assembly' recipe, with name: 'crafttweaker:sequenced_assembly/50bmg' that outputs: '<item:tac:50bmg> * 2'
[18:00:04.868][INFO]: Adding 'minecraft:crafting' recipe, of type: "shapeless", with name: 'crafttweaker:57x28' that outputs: '<item:tac:57x28> * 2'
[18:00:04.868][INFO]: Adding 'create:sequenced_assembly' recipe, with name: 'crafttweaker:sequenced_assembly/57x28' that outputs: '<item:tac:57x28> * 4'
[18:00:04.869][INFO]: Adding 'minecraft:crafting' recipe, of type: "shapeless", with name: 'crafttweaker:58x42' that outputs: '<item:tac:58x42> * 2'
[18:00:04.869][INFO]: Adding 'create:sequenced_assembly' recipe, with name: 'crafttweaker:sequenced_assembly/58x42' that outputs: '<item:tac:58x42> * 3'
[18:00:04.870][INFO]: Adding 'minecraft:crafting' recipe, of type: "shapeless", with name: 'crafttweaker:762x25' that outputs: '<item:tac:762x25> * 2'
[18:00:04.870][INFO]: Adding 'create:sequenced_assembly' recipe, with name: 'crafttweaker:sequenced_assembly/762x25' that outputs: '<item:tac:762x25> * 3'
[18:00:04.870][INFO]: Adding 'minecraft:crafting' recipe, of type: "shapeless", with name: 'crafttweaker:762x39' that outputs: '<item:tac:762x39> * 2'
[18:00:04.871][INFO]: Adding 'create:sequenced_assembly' recipe, with name: 'crafttweaker:sequenced_assembly/762x39' that outputs: '<item:tac:762x39> * 3'
[18:00:04.871][INFO]: Adding 'minecraft:crafting' recipe, of type: "shapeless", with name: 'crafttweaker:762x54' that outputs: '<item:tac:762x54> * 2'
[18:00:04.872][INFO]: Adding 'create:sequenced_assembly' recipe, with name: 'crafttweaker:sequenced_assembly/762x54' that outputs: '<item:tac:762x54> * 3'
[18:00:04.872][INFO]: Adding 'minecraft:crafting' recipe, of type: "shapeless", with name: 'crafttweaker:ae50' that outputs: '<item:tac:ae50> * 2'
[18:00:04.873][INFO]: Adding 'create:sequenced_assembly' recipe, with name: 'crafttweaker:sequenced_assembly/ae50' that outputs: '<item:tac:ae50> * 4'
[18:00:04.873][INFO]: Adding 'minecraft:crafting' recipe, of type: "shapeless", with name: 'crafttweaker:b_magnum' that outputs: '<item:tac:b_magnum> * 2'
[18:00:04.873][INFO]: Adding 'create:sequenced_assembly' recipe, with name: 'crafttweaker:sequenced_assembly/b_magnum' that outputs: '<item:tac:b_magnum> * 4'
[18:00:04.874][INFO]: Adding 'minecraft:crafting' recipe, of type: "shapeless", with name: 'crafttweaker:bullet68' that outputs: '<item:tac:bullet68>'
[18:00:04.874][INFO]: Adding 'create:sequenced_assembly' recipe, with name: 'crafttweaker:sequenced_assembly/bullet68' that outputs: '<item:tac:bullet68> * 2'
[18:00:04.874][INFO]: Adding 'minecraft:crafting' recipe, of type: "shapeless", with name: 'crafttweaker:bullet_308' that outputs: '<item:tac:bullet_308>'
[18:00:04.875][INFO]: Adding 'create:sequenced_assembly' recipe, with name: 'crafttweaker:sequenced_assembly/bullet_308' that outputs: '<item:tac:bullet_308> * 2'
[18:00:04.875][INFO]: Adding 'minecraft:crafting' recipe, of type: "shapeless", with name: 'crafttweaker:lapua338' that outputs: '<item:tac:lapua338>'
[18:00:04.876][INFO]: Adding 'create:sequenced_assembly' recipe, with name: 'crafttweaker:sequenced_assembly/lapua338' that outputs: '<item:tac:lapua338> * 2'
[18:00:04.876][INFO]: Adding 'minecraft:crafting' recipe, of type: "shapeless", with name: 'crafttweaker:nato_556_bullet' that outputs: '<item:tac:nato_556_bullet> * 2'
[18:00:04.877][INFO]: Adding 'create:sequenced_assembly' recipe, with name: 'crafttweaker:sequenced_assembly/nato_556_bullet' that outputs: '<item:tac:nato_556_bullet> * 3'
[18:00:04.877][INFO]: Adding 'minecraft:crafting' recipe, of type: "shapeless", with name: 'crafttweaker:round45' that outputs: '<item:tac:round45> * 2'
[18:00:04.878][INFO]: Adding 'create:sequenced_assembly' recipe, with name: 'crafttweaker:sequenced_assembly/round45' that outputs: '<item:tac:round45> * 4'
[18:00:04.878][INFO]: Adding 'minecraft:crafting' recipe, of type: "shapeless", with name: 'crafttweaker:win_30-30' that outputs: '<item:tac:win_30-30>'
[18:00:04.879][INFO]: Adding 'create:sequenced_assembly' recipe, with name: 'crafttweaker:sequenced_assembly/win_30-30' that outputs: '<item:tac:win_30-30> * 2'
[18:00:04.879][INFO]: Adding 'create:sequenced_assembly' recipe, with name: 'crafttweaker:sequenced_assembly/rpg_missile' that outputs: '<item:tac:rpg7_missile>'
[18:00:04.880][INFO]: Adding 'create:sequenced_assembly' recipe, with name: 'crafttweaker:sequenced_assembly/advanced_bullet' that outputs: '<item:cgm:advanced_bullet>'
[18:00:04.881][INFO]: Adding 'create:sequenced_assembly' recipe, with name: 'crafttweaker:sequenced_assembly/missile' that outputs: '<item:cgm:missile>'
[18:00:04.881][INFO]: Adding 'minecraft:crafting' recipe, of type: "shapeless", with name: 'crafttweaker:stun_grenade' that outputs: '<item:cgm:stun_grenade>'
[18:00:04.881][INFO]: Adding 'create:sequenced_assembly' recipe, with name: 'crafttweaker:sequenced_assembly/stun_grenade' that outputs: '<item:cgm:stun_grenade> * 2'
[18:00:04.882][INFO]: Removing 'minecraft:crafting' recipe(s) with name(s): '[immersiveposts:has_gold_rod]'
[18:00:04.882][INFO]: Removing 'minecraft:crafting' recipe(s) with name(s): '[immersiveposts:has_copper_rod]'
[18:00:04.882][INFO]: Removing 'minecraft:crafting' recipe(s) with name(s): '[immersiveposts:has_lead_rod]'
[18:00:04.882][INFO]: Removing 'minecraft:crafting' recipe(s) with name(s): '[immersiveposts:has_silver_rod]'
[18:00:04.882][INFO]: Removing 'minecraft:crafting' recipe(s) with name(s): '[immersiveposts:has_nickel_rod]'
[18:00:04.882][INFO]: Removing 'minecraft:crafting' recipe(s) with name(s): '[immersiveposts:has_constantan_rod]'
[18:00:04.882][INFO]: Removing 'minecraft:crafting' recipe(s) with name(s): '[immersiveposts:has_electrum_rod]'
[18:00:04.882][INFO]: Removing 'minecraft:crafting' recipe(s) with name(s): '[immersiveposts:has_uranium_rod]'
[18:00:04.882][INFO]: Removing 'crafting' recipes with output: 'com.blamejared.crafttweaker.api.item.MCItemStack@8b6dd802'
[18:00:04.890][INFO]: Adding 'minecraft:crafting' recipe, of type: "shaped", with name: 'crafttweaker:energy_pipe' that outputs: '<item:pipez:energy_pipe> * 32'
[18:00:04.890][INFO]: Removing 'crafting' recipes with output: 'com.blamejared.crafttweaker.api.item.MCItemStack@eb1ace17'
[18:00:04.895][INFO]: Adding 'minecraft:crafting' recipe, of type: "shaped", with name: 'crafttweaker:fluid_pipe' that outputs: '<item:pipez:fluid_pipe> * 32'
[18:00:04.895][INFO]: Removing 'crafting' recipes with output: 'com.blamejared.crafttweaker.api.item.MCItemStack@3453a29a'
[18:00:04.898][INFO]: Adding 'minecraft:crafting' recipe, of type: "shaped", with name: 'crafttweaker:item_pipe' that outputs: '<item:pipez:item_pipe> * 32'
[18:00:04.899][INFO]: Adding 'minecraft:crafting' recipe, of type: "shaped", with name: 'crafttweaker:energy_pipe_plastic' that outputs: '<item:pipez:energy_pipe> * 16'
[18:00:04.899][INFO]: Adding 'minecraft:crafting' recipe, of type: "shaped", with name: 'crafttweaker:fluid_pipe_plastic' that outputs: '<item:pipez:fluid_pipe> * 16'
[18:00:04.899][INFO]: Adding 'minecraft:crafting' recipe, of type: "shaped", with name: 'crafttweaker:item_pipe_plastic' that outputs: '<item:pipez:item_pipe> * 16'
[18:00:04.899][INFO]: Removing 'crafting' recipes with output: 'com.blamejared.crafttweaker.api.item.MCItemStack@a37046f1'
[18:00:04.902][INFO]: Adding 'minecraft:crafting' recipe, of type: "shaped", with name: 'crafttweaker:universal_pipe' that outputs: '<item:pipez:universal_pipe> * 12'
[18:00:04.902][INFO]: Removing 'crafting' recipes with output: 'com.blamejared.crafttweaker.api.item.MCItemStack@e202a5b2'
[18:00:04.904][INFO]: Adding 'minecraft:crafting' recipe, of type: "shaped", with name: 'crafttweaker:pipe_basic_upgrade' that outputs: '<item:pipez:basic_upgrade>'
[18:00:04.904][INFO]: Removing 'crafting' recipes with output: 'com.blamejared.crafttweaker.api.item.MCItemStack@77aa8737'
[18:00:04.907][INFO]: Adding 'minecraft:crafting' recipe, of type: "shaped", with name: 'crafttweaker:pipe_improved_upgrade' that outputs: '<item:pipez:improved_upgrade>'
[18:00:04.907][INFO]: Removing 'crafting' recipes with output: 'com.blamejared.crafttweaker.api.item.MCItemStack@6aaaec9'
[18:00:04.910][INFO]: Adding 'minecraft:crafting' recipe, of type: "shaped", with name: 'crafttweaker:pipe_advanced_upgrade' that outputs: '<item:pipez:advanced_upgrade>'
[18:00:04.910][INFO]: Removing 'crafting' recipes with output: 'com.blamejared.crafttweaker.api.item.MCItemStack@f159bc35'
[18:00:04.911][INFO]: Adding 'minecraft:crafting' recipe, of type: "shaped", with name: 'crafttweaker:pipe_ultimate_upgrade' that outputs: '<item:pipez:ultimate_upgrade>'
[18:00:04.913][INFO]: Adding 'minecraft:crafting' recipe, of type: "shaped", with name: 'crafttweaker:cable' that outputs: '<item:refinedstorage:cable> * 16'
[18:00:04.914][INFO]: Adding 'minecraft:crafting' recipe, of type: "shaped", with name: 'crafttweaker:machine_casing' that outputs: '<item:refinedstorage:machine_casing>'
[18:00:04.914][INFO]: Adding 'minecraft:crafting' recipe, of type: "shaped", with name: 'crafttweaker:storage_housing' that outputs: '<item:refinedstorage:storage_housing>'
[18:00:04.915][INFO]: Adding 'create:mixing' recipe, with name: 'crafttweaker:redstone_acid' that outputs: '<item:minecraft:air>'
[18:00:04.919][INFO]: - Replacing "minecraft:crafting" recipe with name "refinedstorage:pattern", renaming it to "crafttweaker:autogenerated/refinedstorage.pattern"
[18:00:04.920][INFO]: - Replacing "minecraft:crafting" recipe with name "refinedstorage:detector", renaming it to "crafttweaker:autogenerated/refinedstorage.detector"
[18:00:04.920][INFO]: - Replacing "minecraft:crafting" recipe with name "refinedstorage:256k_fluid_storage_disk", renaming it to "crafttweaker:autogenerated/refinedstorage.256k_fluid_storage_disk"
[18:00:04.921][INFO]: - Replacing "minecraft:crafting" recipe with name "refinedstorage:destructor", renaming it to "crafttweaker:autogenerated/refinedstorage.destructor"
[18:00:04.921][INFO]: - Replacing "minecraft:crafting" recipe with name "refinedstorage:crafting_upgrade", renaming it to "crafttweaker:autogenerated/refinedstorage.crafting_upgrade"
[18:00:04.921][INFO]: - Replacing "minecraft:crafting" recipe with name "refinedstorage:wireless_fluid_grid", renaming it to "crafttweaker:autogenerated/refinedstorage.wireless_fluid_grid"
[18:00:04.922][INFO]: - Replacing "minecraft:crafting" recipe with name "refinedstorage:64k_storage_block", renaming it to "crafttweaker:autogenerated/refinedstorage.64k_storage_block"
[18:00:04.922][INFO]: - Replacing "minecraft:crafting" recipe with name "refinedstorage:storage_monitor", renaming it to "crafttweaker:autogenerated/refinedstorage.storage_monitor"
[18:00:04.922][INFO]: - Replacing "minecraft:crafting" recipe with name "refinedstorage:4k_storage_part", renaming it to "crafttweaker:autogenerated/refinedstorage.4k_storage_part"
[18:00:04.923][INFO]: - Replacing "minecraft:crafting" recipe with name "refinedstorage:1k_storage_disk", renaming it to "crafttweaker:autogenerated/refinedstorage.1k_storage_disk"
[18:00:04.923][INFO]: - Replacing "minecraft:crafting" recipe with name "refinedstorage:4096k_fluid_storage_disk", renaming it to "crafttweaker:autogenerated/refinedstorage.4096k_fluid_storage_disk"
[18:00:04.923][INFO]: - Replacing "minecraft:crafting" recipe with name "refinedstorage:cable", renaming it to "crafttweaker:autogenerated/refinedstorage.cable"
[18:00:04.924][INFO]: - Replacing "minecraft:crafting" recipe with name "refinedstorage:grid", renaming it to "crafttweaker:autogenerated/refinedstorage.grid"
[18:00:04.924][INFO]: - Replacing "minecraft:crafting" recipe with name "refinedstorage:range_upgrade", renaming it to "crafttweaker:autogenerated/refinedstorage.range_upgrade"
[18:00:04.924][INFO]: - Replacing "minecraft:crafting" recipe with name "refinedstorage:16k_storage_block", renaming it to "crafttweaker:autogenerated/refinedstorage.16k_storage_block"
[18:00:04.924][INFO]: - Replacing "minecraft:crafting" recipe with name "refinedstorage:wrench", renaming it to "crafttweaker:autogenerated/refinedstorage.wrench"
[18:00:04.925][INFO]: - Replacing "minecraft:crafting" recipe with name "refinedstorage:64k_storage_part", renaming it to "crafttweaker:autogenerated/refinedstorage.64k_storage_part"
[18:00:04.925][INFO]: - Replacing "minecraft:crafting" recipe with name "refinedstorage:interface", renaming it to "crafttweaker:autogenerated/refinedstorage.interface"
[18:00:04.925][INFO]: - Replacing "minecraft:crafting" recipe with name "refinedstorage:upgrade", renaming it to "crafttweaker:autogenerated/refinedstorage.upgrade"
[18:00:04.927][INFO]: - Replacing "minecraft:crafting" recipe with name "refinedstorage:fortune_3_upgrade", renaming it to "crafttweaker:autogenerated/refinedstorage.fortune_3_upgrade"
[18:00:04.927][INFO]: - Replacing "minecraft:crafting" recipe with name "refinedstorage:1024k_fluid_storage_block", renaming it to "crafttweaker:autogenerated/refinedstorage.1024k_fluid_storage_block"
[18:00:04.928][INFO]: - Replacing "minecraft:crafting" recipe with name "refinedstorage:silk_touch_upgrade", renaming it to "crafttweaker:autogenerated/refinedstorage.silk_touch_upgrade"
[18:00:04.928][INFO]: - Replacing "minecraft:crafting" recipe with name "refinedstorage:64k_fluid_storage_part", renaming it to "crafttweaker:autogenerated/refinedstorage.64k_fluid_storage_part"
[18:00:04.928][INFO]: - Replacing "minecraft:crafting" recipe with name "refinedstorage:1k_storage_part", renaming it to "crafttweaker:autogenerated/refinedstorage.1k_storage_part"
[18:00:04.928][INFO]: - Replacing "minecraft:crafting" recipe with name "refinedstorage:fortune_2_upgrade", renaming it to "crafttweaker:autogenerated/refinedstorage.fortune_2_upgrade"
[18:00:04.929][INFO]: - Replacing "minecraft:crafting" recipe with name "refinedstorage:filter", renaming it to "crafttweaker:autogenerated/refinedstorage.filter"
[18:00:04.929][INFO]: - Replacing "minecraft:crafting" recipe with name "refinedstorage:network_card", renaming it to "crafttweaker:autogenerated/refinedstorage.network_card"
[18:00:04.929][INFO]: - Replacing "minecraft:crafting" recipe with name "refinedstorage:16k_storage_part", renaming it to "crafttweaker:autogenerated/refinedstorage.16k_storage_part"
[18:00:04.929][INFO]: - Replacing "minecraft:crafting" recipe with name "refinedstorage:64k_fluid_storage_block", renaming it to "crafttweaker:autogenerated/refinedstorage.64k_fluid_storage_block"
[18:00:04.930][INFO]: - Replacing "minecraft:crafting" recipe with name "refinedstorage:external_storage", renaming it to "crafttweaker:autogenerated/refinedstorage.external_storage"
[18:00:04.930][INFO]: - Replacing "minecraft:crafting" recipe with name "refinedstorage:fortune_1_upgrade", renaming it to "crafttweaker:autogenerated/refinedstorage.fortune_1_upgrade"
[18:00:04.930][INFO]: - Replacing "minecraft:crafting" recipe with name "refinedstorage:256k_fluid_storage_block", renaming it to "crafttweaker:autogenerated/refinedstorage.256k_fluid_storage_block"
[18:00:04.930][INFO]: - Replacing "minecraft:crafting" recipe with name "refinedstorage:portable_grid", renaming it to "crafttweaker:autogenerated/refinedstorage.portable_grid"
[18:00:04.931][INFO]: - Replacing "minecraft:crafting" recipe with name "refinedstorage:4096k_fluid_storage_block", renaming it to "crafttweaker:autogenerated/refinedstorage.4096k_fluid_storage_block"
[18:00:04.931][INFO]: - Replacing "minecraft:crafting" recipe with name "refinedstorage:4k_storage_disk", renaming it to "crafttweaker:autogenerated/refinedstorage.4k_storage_disk"
[18:00:04.931][INFO]: - Replacing "minecraft:crafting" recipe with name "refinedstorage:disk_manipulator", renaming it to "crafttweaker:autogenerated/refinedstorage.disk_manipulator"
[18:00:04.932][INFO]: - Replacing "minecraft:crafting" recipe with name "refinedstorage:constructor", renaming it to "crafttweaker:autogenerated/refinedstorage.constructor"
[18:00:04.932][INFO]: - Replacing "minecraft:crafting" recipe with name "refinedstorage:4096k_fluid_storage_part", renaming it to "crafttweaker:autogenerated/refinedstorage.4096k_fluid_storage_part"
[18:00:04.932][INFO]: - Replacing "minecraft:crafting" recipe with name "refinedstorage:1024k_fluid_storage_part", renaming it to "crafttweaker:autogenerated/refinedstorage.1024k_fluid_storage_part"
[18:00:04.933][INFO]: - Replacing "minecraft:crafting" recipe with name "refinedstorage:disk_drive", renaming it to "crafttweaker:autogenerated/refinedstorage.disk_drive"
[18:00:04.933][INFO]: - Replacing "minecraft:crafting" recipe with name "refinedstorage:controller", renaming it to "crafttweaker:autogenerated/refinedstorage.controller"
[18:00:04.933][INFO]: - Replacing "minecraft:crafting" recipe with name "refinedstorage:4k_storage_block", renaming it to "crafttweaker:autogenerated/refinedstorage.4k_storage_block"
[18:00:04.934][INFO]: - Replacing "minecraft:crafting" recipe with name "refinedstorage:machine_casing", renaming it to "crafttweaker:autogenerated/refinedstorage.machine_casing"
[18:00:04.934][INFO]: - Replacing "minecraft:crafting" recipe with name "refinedstorage:256k_fluid_storage_part", renaming it to "crafttweaker:autogenerated/refinedstorage.256k_fluid_storage_part"
[18:00:04.934][INFO]: - Replacing "minecraft:crafting" recipe with name "refinedstorage:speed_upgrade", renaming it to "crafttweaker:autogenerated/refinedstorage.speed_upgrade"
[18:00:04.935][INFO]: - Replacing "minecraft:crafting" recipe with name "refinedstorage:security_manager", renaming it to "crafttweaker:autogenerated/refinedstorage.security_manager"
[18:00:04.935][INFO]: - Replacing "minecraft:crafting" recipe with name "refinedstorage:block_of_quartz_enriched_iron", renaming it to "crafttweaker:autogenerated/refinedstorage.block_of_quartz_enriched_iron"
[18:00:04.936][INFO]: - Replacing "minecraft:crafting" recipe with name "refinedstorage:1024k_fluid_storage_disk", renaming it to "crafttweaker:autogenerated/refinedstorage.1024k_fluid_storage_disk"
[18:00:04.936][INFO]: - Replacing "minecraft:crafting" recipe with name "refinedstorage:storage_housing", renaming it to "crafttweaker:autogenerated/refinedstorage.storage_housing"
[18:00:04.937][INFO]: - Replacing "minecraft:crafting" recipe with name "refinedstorage:crafter", renaming it to "crafttweaker:autogenerated/refinedstorage.crafter"
[18:00:04.937][INFO]: - Replacing "minecraft:crafting" recipe with name "refinedstorage:64k_fluid_storage_disk", renaming it to "crafttweaker:autogenerated/refinedstorage.64k_fluid_storage_disk"
[18:00:04.938][INFO]: - Replacing "minecraft:crafting" recipe with name "refinedstorage:wireless_crafting_monitor", renaming it to "crafttweaker:autogenerated/refinedstorage.wireless_crafting_monitor"
[18:00:04.938][INFO]: - Replacing "minecraft:crafting" recipe with name "refinedstorage:security_card", renaming it to "crafttweaker:autogenerated/refinedstorage.security_card"
[18:00:04.938][INFO]: - Replacing "minecraft:crafting" recipe with name "refinedstorage:1k_storage_block", renaming it to "crafttweaker:autogenerated/refinedstorage.1k_storage_block"
[18:00:04.939][INFO]: - Replacing "minecraft:crafting" recipe with name "refinedstorage:regulator_upgrade", renaming it to "crafttweaker:autogenerated/refinedstorage.regulator_upgrade"
[18:00:04.939][INFO]: - Replacing "minecraft:crafting" recipe with name "refinedstorage:16k_storage_disk", renaming it to "crafttweaker:autogenerated/refinedstorage.16k_storage_disk"
[18:00:04.939][INFO]: - Replacing "minecraft:crafting" recipe with name "refinedstorage:wireless_grid", renaming it to "crafttweaker:autogenerated/refinedstorage.wireless_grid"
[18:00:04.939][INFO]: - Replacing "minecraft:crafting" recipe with name "refinedstorage:crafting_monitor", renaming it to "crafttweaker:autogenerated/refinedstorage.crafting_monitor"
[18:00:04.940][INFO]: - Replacing "minecraft:crafting" recipe with name "refinedstorage:64k_storage_disk", renaming it to "crafttweaker:autogenerated/refinedstorage.64k_storage_disk"
[18:00:04.941][INFO]: - Replacing "minecraft:crafting" recipe with name "refinedstorage:wireless_transmitter", renaming it to "crafttweaker:autogenerated/refinedstorage.wireless_transmitter"
[18:00:04.941][INFO]: - Replacing "minecraft:crafting" recipe with name "refinedstorage:crafter_manager", renaming it to "crafttweaker:autogenerated/refinedstorage.crafter_manager"
[18:00:04.944][INFO]: Batch replacement completed
[18:00:04.945][INFO]: Adding 'create:sequenced_assembly' recipe, with name: 'crafttweaker:sequenced_assembly/basic_processor' that outputs: '<item:refinedstorage:basic_processor>'
[18:00:04.945][INFO]: Adding 'create:sequenced_assembly' recipe, with name: 'crafttweaker:sequenced_assembly/improved_processor' that outputs: '<item:refinedstorage:improved_processor>'
[18:00:04.946][INFO]: Adding 'create:sequenced_assembly' recipe, with name: 'crafttweaker:sequenced_assembly/advanced_processor' that outputs: '<item:refinedstorage:advanced_processor>'
[18:00:04.947][INFO]: Adding 'create:sequenced_assembly' recipe, with name: 'crafttweaker:sequenced_assembly/1k_storage_part' that outputs: '<item:refinedstorage:1k_storage_part>'
[18:00:04.948][INFO]: Adding 'create:sequenced_assembly' recipe, with name: 'crafttweaker:sequenced_assembly/4k_storage_part' that outputs: '<item:refinedstorage:4k_storage_part>'
[18:00:04.949][INFO]: Adding 'create:sequenced_assembly' recipe, with name: 'crafttweaker:sequenced_assembly/16k_storage_part' that outputs: '<item:refinedstorage:16k_storage_part>'
[18:00:04.950][INFO]: Adding 'create:sequenced_assembly' recipe, with name: 'crafttweaker:sequenced_assembly/64k_storage_part' that outputs: '<item:refinedstorage:64k_storage_part>'
[18:00:04.951][INFO]: Adding 'create:sequenced_assembly' recipe, with name: 'crafttweaker:sequenced_assembly/64k_fluid_storage_part' that outputs: '<item:refinedstorage:64k_fluid_storage_part>'
[18:00:04.952][INFO]: Adding 'create:sequenced_assembly' recipe, with name: 'crafttweaker:sequenced_assembly/256k_fluid_storage_part' that outputs: '<item:refinedstorage:256k_fluid_storage_part>'
[18:00:04.953][INFO]: Adding 'create:sequenced_assembly' recipe, with name: 'crafttweaker:sequenced_assembly/1024k_fluid_storage_part' that outputs: '<item:refinedstorage:1024k_fluid_storage_part>'
[18:00:04.954][INFO]: Adding 'create:sequenced_assembly' recipe, with name: 'crafttweaker:sequenced_assembly/4096k_fluid_storage_part' that outputs: '<item:refinedstorage:4096k_fluid_storage_part>'
[18:00:04.954][INFO]: Removing 'minecraft:crafting' recipe(s) with name(s): '[crafttweaker:autogenerated/refinedstorage.cable]'
[18:00:04.954][INFO]: Removing 'minecraft:crafting' recipe(s) with name(s): '[crafttweaker:autogenerated/refinedstorage.machine_casing]'
[18:00:04.954][INFO]: Removing 'minecraft:smelting' recipe(s) with name(s): '[refinedstorage:silicon]'
[18:00:04.954][INFO]: Removing 'minecraft:crafting' recipe(s) with name(s): '[refinedstorage:raw_basic_processor]'
[18:00:04.954][INFO]: Removing 'minecraft:crafting' recipe(s) with name(s): '[refinedstorage:raw_improved_processor]'
[18:00:04.954][INFO]: Removing 'minecraft:crafting' recipe(s) with name(s): '[refinedstorage:raw_advanced_processor]'
[18:00:04.954][INFO]: Removing 'minecraft:smelting' recipe(s) with name(s): '[refinedstorage:basic_processor]'
[18:00:04.954][INFO]: Removing 'minecraft:smelting' recipe(s) with name(s): '[refinedstorage:improved_processor]'
[18:00:04.954][INFO]: Removing 'minecraft:smelting' recipe(s) with name(s): '[refinedstorage:advanced_processor]'
[18:00:04.954][INFO]: Removing 'minecraft:crafting' recipe(s) with name(s): '[crafttweaker:autogenerated/refinedstorage.1k_storage_part]'
[18:00:04.954][INFO]: Removing 'minecraft:crafting' recipe(s) with name(s): '[crafttweaker:autogenerated/refinedstorage.4k_storage_part]'
[18:00:04.954][INFO]: Removing 'minecraft:crafting' recipe(s) with name(s): '[crafttweaker:autogenerated/refinedstorage.16k_storage_part]'
[18:00:04.954][INFO]: Removing 'minecraft:crafting' recipe(s) with name(s): '[crafttweaker:autogenerated/refinedstorage.64k_storage_part]'
[18:00:04.954][INFO]: Removing 'minecraft:crafting' recipe(s) with name(s): '[crafttweaker:autogenerated/refinedstorage.64k_fluid_storage_part]'
[18:00:04.954][INFO]: Removing 'minecraft:crafting' recipe(s) with name(s): '[crafttweaker:autogenerated/refinedstorage.256k_fluid_storage_part]'
[18:00:04.954][INFO]: Removing 'minecraft:crafting' recipe(s) with name(s): '[crafttweaker:autogenerated/refinedstorage.1024k_fluid_storage_part]'
[18:00:04.954][INFO]: Removing 'minecraft:crafting' recipe(s) with name(s): '[crafttweaker:autogenerated/refinedstorage.4096k_fluid_storage_part]'
[18:00:04.954][INFO]: Removing 'minecraft:crafting' recipe(s) with name(s): '[crafttweaker:autogenerated/refinedstorage.1k_storage_disk]'
[18:00:04.954][INFO]: Removing 'minecraft:crafting' recipe(s) with name(s): '[crafttweaker:autogenerated/refinedstorage.4k_storage_disk]'
[18:00:04.955][INFO]: Removing 'minecraft:crafting' recipe(s) with name(s): '[crafttweaker:autogenerated/refinedstorage.16k_storage_disk]'
[18:00:04.955][INFO]: Removing 'minecraft:crafting' recipe(s) with name(s): '[crafttweaker:autogenerated/refinedstorage.64k_storage_disk]'
[18:00:04.955][INFO]: Removing 'minecraft:crafting' recipe(s) with name(s): '[crafttweaker:autogenerated/refinedstorage.64k_fluid_storage_disk]'
[18:00:04.955][INFO]: Removing 'minecraft:crafting' recipe(s) with name(s): '[crafttweaker:autogenerated/refinedstorage.256k_fluid_storage_disk]'
[18:00:04.955][INFO]: Removing 'minecraft:crafting' recipe(s) with name(s): '[crafttweaker:autogenerated/refinedstorage.1024k_fluid_storage_disk]'
[18:00:04.955][INFO]: Removing 'minecraft:crafting' recipe(s) with name(s): '[crafttweaker:autogenerated/refinedstorage.4096k_fluid_storage_disk]'
[18:00:04.955][INFO]: Removing 'minecraft:crafting' recipe(s) with name(s): '[crafttweaker:autogenerated/refinedstorage.storage_housing]'
[18:00:04.955][INFO]: Removing 'minecraft:crafting' recipe(s) with name(s): '[refinedstorage:processor_binding]'
[18:00:04.955][INFO]: Removing 'minecraft:crafting' recipe(s) with name(s): '[refinedstorage:quartz_enriched_iron]'
[18:00:04.955][INFO]: Removing 'minecraft:crafting' recipe(s) with name(s): '[crafttweaker:autogenerated/refinedstorage.block_of_quartz_enriched_iron]'
[18:00:04.956][INFO]: Removing 'crafting' recipes with output: 'com.blamejared.crafttweaker.api.item.MCItemStack@8f8ef101'
[18:00:04.962][INFO]: Adding 'minecraft:crafting' recipe, of type: "shaped", with name: 'crafttweaker:briefcase' that outputs: '<item:securitycraft:briefcase>'
[18:00:04.962][INFO]: Removing 'crafting' recipes with output: 'com.blamejared.crafttweaker.api.item.MCItemStack@339c2d6'
[18:00:04.968][INFO]: Adding 'minecraft:crafting' recipe, of type: "shaped", with name: 'crafttweaker:camera_monitor' that outputs: '<item:securitycraft:camera_monitor>'
[18:00:04.969][INFO]: Removing 'crafting' recipes with output: 'com.blamejared.crafttweaker.api.item.MCItemStack@35942580'
[18:00:04.975][INFO]: Adding 'minecraft:crafting' recipe, of type: "shaped", with name: 'crafttweaker:codebreaker' that outputs: '<item:securitycraft:codebreaker>'
[18:00:04.975][INFO]: Removing 'crafting' recipes with output: 'com.blamejared.crafttweaker.api.item.MCItemStack@76f59ca2'
[18:00:04.981][INFO]: Adding 'minecraft:crafting' recipe, of type: "shaped", with name: 'crafttweaker:display_case' that outputs: '<item:securitycraft:display_case>'
[18:00:04.981][INFO]: Removing 'crafting' recipes with output: 'com.blamejared.crafttweaker.api.item.MCItemStack@776f9ed5'
[18:00:04.985][INFO]: Adding 'minecraft:crafting' recipe, of type: "shaped", with name: 'crafttweaker:glow_display_case' that outputs: '<item:securitycraft:glow_display_case>'
[18:00:04.985][INFO]: Removing 'crafting' recipes with output: 'com.blamejared.crafttweaker.api.item.MCItemStack@eca39918'
[18:00:04.990][INFO]: Adding 'minecraft:crafting' recipe, of type: "shaped", with name: 'crafttweaker:keycard_holder' that outputs: '<item:securitycraft:keycard_holder>'
[18:00:04.990][INFO]: Removing 'minecraft:crafting' recipe(s) with name(s): '[securitycraft:keycard_lv1]'
[18:00:04.990][INFO]: Adding 'minecraft:crafting' recipe, of type: "shaped", with name: 'crafttweaker:keycard_lv1' that outputs: '<item:securitycraft:keycard_lv1>'
[18:00:04.990][INFO]: Removing 'minecraft:crafting' recipe(s) with name(s): '[securitycraft:keycard_lv2]'
[18:00:04.991][INFO]: Adding 'minecraft:crafting' recipe, of type: "shaped", with name: 'crafttweaker:keycard_lv2' that outputs: '<item:securitycraft:keycard_lv2>'
[18:00:04.991][INFO]: Removing 'minecraft:crafting' recipe(s) with name(s): '[securitycraft:keycard_lv3]'
[18:00:04.991][INFO]: Adding 'minecraft:crafting' recipe, of type: "shaped", with name: 'crafttweaker:keycard_lv3' that outputs: '<item:securitycraft:keycard_lv3>'
[18:00:04.991][INFO]: Removing 'minecraft:crafting' recipe(s) with name(s): '[securitycraft:keycard_lv4]'
[18:00:04.991][INFO]: Adding 'minecraft:crafting' recipe, of type: "shaped", with name: 'crafttweaker:keycard_lv4' that outputs: '<item:securitycraft:keycard_lv4>'
[18:00:04.992][INFO]: Removing 'minecraft:crafting' recipe(s) with name(s): '[securitycraft:keycard_lv5]'
[18:00:04.992][INFO]: Adding 'minecraft:crafting' recipe, of type: "shaped", with name: 'crafttweaker:keycard_lv5' that outputs: '<item:securitycraft:keycard_lv5>'
[18:00:04.992][INFO]: Removing 'minecraft:crafting' recipe(s) with name(s): '[securitycraft:limited_use_keycard]'
[18:00:04.992][INFO]: Adding 'minecraft:crafting' recipe, of type: "shaped", with name: 'crafttweaker:limited_use_keycard' that outputs: '<item:securitycraft:limited_use_keycard>'
[18:00:04.992][INFO]: Removing 'crafting' recipes with output: 'com.blamejared.crafttweaker.api.item.MCItemStack@21fcd080'
[18:00:04.996][INFO]: Adding 'minecraft:crafting' recipe, of type: "shaped", with name: 'crafttweaker:keypad_item' that outputs: '<item:securitycraft:keypad_item>'
[18:00:04.996][INFO]: Removing 'crafting' recipes with output: 'com.blamejared.crafttweaker.api.item.MCItemStack@3cd317d7'
[18:00:04.999][INFO]: Adding 'minecraft:crafting' recipe, of type: "shaped", with name: 'crafttweaker:portable_tune_player' that outputs: '<item:securitycraft:portable_tune_player>'
[18:00:04.999][INFO]: Removing 'crafting' recipes with output: 'com.blamejared.crafttweaker.api.item.MCItemStack@70afc837'
[18:00:05.002][INFO]: Adding 'minecraft:crafting' recipe, of type: "shaped", with name: 'crafttweaker:remote_access_mine' that outputs: '<item:securitycraft:remote_access_mine>'
[18:00:05.002][INFO]: Removing 'crafting' recipes with output: 'com.blamejared.crafttweaker.api.item.MCItemStack@9f9d1f1c'
[18:00:05.004][INFO]: Adding 'minecraft:crafting' recipe, of type: "shaped", with name: 'crafttweaker:rift_stabilizer' that outputs: '<item:securitycraft:rift_stabilizer>'
[18:00:05.004][INFO]: Removing 'crafting' recipes with output: 'com.blamejared.crafttweaker.api.item.MCItemStack@1a3a6da4'
[18:00:05.006][INFO]: Adding 'minecraft:crafting' recipe, of type: "shaped", with name: 'crafttweaker:sonic_security_system' that outputs: '<item:securitycraft:sonic_security_system>'
[18:00:05.006][INFO]: Removing 'crafting' recipes with output: 'com.blamejared.crafttweaker.api.item.MCItemStack@99a3358a'
[18:00:05.009][INFO]: Adding 'minecraft:crafting' recipe, of type: "shaped", with name: 'crafttweaker:portable_radar' that outputs: '<item:securitycraft:portable_radar>'
[18:00:05.009][INFO]: Removing 'crafting' recipes with output: 'com.blamejared.crafttweaker.api.item.MCItemStack@5b84ff8e'
[18:00:05.011][INFO]: Adding 'minecraft:crafting' recipe, of type: "shaped", with name: 'crafttweaker:smart_module' that outputs: '<item:securitycraft:smart_module>'
[18:00:05.011][INFO]: Removing 'crafting' recipes with output: 'com.blamejared.crafttweaker.api.item.MCItemStack@613c2b1'
[18:00:05.014][INFO]: Adding 'minecraft:crafting' recipe, of type: "shaped", with name: 'crafttweaker:alarm' that outputs: '<item:securitycraft:alarm>'
[18:00:05.014][INFO]: Removing 'crafting' recipes with output: 'com.blamejared.crafttweaker.api.item.MCItemStack@34d5b1b4'
[18:00:05.016][INFO]: Adding 'minecraft:crafting' recipe, of type: "shaped", with name: 'crafttweaker:username_logger' that outputs: '<item:securitycraft:username_logger>'
[18:00:05.016][INFO]: Removing 'crafting' recipes with output: 'com.blamejared.crafttweaker.api.item.MCItemStack@34d5b1b4'
[18:00:05.018][INFO]: Adding 'minecraft:crafting' recipe, of type: "shaped", with name: 'crafttweaker:username_logger' that outputs: '<item:securitycraft:username_logger>'
[18:00:05.018][INFO]: Removing 'crafting' recipes with output: 'com.blamejared.crafttweaker.api.item.MCItemStack@d3f0f51a'
[18:00:05.020][INFO]: Adding 'minecraft:crafting' recipe, of type: "shaped", with name: 'crafttweaker:bouncing_betty' that outputs: '<item:securitycraft:bouncing_betty>'
[18:00:05.020][INFO]: Removing 'crafting' recipes with output: 'com.blamejared.crafttweaker.api.item.MCItemStack@fca88760'
[18:00:05.022][INFO]: Adding 'minecraft:crafting' recipe, of type: "shaped", with name: 'crafttweaker:mine' that outputs: '<item:securitycraft:mine>'
[18:00:05.022][INFO]: Removing 'crafting' recipes with output: 'com.blamejared.crafttweaker.api.item.MCItemStack@9dd32820'
[18:00:05.024][INFO]: Adding 'minecraft:crafting' recipe, of type: "shaped", with name: 'crafttweaker:keycard_reader' that outputs: '<item:securitycraft:keycard_reader>'
[18:00:05.024][INFO]: Removing 'crafting' recipes with output: 'com.blamejared.crafttweaker.api.item.MCItemStack@486fa19f'
[18:00:05.027][INFO]: Adding 'minecraft:crafting' recipe, of type: "shaped", with name: 'crafttweaker:inventory_scanner' that outputs: '<item:securitycraft:inventory_scanner>'
[18:00:05.027][INFO]: Removing 'crafting' recipes with output: 'com.blamejared.crafttweaker.api.item.MCItemStack@fd74e41a'
[18:00:05.030][INFO]: Adding 'minecraft:crafting' recipe, of type: "shaped", with name: 'crafttweaker:laser_block' that outputs: '<item:securitycraft:laser_block>'
[18:00:05.030][INFO]: Removing 'crafting' recipes with output: 'com.blamejared.crafttweaker.api.item.MCItemStack@181a4e79'
[18:00:05.033][INFO]: Adding 'minecraft:crafting' recipe, of type: "shaped", with name: 'crafttweaker:projector' that outputs: '<item:securitycraft:projector>'
[18:00:05.033][INFO]: Removing 'crafting' recipes with output: 'com.blamejared.crafttweaker.api.item.MCItemStack@198014a'
[18:00:05.035][INFO]: Adding 'minecraft:crafting' recipe, of type: "shaped", with name: 'crafttweaker:retinal_scanner' that outputs: '<item:securitycraft:retinal_scanner>'
[18:00:05.035][INFO]: Removing 'crafting' recipes with output: 'com.blamejared.crafttweaker.api.item.MCItemStack@ee9000e'
[18:00:05.037][INFO]: Adding 'minecraft:crafting' recipe, of type: "shaped", with name: 'crafttweaker:security_camera' that outputs: '<item:securitycraft:security_camera>'
[18:00:05.037][INFO]: Removing 'crafting' recipes with output: 'com.blamejared.crafttweaker.api.item.MCItemStack@c51a8d16'
[18:00:05.039][INFO]: Adding 'minecraft:crafting' recipe, of type: "shaped", with name: 'crafttweaker:universal_block_reinforcer_lvl1' that outputs: '<item:securitycraft:universal_block_reinforcer_lvl1>'
[18:00:05.039][INFO]: Removing 'minecraft:crafting' recipe(s) with name(s): '[simpleplanes:parachute]'
[18:00:05.040][INFO]: Adding 'minecraft:crafting' recipe, of type: "shaped", with name: 'crafttweaker:plane_parachute' that outputs: '<item:simpleplanes:parachute>'
[18:00:05.040][INFO]: Removing 'minecraft:crafting' recipe(s) with name(s): '[simpleplanes:seats]'
[18:00:05.040][INFO]: Adding 'create:mechanical_crafting' recipe, with name: 'crafttweaker:plane_seats' that outputs: '<item:simpleplanes:seats>'
[18:00:05.040][INFO]: Removing 'minecraft:crafting' recipe(s) with name(s): '[simpleplanes:armor]'
[18:00:05.041][INFO]: Adding 'create:mechanical_crafting' recipe, with name: 'crafttweaker:plane_armor' that outputs: '<item:simpleplanes:armor>'
[18:00:05.041][INFO]: Removing 'minecraft:crafting' recipe(s) with name(s): '[simpleplanes:healing_enchanted]'
[18:00:05.041][INFO]: Removing 'minecraft:crafting' recipe(s) with name(s): '[simpleplanes:healing]'
[18:00:05.041][INFO]: Adding 'minecraft:crafting' recipe, of type: "shaped", with name: 'crafttweaker:plane_healing' that outputs: '<item:simpleplanes:healing>'
[18:00:05.041][INFO]: Removing 'minecraft:crafting' recipe(s) with name(s): '[simpleplanes:electric_engine]'
[18:00:05.042][INFO]: Adding 'create:mechanical_crafting' recipe, with name: 'crafttweaker:plane_electric_engine' that outputs: '<item:simpleplanes:electric_engine>'
[18:00:05.042][INFO]: Removing 'minecraft:crafting' recipe(s) with name(s): '[simpleplanes:furnace_engine]'
[18:00:05.042][INFO]: Adding 'create:mechanical_crafting' recipe, with name: 'crafttweaker:plane_furnace_engine' that outputs: '<item:simpleplanes:furnace_engine>'
[18:00:05.042][INFO]: Removing 'minecraft:crafting' recipe(s) with name(s): '[simpleplanes:liquid_engine]'
[18:00:05.043][INFO]: Adding 'create:mechanical_crafting' recipe, with name: 'crafttweaker:plane_liquid_engine' that outputs: '<item:simpleplanes:liquid_engine>'
[18:00:05.043][INFO]: Removing 'minecraft:crafting' recipe(s) with name(s): '[simpleplanes:propeller]'
[18:00:05.043][INFO]: Adding 'create:mechanical_crafting' recipe, with name: 'crafttweaker:plane_propeller' that outputs: '<item:simpleplanes:propeller>'
[18:00:05.043][INFO]: Removing 'minecraft:crafting' recipe(s) with name(s): '[simpleplanes:booster]'
[18:00:05.044][INFO]: Adding 'create:mechanical_crafting' recipe, with name: 'crafttweaker:plane_booster' that outputs: '<item:simpleplanes:booster>'
[18:00:05.044][INFO]: Removing 'minecraft:crafting' recipe(s) with name(s): '[simpleplanes:solar_panel]'
[18:00:05.045][INFO]: Adding 'create:sequenced_assembly' recipe, with name: 'crafttweaker:sequenced_assembly/plane_solar_panel' that outputs: '<item:simpleplanes:solar_panel>'
[18:00:05.045][INFO]: Removing 'crafting' recipes with output: 'com.blamejared.crafttweaker.api.item.MCItemStack@c08dd8e9'
[18:00:05.048][INFO]: Adding 'minecraft:crafting' recipe, of type: "shaped", with name: 'crafttweaker:upgrade_base' that outputs: '<item:sophisticatedbackpacks:upgrade_base>'
[18:00:05.048][INFO]: Removing 'crafting' recipes with output: 'com.blamejared.crafttweaker.api.item.MCItemStack@94a9f486'
[18:00:05.051][INFO]: Adding 'minecraft:crafting' recipe, of type: "shaped", with name: 'crafttweaker:storage_drawer_controller' that outputs: '<item:storagedrawers:controller>'
[18:00:05.051][INFO]: Removing 'crafting' recipes with output: 'com.blamejared.crafttweaker.api.item.MCItemStack@ccfae3ad'
[18:00:05.054][INFO]: Adding 'minecraft:crafting' recipe, of type: "shaped", with name: 'crafttweaker:storage_drawer_controller_slave' that outputs: '<item:storagedrawers:controller_slave>'
[18:00:05.054][INFO]: Removing 'crafting' recipes with output: 'com.blamejared.crafttweaker.api.item.MCItemStack@c1944dcc'
[18:00:05.057][INFO]: Removing 'crafting' recipes with output: 'com.blamejared.crafttweaker.api.item.MCItemStack@f61a92c6'
[18:00:05.059][INFO]: Removing 'crafting' recipes with output: 'com.blamejared.crafttweaker.api.item.MCItemStack@242df610'
[18:00:05.061][INFO]: Removing 'crafting' recipes with output: 'com.blamejared.crafttweaker.api.item.MCItemStack@104475ab'
[18:00:05.063][INFO]: Removing 'crafting' recipes with output: 'com.blamejared.crafttweaker.api.item.MCItemStack@8ac4287'
[18:00:05.066][INFO]: Removing 'crafting' recipes with output: 'com.blamejared.crafttweaker.api.item.MCItemStack@743dd406'
[18:00:05.067][INFO]: Removing 'crafting' recipes with output: 'com.blamejared.crafttweaker.api.item.MCItemStack@c8cefa28'
[18:00:05.069][INFO]: Removing 'crafting' recipes with output: 'com.blamejared.crafttweaker.api.item.MCItemStack@d7eca98c'
[18:00:05.070][INFO]: Removing 'crafting' recipes with output: 'com.blamejared.crafttweaker.api.item.MCItemStack@7f347a26'
[18:00:05.071][INFO]: Removing 'crafting' recipes with output: 'com.blamejared.crafttweaker.api.item.MCItemStack@319331de'
[18:00:05.073][INFO]: Removing 'crafting' recipes with output: 'com.blamejared.crafttweaker.api.item.MCItemStack@3c614feb'
[18:00:05.074][INFO]: Removing 'crafting' recipes with output: 'com.blamejared.crafttweaker.api.item.MCItemStack@a478a907'
[18:00:05.076][INFO]: Removing 'crafting' recipes with output: 'com.blamejared.crafttweaker.api.item.MCItemStack@74285edd'
[18:00:05.078][INFO]: Removing 'crafting' recipes with output: 'com.blamejared.crafttweaker.api.item.MCItemStack@adafcc2a'
[18:00:05.080][INFO]: Removing 'crafting' recipes with output: 'com.blamejared.crafttweaker.api.item.MCItemStack@fb89ba45'
[18:00:05.082][INFO]: Removing 'crafting' recipes with output: 'com.blamejared.crafttweaker.api.item.MCItemStack@e06753b8'
[18:00:05.083][INFO]: Removing 'crafting' recipes with output: 'com.blamejared.crafttweaker.api.item.MCItemStack@42669ec8'
[18:00:05.085][INFO]: Removing 'crafting' recipes with output: 'com.blamejared.crafttweaker.api.item.MCItemStack@b2cb54bd'
[18:00:05.087][INFO]: Removing 'crafting' recipes with output: 'com.blamejared.crafttweaker.api.item.MCItemStack@788f7f40'
[18:00:05.089][INFO]: Removing 'crafting' recipes with output: 'com.blamejared.crafttweaker.api.item.MCItemStack@fecca26'
[18:00:05.091][INFO]: Removing 'crafting' recipes with output: 'com.blamejared.crafttweaker.api.item.MCItemStack@755487e'
[18:00:05.094][INFO]: Removing 'crafting' recipes with output: 'com.blamejared.crafttweaker.api.item.MCItemStack@b5032a9b'
[18:00:05.097][INFO]: Removing 'crafting' recipes with output: 'com.blamejared.crafttweaker.api.item.MCItemStack@f8ee6b36'
[18:00:05.102][INFO]: Removing 'crafting' recipes with output: 'com.blamejared.crafttweaker.api.item.MCItemStack@5543bd22'
[18:00:05.107][INFO]: Removing 'crafting' recipes with output: 'com.blamejared.crafttweaker.api.item.MCItemStack@b7ef35a1'
[18:00:05.112][INFO]: Removing 'crafting' recipes with output: 'com.blamejared.crafttweaker.api.item.MCItemStack@d9101d77'
[18:00:05.115][INFO]: Removing 'crafting' recipes with output: 'com.blamejared.crafttweaker.api.item.MCItemStack@a5d23b5f'
[18:00:05.118][INFO]: Removing 'crafting' recipes with output: 'com.blamejared.crafttweaker.api.item.MCItemStack@6ddfb825'
[18:00:05.123][INFO]: Removing 'crafting' recipes with output: 'com.blamejared.crafttweaker.api.item.MCItemStack@d71cc470'
[18:00:05.125][INFO]: Removing 'crafting' recipes with output: 'com.blamejared.crafttweaker.api.item.MCItemStack@ad5e3376'
[18:00:05.128][INFO]: Removing 'crafting' recipes with output: 'com.blamejared.crafttweaker.api.item.MCItemStack@e9abc9db'
[18:00:05.133][INFO]: Removing 'crafting' recipes with output: 'com.blamejared.crafttweaker.api.item.MCItemStack@21784c9d'
[18:00:05.136][INFO]: Removing 'crafting' recipes with output: 'com.blamejared.crafttweaker.api.item.MCItemStack@b268e087'
[18:00:05.140][INFO]: Removing 'crafting' recipes with output: 'com.blamejared.crafttweaker.api.item.MCItemStack@f0d76f3'
[18:00:05.143][INFO]: Removing 'crafting' recipes with output: 'com.blamejared.crafttweaker.api.item.MCItemStack@5d873c56'
[18:00:05.145][INFO]: Removing 'crafting' recipes with output: 'com.blamejared.crafttweaker.api.item.MCItemStack@c9be51a9'
[18:00:05.150][INFO]: Removing all recipes that output <item:apocalypsenow:plastic>
[18:00:05.158][INFO]: Removed 11 recipes registered in these 1 recipe managers: [<recipetype:minecraft:smelting>: 11]
[18:00:05.158][INFO]: Removing 'minecraft:crafting' recipe(s) with name(s): '[apocalypsenow:gunpowder]'
[18:00:05.158][INFO]: Removing all recipes that output <item:apocalypsenow:fixed_baseball_bat>
[18:00:05.164][INFO]: Removed 1 recipes registered in these 1 recipe managers: [<recipetype:minecraft:crafting>: 1]
[18:00:05.164][INFO]: Removing all recipes that output <item:apocalypsenow:head_cutter>
[18:00:05.169][INFO]: Removed 1 recipes registered in these 1 recipe managers: [<recipetype:minecraft:crafting>: 1]
[18:00:05.169][INFO]: Removing all recipes that output <item:apocalypsenow:rock>
[18:00:05.173][INFO]: Removed 3 recipes registered in these 1 recipe managers: [<recipetype:minecraft:crafting>: 3]
[18:00:05.173][INFO]: Removing all recipes that output <item:apocalypsenow:table_leg>
[18:00:05.178][INFO]: Removed 1 recipes registered in these 1 recipe managers: [<recipetype:minecraft:crafting>: 1]
[18:00:05.178][INFO]: Removing all recipes that output <item:apocalypsenow:tennis_racket>
[18:00:05.182][INFO]: Removed 1 recipes registered in these 1 recipe managers: [<recipetype:minecraft:crafting>: 1]
[18:00:05.183][INFO]: Removing all recipes that output <item:apocalypsenow:drill>
[18:00:05.187][INFO]: Removed 1 recipes registered in these 1 recipe managers: [<recipetype:minecraft:crafting>: 1]
[18:00:05.187][INFO]: Removing all recipes that output <item:apocalypsenow:fire_extinguisher>
[18:00:05.191][INFO]: Removed 1 recipes registered in these 1 recipe managers: [<recipetype:minecraft:crafting>: 1]
[18:00:05.191][INFO]: Removing all recipes that output <item:apocalypsenow:wooden_hammer>
[18:00:05.195][INFO]: Removed 1 recipes registered in these 1 recipe managers: [<recipetype:minecraft:crafting>: 1]
[18:00:05.195][INFO]: Removing all recipes that output <item:apocalypsenow:hammer_pickaxe>
[18:00:05.204][INFO]: Removed 1 recipes registered in these 1 recipe managers: [<recipetype:minecraft:crafting>: 1]
[18:00:05.204][INFO]: Removing all recipes that output <item:apocalypsenow:chainsaw_bat>
[18:00:05.210][INFO]: Removed 1 recipes registered in these 1 recipe managers: [<recipetype:minecraft:crafting>: 1]
[18:00:05.211][INFO]: Removing all recipes that output <item:apocalypsenow:chainsaw>
[18:00:05.215][INFO]: Removed 1 recipes registered in these 1 recipe managers: [<recipetype:minecraft:crafting>: 1]
[18:00:05.215][INFO]: Removing all recipes that output <item:apocalypsenow:sytche_machete>
[18:00:05.218][INFO]: Removed 1 recipes registered in these 1 recipe managers: [<recipetype:minecraft:crafting>: 1]
[18:00:05.219][INFO]: Removing all recipes that output <item:apocalypsenow:rusty_machete>
[18:00:05.225][INFO]: Removed 1 recipes registered in these 1 recipe managers: [<recipetype:minecraft:crafting>: 1]
[18:00:05.225][INFO]: Removing all recipes that output <item:apocalypsenow:simple_machete>
[18:00:05.229][INFO]: Removed 1 recipes registered in these 1 recipe managers: [<recipetype:minecraft:crafting>: 1]
[18:00:05.229][INFO]: Removing all recipes that output <item:apocalypsenow:scythe_knife>
[18:00:05.231][INFO]: Removed 1 recipes registered in these 1 recipe managers: [<recipetype:minecraft:crafting>: 1]
[18:00:05.231][INFO]: Removing all recipes that output <item:apocalypsenow:table_knife>
[18:00:05.234][INFO]: Removed 1 recipes registered in these 1 recipe managers: [<recipetype:minecraft:crafting>: 1]
[18:00:05.234][INFO]: Removing all recipes that output <item:apocalypsenow:comb_knife>
[18:00:05.236][INFO]: Removed 1 recipes registered in these 1 recipe managers: [<recipetype:minecraft:crafting>: 1]
[18:00:05.237][INFO]: Removing all recipes that output <item:apocalypsenow:rusty_knife>
[18:00:05.240][INFO]: Removed 1 recipes registered in these 1 recipe managers: [<recipetype:minecraft:crafting>: 1]
[18:00:05.240][INFO]: Removing all recipes that output <item:apocalypsenow:cheap_survival_knife>
[18:00:05.243][INFO]: Removed 1 recipes registered in these 1 recipe managers: [<recipetype:minecraft:crafting>: 1]
[18:00:05.243][INFO]: Removing all recipes that output <item:apocalypsenow:cheap_survival_axe>
[18:00:05.249][INFO]: Removed 1 recipes registered in these 1 recipe managers: [<recipetype:minecraft:crafting>: 1]
[18:00:05.249][INFO]: Removing all recipes that output <item:apocalypsenow:cheap_survival_machete>
[18:00:05.255][INFO]: Removed 1 recipes registered in these 1 recipe managers: [<recipetype:minecraft:crafting>: 1]
[18:00:05.256][INFO]: Removing all recipes that output <item:apocalypsenow:goldenstilletoknife>
[18:00:05.261][INFO]: Removed 1 recipes registered in these 1 recipe managers: [<recipetype:minecraft:crafting>: 1]
[18:00:05.261][INFO]: Removing all recipes that output <item:apocalypsenow:stylus_knife>
[18:00:05.264][INFO]: Removed 1 recipes registered in these 1 recipe managers: [<recipetype:minecraft:crafting>: 1]
[18:00:05.264][INFO]: Removing all recipes that output <item:apocalypsenow:hammer>
[18:00:05.267][INFO]: Removed 1 recipes registered in these 1 recipe managers: [<recipetype:minecraft:crafting>: 1]
[18:00:05.267][INFO]: Removing all recipes that output <item:apocalypsenow:sledgehammerr>
[18:00:05.269][INFO]: Removed 1 recipes registered in these 1 recipe managers: [<recipetype:minecraft:crafting>: 1]
[18:00:05.270][INFO]: Removing all recipes that output <item:apocalypsenow:broken_glass>
[18:00:05.272][INFO]: Removed 1 recipes registered in these 1 recipe managers: [<recipetype:minecraft:crafting>: 1]
[18:00:05.272][INFO]: Removing all recipes that output <item:apocalypsenow:broken_bottle>
[18:00:05.275][INFO]: Removed 3 recipes registered in these 1 recipe managers: [<recipetype:minecraft:crafting>: 3]
[18:00:05.275][INFO]: Removing all recipes that output <item:apocalypsenow:saw>
[18:00:05.277][INFO]: Removed 1 recipes registered in these 1 recipe managers: [<recipetype:minecraft:crafting>: 1]
[18:00:05.277][INFO]: Removing all recipes that output <item:apocalypsenow:broken_pool_cue>
[18:00:05.280][INFO]: Removed 1 recipes registered in these 1 recipe managers: [<recipetype:minecraft:crafting>: 1]
[18:00:05.280][INFO]: Removing all recipes that output <item:apocalypsenow:podao>
[18:00:05.283][INFO]: Removed 1 recipes registered in these 1 recipe managers: [<recipetype:minecraft:crafting>: 1]
[18:00:05.284][INFO]: Removing all recipes that output <item:apocalypsenow:nailed_stick>
[18:00:05.287][INFO]: Removed 1 recipes registered in these 1 recipe managers: [<recipetype:minecraft:crafting>: 1]
[18:00:05.287][INFO]: Removing all recipes that output <item:apocalypsenow:pick>
[18:00:05.290][INFO]: Removed 1 recipes registered in these 1 recipe managers: [<recipetype:minecraft:crafting>: 1]
[18:00:05.290][INFO]: Removing all recipes that output <item:apocalypsenow:stake>
[18:00:05.293][INFO]: Removed 2 recipes registered in these 1 recipe managers: [<recipetype:minecraft:crafting>: 2]
[18:00:05.293][INFO]: Removing all recipes that output <item:apocalypsenow:plank>
[18:00:05.296][INFO]: Removed 2 recipes registered in these 1 recipe managers: [<recipetype:minecraft:crafting>: 2]
[18:00:05.296][INFO]: Removing all recipes that output <item:apocalypsenow:spiked_plank>
[18:00:05.298][INFO]: Removed 1 recipes registered in these 1 recipe managers: [<recipetype:minecraft:crafting>: 1]
[18:00:05.299][INFO]: Removing all recipes that output <item:apocalypsenow:hatchet>
[18:00:05.301][INFO]: Removed 1 recipes registered in these 1 recipe managers: [<recipetype:minecraft:crafting>: 1]
[18:00:05.301][INFO]: Removing all recipes that output <item:apocalypsenow:concrete_mallet>
[18:00:05.303][INFO]: Removed 1 recipes registered in these 1 recipe managers: [<recipetype:minecraft:crafting>: 1]
[18:00:05.303][INFO]: Removing all recipes that output <item:apocalypsenow:rowing>
[18:00:05.305][INFO]: Removed 1 recipes registered in these 1 recipe managers: [<recipetype:minecraft:crafting>: 1]
[18:00:05.305][INFO]: Removing all recipes that output <item:apocalypsenow:modern_rowing>
[18:00:05.307][INFO]: Removed 1 recipes registered in these 1 recipe managers: [<recipetype:minecraft:crafting>: 1]
[18:00:05.307][INFO]: Removing all recipes that output <item:apocalypsenow:pool_cue>
[18:00:05.309][INFO]: Removed 1 recipes registered in these 1 recipe managers: [<recipetype:minecraft:crafting>: 1]
[18:00:05.310][INFO]: Removing all recipes that output <item:apocalypsenow:slander>
[18:00:05.311][INFO]: Removed 1 recipes registered in these 1 recipe managers: [<recipetype:minecraft:crafting>: 1]
[18:00:05.312][INFO]: Removing all recipes that output <item:apocalypsenow:slitting_pears>
[18:00:05.314][INFO]: Removed 1 recipes registered in these 1 recipe managers: [<recipetype:minecraft:crafting>: 1]
[18:00:05.315][INFO]: Removing all recipes that output <item:apocalypsenow:emptycanteen>
[18:00:05.317][INFO]: Removed 1 recipes registered in these 1 recipe managers: [<recipetype:minecraft:crafting>: 1]
[18:00:05.317][INFO]: Removing all recipes that output <item:apocalypsenow:broken_radio>
[18:00:05.319][INFO]: Removed 0 recipes registered in these 0 recipe managers: []
[18:00:05.319][INFO]: Removing all recipes that output <item:apocalypsenow:glassbottle>
[18:00:05.320][INFO]: Removed 2 recipes registered in these 1 recipe managers: [<recipetype:minecraft:crafting>: 2]
[18:00:05.321][INFO]: Removing all recipes that output <item:apocalypsenow:bottle>
[18:00:05.323][INFO]: Removed 0 recipes registered in these 0 recipe managers: []
[18:00:05.323][INFO]: Removing all recipes that output <item:apocalypsenow:textilethread>
[18:00:05.324][INFO]: Removed 1 recipes registered in these 1 recipe managers: [<recipetype:minecraft:crafting>: 1]
[18:00:05.324][INFO]: Removing all recipes that output <item:apocalypsenow:kevlarthread>
[18:00:05.326][INFO]: Removed 1 recipes registered in these 1 recipe managers: [<recipetype:minecraft:crafting>: 1]
[18:00:05.326][INFO]: Removing all recipes that output <item:apocalypsenow:polyesterthread>
[18:00:05.328][INFO]: Removed 1 recipes registered in these 1 recipe managers: [<recipetype:minecraft:crafting>: 1]
[18:00:05.328][INFO]: Removing all recipes that output <item:apocalypsenow:scrapmetal>
[18:00:05.329][INFO]: Removed 4 recipes registered in these 1 recipe managers: [<recipetype:minecraft:crafting>: 4]
[18:00:05.329][INFO]: Removing all recipes that output <item:apocalypsenow:electric_fence>
[18:00:05.331][INFO]: Removed 1 recipes registered in these 1 recipe managers: [<recipetype:minecraft:crafting>: 1]
[18:00:05.331][INFO]: Removing all recipes that output <item:apocalypsenow:ducttape>
[18:00:05.333][INFO]: Removed 1 recipes registered in these 1 recipe managers: [<recipetype:minecraft:crafting>: 1]
[18:00:05.333][INFO]: Removing all recipes that output <item:apocalypsenow:sawi>
[18:00:05.334][INFO]: Removed 1 recipes registered in these 1 recipe managers: [<recipetype:minecraft:crafting>: 1]
[18:00:05.334][INFO]: Removing all recipes that output <item:apocalypsenow:emptyshampoo>
[18:00:05.336][INFO]: Removed 0 recipes registered in these 0 recipe managers: []
[18:00:05.336][INFO]: Removing all recipes that output <item:apocalypsenow:emptyconditioner>
[18:00:05.337][INFO]: Removed 0 recipes registered in these 0 recipe managers: []
[18:00:05.338][INFO]: Removing all recipes that output <item:apocalypsenow:electrical_scrap>
[18:00:05.339][INFO]: Removed 4 recipes registered in these 1 recipe managers: [<recipetype:minecraft:crafting>: 4]
[18:00:05.339][INFO]: Removing all recipes that output <item:apocalypsenow:engineering_parts>
[18:00:05.341][INFO]: Removed 4 recipes registered in these 1 recipe managers: [<recipetype:minecraft:crafting>: 4]
[18:00:05.341][INFO]: Removing all recipes that output <item:apocalypsenow:glue>
[18:00:05.342][INFO]: Removed 1 recipes registered in these 1 recipe managers: [<recipetype:minecraft:crafting>: 1]
[18:00:05.342][INFO]: Removing all recipes that output <item:apocalypsenow:comb>
[18:00:05.344][INFO]: Removed 1 recipes registered in these 1 recipe managers: [<recipetype:minecraft:crafting>: 1]
[18:00:05.344][INFO]: Removing all recipes that output <item:apocalypsenow:cellphone>
[18:00:05.346][INFO]: Removed 0 recipes registered in these 0 recipe managers: []
[18:00:05.346][INFO]: Removing all recipes that output <item:apocalypsenow:watch>
[18:00:05.348][INFO]: Removed 0 recipes registered in these 0 recipe managers: []
[18:00:05.348][INFO]: Removing all recipes that output <item:apocalypsenow:goldenwatch>
[18:00:05.351][INFO]: Removed 0 recipes registered in these 0 recipe managers: []
[18:00:05.351][INFO]: Removing all recipes that output <item:apocalypsenow:newspaper>
[18:00:05.352][INFO]: Removed 1 recipes registered in these 1 recipe managers: [<recipetype:minecraft:crafting>: 1]
[18:00:05.352][INFO]: Removing all recipes that output <item:apocalypsenow:magazine>
[18:00:05.354][INFO]: Removed 1 recipes registered in these 1 recipe managers: [<recipetype:minecraft:crafting>: 1]
[18:00:05.354][INFO]: Removing all recipes that output <item:apocalypsenow:toothbrush>
[18:00:05.356][INFO]: Removed 0 recipes registered in these 0 recipe managers: []
[18:00:05.356][INFO]: Removing all recipes that output <item:apocalypsenow:cigarettes>
[18:00:05.357][INFO]: Removed 0 recipes registered in these 0 recipe managers: []
[18:00:05.357][INFO]: Removing all recipes that output <item:apocalypsenow:aabattery>
[18:00:05.359][INFO]: Removed 0 recipes registered in these 0 recipe managers: []
[18:00:05.359][INFO]: Removing all recipes that output <item:apocalypsenow:toothpaste>
[18:00:05.361][INFO]: Removed 0 recipes registered in these 0 recipe managers: []
[18:00:05.361][INFO]: Removing all recipes that output <item:apocalypsenow:broken_baseball_bat>
[18:00:05.363][INFO]: Removed 0 recipes registered in these 0 recipe managers: []
[18:00:05.363][INFO]: Removing all recipes that output <item:apocalypsenow:trash>
[18:00:05.364][INFO]: Removed 1 recipes registered in these 1 recipe managers: [<recipetype:minecraft:crafting>: 1]
[18:00:05.364][INFO]: Removing all recipes that output <item:apocalypsenow:rope>
[18:00:05.366][INFO]: Removed 1 recipes registered in these 1 recipe managers: [<recipetype:minecraft:crafting>: 1]
[18:00:05.366][INFO]: Removing all recipes that output <item:apocalypsenow:eletricfencesign>
[18:00:05.367][INFO]: Removed 0 recipes registered in these 0 recipe managers: []
[18:00:05.367][INFO]: Removing all recipes that output <item:apocalypsenow:sandbags>
[18:00:05.369][INFO]: Removed 1 recipes registered in these 1 recipe managers: [<recipetype:minecraft:crafting>: 1]
[18:00:05.369][INFO]: Removing all recipes that output <item:apocalypsenow:sandbagsstar>
[18:00:05.372][INFO]: Removed 1 recipes registered in these 1 recipe managers: [<recipetype:minecraft:crafting>: 1]
[18:00:05.372][INFO]: Removing all recipes that output <item:apocalypsenow:sandbagsslab>
[18:00:05.374][INFO]: Removed 1 recipes registered in these 1 recipe managers: [<recipetype:minecraft:crafting>: 1]
[18:00:05.374][INFO]: Removing all recipes that output <item:apocalypsenow:cocktail_molotov_green>
[18:00:05.376][INFO]: Removed 5 recipes registered in these 1 recipe managers: [<recipetype:minecraft:crafting>: 5]
[18:00:05.376][INFO]: Removing all recipes that output <item:apocalypsenow:cocktail_molotov_brown>
[18:00:05.378][INFO]: Removed 2 recipes registered in these 1 recipe managers: [<recipetype:minecraft:crafting>: 2]
[18:00:05.378][INFO]: Removing all recipes that output <item:apocalypsenow:cocktail_molotov_white>
[18:00:05.379][INFO]: Removed 2 recipes registered in these 1 recipe managers: [<recipetype:minecraft:crafting>: 2]
[18:00:05.379][INFO]: Removing all recipes that output <item:apocalypsenow:matches>
[18:00:05.381][INFO]: Removed 0 recipes registered in these 0 recipe managers: []
[18:00:05.381][INFO]: Removing all recipes that output <item:apocalypsenow:fertilizer>
[18:00:05.382][INFO]: Removed 1 recipes registered in these 1 recipe managers: [<recipetype:minecraft:crafting>: 1]
[18:00:05.382][INFO]: Removing all recipes that output <item:apocalypsenow:glassbottle>
[18:00:05.384][INFO]: Removed 0 recipes registered in these 0 recipe managers: []
[18:00:05.384][INFO]: Removing all recipes that output <item:apocalypsenow:glassbottle_2>
[18:00:05.385][INFO]: Removed 1 recipes registered in these 1 recipe managers: [<recipetype:minecraft:crafting>: 1]
[18:00:05.385][INFO]: Removing all recipes that output <item:apocalypsenow:glassbottle_3>
[18:00:05.387][INFO]: Removed 1 recipes registered in these 1 recipe managers: [<recipetype:minecraft:crafting>: 1]
[18:00:05.387][INFO]: Removing all recipes that output <item:apocalypsenow:soap>
[18:00:05.388][INFO]: Removed 1 recipes registered in these 1 recipe managers: [<recipetype:minecraft:crafting>: 1]
[18:00:05.388][INFO]: Removing all recipes that output <item:apocalypsenow:towel>
[18:00:05.390][INFO]: Removed 1 recipes registered in these 1 recipe managers: [<recipetype:minecraft:crafting>: 1]
[18:00:05.390][INFO]: Removing all recipes that output <item:apocalypsenow:plastic>
[18:00:05.392][INFO]: Removed 0 recipes registered in these 0 recipe managers: []
[18:00:05.392][INFO]: Removing all recipes that output <item:apocalypsenow:foam>
[18:00:05.394][INFO]: Removed 1 recipes registered in these 1 recipe managers: [<recipetype:minecraft:crafting>: 1]
[18:00:05.394][INFO]: Removing all recipes that output <item:apocalypsenow:oil_canister>
[18:00:05.395][INFO]: Removed 1 recipes registered in these 1 recipe managers: [<recipetype:minecraft:crafting>: 1]
[18:00:05.396][INFO]: Removing all recipes that output <item:apocalypsenow:cleanbucket>
[18:00:05.397][INFO]: Removed 1 recipes registered in these 1 recipe managers: [<recipetype:minecraft:crafting>: 1]
[18:00:05.397][INFO]: Removing all recipes that output <item:apocalypsenow:sock>
[18:00:05.399][INFO]: Removed 0 recipes registered in these 0 recipe managers: []
[18:00:05.399][INFO]: Removing all recipes that output <item:apocalypsenow:toy>
[18:00:05.400][INFO]: Removed 0 recipes registered in these 0 recipe managers: []
[18:00:05.400][INFO]: Removing all recipes that output <item:apocalypsenow:bricktoys>
[18:00:05.402][INFO]: Removed 0 recipes registered in these 0 recipe managers: []
[18:00:05.402][INFO]: Removing all recipes that output <item:apocalypsenow:toiletpaper>
[18:00:05.405][INFO]: Removed 0 recipes registered in these 0 recipe managers: []
[18:00:05.405][INFO]: Removing all recipes that output <item:apocalypsenow:handlegripp>
[18:00:05.407][INFO]: Removed 1 recipes registered in these 1 recipe managers: [<recipetype:minecraft:crafting>: 1]
[18:00:05.407][INFO]: Removing all recipes that output <item:apocalypsenow:ironhandlegripp>
[18:00:05.409][INFO]: Removed 1 recipes registered in these 1 recipe managers: [<recipetype:minecraft:crafting>: 1]
[18:00:05.409][INFO]: Removing all recipes that output <item:apocalypsenow:salt>
[18:00:05.410][INFO]: Removed 1 recipes registered in these 1 recipe managers: [<recipetype:minecraft:smelting>: 1]
[18:00:05.410][INFO]: Removing all recipes that output <item:apocalypsenow:perfume>
[18:00:05.411][INFO]: Removed 0 recipes registered in these 0 recipe managers: []
[18:00:05.411][INFO]: Removing all recipes that output <item:apocalypsenow:pet_bottle>
[18:00:05.412][INFO]: Removed 0 recipes registered in these 0 recipe managers: []
[18:00:05.413][INFO]: Removing all recipes that output <item:apocalypsenow:deodorant>
[18:00:05.414][INFO]: Removed 0 recipes registered in these 0 recipe managers: []
[18:00:05.414][INFO]: Removing all recipes that output <item:apocalypsenow:copperwire>
[18:00:05.415][INFO]: Removed 1 recipes registered in these 1 recipe managers: [<recipetype:minecraft:crafting>: 1]
[18:00:05.415][INFO]: Removing all recipes that output <item:apocalypsenow:radio>
[18:00:05.417][INFO]: Removed 0 recipes registered in these 0 recipe managers: []
[18:00:05.417][INFO]: Removing all recipes that output <item:apocalypsenow:military_radio>
[18:00:05.419][INFO]: Removed 0 recipes registered in these 0 recipe managers: []
[18:00:05.419][INFO]: Removing all recipes that output <item:apocalypsenow:gravediggers_shovel>
[18:00:05.420][INFO]: Removed 1 recipes registered in these 1 recipe managers: [<recipetype:minecraft:crafting>: 1]
[18:00:05.420][INFO]: Removing all recipes that output <item:apocalypsenow:taser>
[18:00:05.424][INFO]: Removed 1 recipes registered in these 1 recipe managers: [<recipetype:minecraft:crafting>: 1]
[18:00:05.424][INFO]: Removing all recipes that output <item:apocalypsenow:beer>
[18:00:05.426][INFO]: Removed 0 recipes registered in these 0 recipe managers: []
[18:00:05.426][INFO]: Removing all recipes that output <item:apocalypsenow:tomato>
[18:00:05.427][INFO]: Removed 0 recipes registered in these 0 recipe managers: []
[18:00:05.427][INFO]: Removing all recipes that output <item:apocalypsenow:butter>
[18:00:05.429][INFO]: Removed 1 recipes registered in these 1 recipe managers: [<recipetype:minecraft:crafting>: 1]
[18:00:05.429][INFO]: Removing all recipes that output <item:apocalypsenow:canteen_41>
[18:00:05.430][INFO]: Removed 0 recipes registered in these 0 recipe managers: []
[18:00:05.431][INFO]: Removing all recipes that output <item:apocalypsenow:canteen_42>
[18:00:05.432][INFO]: Removed 0 recipes registered in these 0 recipe managers: []
[18:00:05.432][INFO]: Removing all recipes that output <item:apocalypsenow:canteen_43>
[18:00:05.434][INFO]: Removed 0 recipes registered in these 0 recipe managers: []
[18:00:05.434][INFO]: Removing all recipes that output <item:apocalypsenow:canteen_44>
[18:00:05.436][INFO]: Removed 0 recipes registered in these 0 recipe managers: []
[18:00:05.436][INFO]: Removing all recipes that output <item:apocalypsenow:chicken_wing>
[18:00:05.438][INFO]: Removed 0 recipes registered in these 0 recipe managers: []
[18:00:05.438][INFO]: Removing all recipes that output <item:apocalypsenow:cooked_chicken_wing>
[18:00:05.440][INFO]: Removed 2 recipes registered in these 2 recipe managers: [<recipetype:minecraft:smelting>: 1, <recipetype:minecraft:smoking>: 1]
[18:00:05.440][INFO]: Removing all recipes that output <item:apocalypsenow:chocolate_bar>
[18:00:05.442][INFO]: Removed 0 recipes registered in these 0 recipe managers: []
[18:00:05.442][INFO]: Removing all recipes that output <item:apocalypsenow:cheese>
[18:00:05.443][INFO]: Removed 1 recipes registered in these 1 recipe managers: [<recipetype:minecraft:crafting>: 1]
[18:00:05.443][INFO]: Removing all recipes that output <item:apocalypsenow:donut>
[18:00:05.445][INFO]: Removed 0 recipes registered in these 0 recipe managers: []
[18:00:05.445][INFO]: Removing all recipes that output <item:apocalypsenow:cooked_canned_chilie>
[18:00:05.447][INFO]: Removed 3 recipes registered in these 3 recipe managers: [<recipetype:minecraft:campfire_cooking>: 1, <recipetype:minecraft:smelting>: 1, <recipetype:minecraft:smoking>: 1]
[18:00:05.447][INFO]: Removing all recipes that output <item:apocalypsenow:cooked_canned_food>
[18:00:05.448][INFO]: Removed 3 recipes registered in these 3 recipe managers: [<recipetype:minecraft:campfire_cooking>: 1, <recipetype:minecraft:smelting>: 1, <recipetype:minecraft:smoking>: 1]
[18:00:05.448][INFO]: Removing all recipes that output <item:apocalypsenow:cooked_canned_soup>
[18:00:05.450][INFO]: Removed 3 recipes registered in these 3 recipe managers: [<recipetype:minecraft:campfire_cooking>: 1, <recipetype:minecraft:smelting>: 1, <recipetype:minecraft:smoking>: 1]
[18:00:05.450][INFO]: Removing all recipes that output <item:apocalypsenow:open_canned_chili>
[18:00:05.452][INFO]: Removed 1 recipes registered in these 1 recipe managers: [<recipetype:minecraft:crafting>: 1]
[18:00:05.452][INFO]: Removing all recipes that output <item:apocalypsenow:open_canned_strawberry>
[18:00:05.453][INFO]: Removed 1 recipes registered in these 1 recipe managers: [<recipetype:minecraft:crafting>: 1]
[18:00:05.454][INFO]: Removing all recipes that output <item:apocalypsenow:open_canned_corn>
[18:00:05.457][INFO]: Removed 1 recipes registered in these 1 recipe managers: [<recipetype:minecraft:crafting>: 1]
[18:00:05.457][INFO]: Removing all recipes that output <item:apocalypsenow:open_canned_beans>
[18:00:05.463][INFO]: Removed 1 recipes registered in these 1 recipe managers: [<recipetype:minecraft:crafting>: 1]
[18:00:05.463][INFO]: Removing all recipes that output <item:apocalypsenow:open_canned_food>
[18:00:05.469][INFO]: Removed 1 recipes registered in these 1 recipe managers: [<recipetype:minecraft:crafting>: 1]
[18:00:05.469][INFO]: Removing all recipes that output <item:apocalypsenow:open_canned_soup>
[18:00:05.474][INFO]: Removed 1 recipes registered in these 1 recipe managers: [<recipetype:minecraft:crafting>: 1]
[18:00:05.474][INFO]: Removing all recipes that output <item:apocalypsenow:open_dogs_food>
[18:00:05.478][INFO]: Removed 1 recipes registered in these 1 recipe managers: [<recipetype:minecraft:crafting>: 1]
[18:00:05.478][INFO]: Removing all recipes that output <item:apocalypsenow:cooked_canned_beans>
[18:00:05.483][INFO]: Removed 2 recipes registered in these 2 recipe managers: [<recipetype:minecraft:smelting>: 1, <recipetype:minecraft:smoking>: 1]
[18:00:05.483][INFO]: Removing all recipes that output <item:apocalypsenow:canned_beans>
[18:00:05.488][INFO]: Removed 1 recipes registered in these 1 recipe managers: [<recipetype:minecraft:crafting>: 1]
[18:00:05.488][INFO]: Removing all recipes that output <item:apocalypsenow:canned_strawberry>
[18:00:05.492][INFO]: Removed 0 recipes registered in these 0 recipe managers: []
[18:00:05.492][INFO]: Removing all recipes that output <item:apocalypsenow:canned_corn>
[18:00:05.495][INFO]: Removed 1 recipes registered in these 1 recipe managers: [<recipetype:minecraft:crafting>: 1]
[18:00:05.495][INFO]: Removing all recipes that output <item:apocalypsenow:canned_chili>
[18:00:05.498][INFO]: Removed 1 recipes registered in these 1 recipe managers: [<recipetype:minecraft:crafting>: 1]
[18:00:05.498][INFO]: Removing all recipes that output <item:apocalypsenow:canned_food>
[18:00:05.500][INFO]: Removed 1 recipes registered in these 1 recipe managers: [<recipetype:minecraft:crafting>: 1]
[18:00:05.500][INFO]: Removing all recipes that output <item:apocalypsenow:canned_soup>
[18:00:05.502][INFO]: Removed 1 recipes registered in these 1 recipe managers: [<recipetype:minecraft:crafting>: 1]
[18:00:05.502][INFO]: Removing all recipes that output <item:apocalypsenow:dogs_food>
[18:00:05.504][INFO]: Removed 1 recipes registered in these 1 recipe managers: [<recipetype:minecraft:crafting>: 1]
[18:00:05.504][INFO]: Removing all recipes that output <item:apocalypsenow:orange>
[18:00:05.505][INFO]: Removed 0 recipes registered in these 0 recipe managers: []
[18:00:05.505][INFO]: Removing all recipes that output <item:apocalypsenow:tomato>
[18:00:05.507][INFO]: Removed 0 recipes registered in these 0 recipe managers: []
[18:00:05.507][INFO]: Removing all recipes that output <item:apocalypsenow:milk>
[18:00:05.509][INFO]: Removed 2 recipes registered in these 1 recipe managers: [<recipetype:minecraft:crafting>: 2]
[18:00:05.509][INFO]: Removing all recipes that output <item:apocalypsenow:lettuce>
[18:00:05.510][INFO]: Removed 0 recipes registered in these 0 recipe managers: []
[18:00:05.510][INFO]: Removing all recipes that output <item:apocalypsenow:fried_egg>
[18:00:05.512][INFO]: Removed 2 recipes registered in these 2 recipe managers: [<recipetype:minecraft:smelting>: 1, <recipetype:minecraft:smoking>: 1]
[18:00:05.512][INFO]: Removing all recipes that output <item:apocalypsenow:fries>
[18:00:05.514][INFO]: Removed 1 recipes registered in these 1 recipe managers: [<recipetype:minecraft:crafting>: 1]
[18:00:05.514][INFO]: Removing all recipes that output <item:apocalypsenow:hamburger>
[18:00:05.516][INFO]: Removed 1 recipes registered in these 1 recipe managers: [<recipetype:minecraft:crafting>: 1]
[18:00:05.516][INFO]: Removing all recipes that output <item:apocalypsenow:bottle>
[18:00:05.518][INFO]: Removed 0 recipes registered in these 0 recipe managers: []
[18:00:05.518][INFO]: Removing all recipes that output <item:apocalypsenow:reinforced_wooden_door>
[18:00:05.520][INFO]: Removed 1 recipes registered in these 1 recipe managers: [<recipetype:minecraft:crafting>: 1]
[18:00:05.520][INFO]: Removing all recipes that output <item:apocalypsenow:reinforced_door>
[18:00:05.523][INFO]: Removed 1 recipes registered in these 1 recipe managers: [<recipetype:minecraft:crafting>: 1]
[18:00:05.524][INFO]: Removing all recipes that output <item:apocalypsenow:scrap_metal_block>
[18:00:05.525][INFO]: Removed 1 recipes registered in these 1 recipe managers: [<recipetype:minecraft:crafting>: 1]
[18:00:05.525][INFO]: Removing all recipes that output <item:apocalypsenow:wooden_crate>
[18:00:05.527][INFO]: Removed 1 recipes registered in these 1 recipe managers: [<recipetype:minecraft:crafting>: 1]
[18:00:05.527][INFO]: Removing all recipes that output <item:apocalypsenow:military_crate>
[18:00:05.528][INFO]: Removed 1 recipes registered in these 1 recipe managers: [<recipetype:minecraft:crafting>: 1]
[18:00:05.528][INFO]: Removing all recipes that output <item:apocalypsenow:soap_in_a_sock>
[18:00:05.530][INFO]: Removed 1 recipes registered in these 1 recipe managers: [<recipetype:minecraft:crafting>: 1]
[18:00:05.530][INFO]: Removing all recipes that output <item:apocalypsenow:makeshift_machete>
[18:00:05.532][INFO]: Removed 1 recipes registered in these 1 recipe managers: [<recipetype:minecraft:crafting>: 1]
[18:00:05.532][INFO]: Removing all recipes that output <item:apocalypsenow:makeshift_axe>
[18:00:05.534][INFO]: Removed 1 recipes registered in these 1 recipe managers: [<recipetype:minecraft:crafting>: 1]
[18:00:05.534][INFO]: Removing all recipes that output <item:apocalypsenow:makeshift_knife>
[18:00:05.537][INFO]: Removed 1 recipes registered in these 1 recipe managers: [<recipetype:minecraft:crafting>: 1]
[18:00:05.537][INFO]: Removing all recipes that output <item:apocalypsenow:mosquito_knife>
[18:00:05.539][INFO]: Removed 1 recipes registered in these 1 recipe managers: [<recipetype:minecraft:crafting>: 1]
[18:00:05.539][INFO]: Removing all recipes that output <item:apocalypsenow:barbecuestick>
[18:00:05.541][INFO]: Removed 1 recipes registered in these 1 recipe managers: [<recipetype:minecraft:crafting>: 1]
[18:00:05.541][INFO]: Removing all recipes that output <item:apocalypsenow:phillipsscrewdriver>
[18:00:05.543][INFO]: Removed 1 recipes registered in these 1 recipe managers: [<recipetype:minecraft:crafting>: 1]
[18:00:05.543][INFO]: Removing all recipes that output <item:apocalypsenow:rubberduck>
[18:00:05.545][INFO]: Removed 1 recipes registered in these 1 recipe managers: [<recipetype:minecraft:crafting>: 1]
[18:00:05.545][INFO]: Removing all recipes that output <item:apocalypsenow:ontario_sp_8>
[18:00:05.547][INFO]: Removed 1 recipes registered in these 1 recipe managers: [<recipetype:minecraft:crafting>: 1]
[18:00:05.547][INFO]: Removing all recipes that output <item:apocalypsenow:marmalade>
[18:00:05.550][INFO]: Removed 1 recipes registered in these 1 recipe managers: [<recipetype:minecraft:crafting>: 1]
[18:00:05.550][INFO]: Removing all recipes that output <item:apocalypsenow:passportred>
[18:00:05.552][INFO]: Removed 0 recipes registered in these 0 recipe managers: []
[18:00:05.552][INFO]: Removing all recipes that output <item:apocalypsenow:passportblue>
[18:00:05.553][INFO]: Removed 0 recipes registered in these 0 recipe managers: []
[18:00:05.553][INFO]: Removing all recipes that output <item:apocalypsenow:passport_green>
[18:00:05.555][INFO]: Removed 0 recipes registered in these 0 recipe managers: []
[18:00:05.555][INFO]: Removing all recipes that output <item:apocalypsenow:credit_card>
[18:00:05.558][INFO]: Removed 0 recipes registered in these 0 recipe managers: []
[18:00:05.558][INFO]: Removing all recipes that output <item:apocalypsenow:wallet>
[18:00:05.559][INFO]: Removed 0 recipes registered in these 0 recipe managers: []
[18:00:05.559][INFO]: Removing all recipes that output <item:apocalypsenow:kevlar>
[18:00:05.561][INFO]: Removed 1 recipes registered in these 1 recipe managers: [<recipetype:minecraft:crafting>: 1]
[18:00:05.561][INFO]: Removing all recipes that output <item:apocalypsenow:polyester>
[18:00:05.563][INFO]: Removed 1 recipes registered in these 1 recipe managers: [<recipetype:minecraft:crafting>: 1]
[18:00:05.563][INFO]: Removing all recipes that output <item:apocalypsenow:armorplate>
[18:00:05.564][INFO]: Removed 1 recipes registered in these 1 recipe managers: [<recipetype:minecraft:crafting>: 1]
[18:00:05.564][INFO]: Removing all recipes that output <item:apocalypsenow:reinforced_armor_plate>
[18:00:05.566][INFO]: Removed 1 recipes registered in these 1 recipe managers: [<recipetype:minecraft:crafting>: 1]
[18:00:05.566][INFO]: Removing all recipes that output <item:apocalypsenow:plasticplate>
[18:00:05.568][INFO]: Removed 1 recipes registered in these 1 recipe managers: [<recipetype:minecraft:crafting>: 1]
[18:00:05.568][INFO]: Removing all recipes that output <item:apocalypsenow:crafts_and_wood>
[18:00:05.571][INFO]: Removed 0 recipes registered in these 0 recipe managers: []
[18:00:05.571][INFO]: Removing all recipes that output <item:apocalypsenow:thecookingguide>
[18:00:05.573][INFO]: Removed 0 recipes registered in these 0 recipe managers: []
[18:00:05.573][INFO]: Removing all recipes that output <item:apocalypsenow:electricalengineering>
[18:00:05.575][INFO]: Removed 0 recipes registered in these 0 recipe managers: []
[18:00:05.575][INFO]: Removing all recipes that output <item:apocalypsenow:firstaidbook>
[18:00:05.576][INFO]: Removed 0 recipes registered in these 0 recipe managers: []
[18:00:05.576][INFO]: Removing all recipes that output <item:apocalypsenow:craftsand_wood_ii>
[18:00:05.578][INFO]: Removed 0 recipes registered in these 0 recipe managers: []
[18:00:05.578][INFO]: Removing all recipes that output <item:apocalypsenow:bandage>
[18:00:05.580][INFO]: Removed 2 recipes registered in these 1 recipe managers: [<recipetype:minecraft:crafting>: 2]
[18:00:05.580][INFO]: Removing all recipes that output <item:apocalypsenow:pain_killers>
[18:00:05.582][INFO]: Removed 0 recipes registered in these 0 recipe managers: []
[18:00:05.582][INFO]: Removing all recipes that output <item:apocalypsenow:antibiotics>
[18:00:05.583][INFO]: Removed 0 recipes registered in these 0 recipe managers: []
[18:00:05.583][INFO]: Removing all recipes that output <item:apocalypsenow:homemadeantibiotics>
[18:00:05.584][INFO]: Removed 1 recipes registered in these 1 recipe managers: [<recipetype:minecraft:crafting>: 1]
[18:00:05.584][INFO]: Removing all recipes that output <item:apocalypsenow:stringandneedle>
[18:00:05.586][INFO]: Removed 1 recipes registered in these 1 recipe managers: [<recipetype:minecraft:crafting>: 1]
[18:00:05.586][INFO]: Removing all recipes that output <item:apocalypsenow:syringe>
[18:00:05.587][INFO]: Removed 2 recipes registered in these 1 recipe managers: [<recipetype:minecraft:crafting>: 2]
[18:00:05.588][INFO]: Removing all recipes that output <item:apocalypsenow:adrenalinepot>
[18:00:05.589][INFO]: Removed 1 recipes registered in these 1 recipe managers: [<recipetype:minecraft:crafting>: 1]
[18:00:05.589][INFO]: Removing all recipes that output <item:apocalypsenow:morphinepot>
[18:00:05.591][INFO]: Removed 1 recipes registered in these 1 recipe managers: [<recipetype:minecraft:crafting>: 1]
[18:00:05.591][INFO]: Removing all recipes that output <item:apocalypsenow:saline>
[18:00:05.593][INFO]: Removed 0 recipes registered in these 0 recipe managers: []
[18:00:05.593][INFO]: Removing all recipes that output <item:apocalypsenow:morphine>
[18:00:05.594][INFO]: Removed 1 recipes registered in these 1 recipe managers: [<recipetype:minecraft:crafting>: 1]
[18:00:05.594][INFO]: Removing all recipes that output <item:apocalypsenow:adrenaline_syringe>
[18:00:05.596][INFO]: Removed 1 recipes registered in these 1 recipe managers: [<recipetype:minecraft:crafting>: 1]
[18:00:05.596][INFO]: Removing all recipes that output <item:apocalypsenow:hydrochloricacid>
[18:00:05.598][INFO]: Removed 1 recipes registered in these 1 recipe managers: [<recipetype:minecraft:crafting>: 1]
[18:00:05.598][INFO]: Removing all recipes that output <item:apocalypsenow:sulfuricacid>
[18:00:05.599][INFO]: Removed 1 recipes registered in these 1 recipe managers: [<recipetype:minecraft:crafting>: 1]
[18:00:05.599][INFO]: Removing all recipes that output <item:apocalypsenow:chlorine_dioxed>
[18:00:05.601][INFO]: Removed 1 recipes registered in these 1 recipe managers: [<recipetype:minecraft:crafting>: 1]
[18:00:05.601][INFO]: Removing all recipes that output <item:apocalypsenow:bloodsyringe>
[18:00:05.602][INFO]: Removed 0 recipes registered in these 0 recipe managers: []
[18:00:05.602][INFO]: Removing all recipes that output <item:apocalypsenow:purificationtablets>
[18:00:05.604][INFO]: Removed 1 recipes registered in these 1 recipe managers: [<recipetype:minecraft:crafting>: 1]
[18:00:05.604][INFO]: Removing all recipes that output <item:apocalypsenow:surgicalclamps>
[18:00:05.605][INFO]: Removed 1 recipes registered in these 1 recipe managers: [<recipetype:minecraft:crafting>: 1]
[18:00:05.605][INFO]: Removing all recipes that output <item:apocalypsenow:slipt>
[18:00:05.607][INFO]: Removed 1 recipes registered in these 1 recipe managers: [<recipetype:minecraft:crafting>: 1]
[18:00:05.607][INFO]: Removing all recipes that output <item:apocalypsenow:rags>
[18:00:05.609][INFO]: Removed 2 recipes registered in these 1 recipe managers: [<recipetype:minecraft:crafting>: 2]
[18:00:05.609][INFO]: Removing all recipes that output <item:apocalypsenow:cleanrags>
[18:00:05.612][INFO]: Removed 1 recipes registered in these 1 recipe managers: [<recipetype:minecraft:crafting>: 1]
[18:00:05.612][INFO]: Removing all recipes that output <item:apocalypsenow:simplebackpack>
[18:00:05.615][INFO]: Removed 0 recipes registered in these 0 recipe managers: []
[18:00:05.615][INFO]: Removing all recipes that output <item:apocalypsenow:pinksimplebackpack>
[18:00:05.618][INFO]: Removed 0 recipes registered in these 0 recipe managers: []
[18:00:05.618][INFO]: Removing all recipes that output <item:apocalypsenow:bluesimplebackpack>
[18:00:05.619][INFO]: Removed 0 recipes registered in these 0 recipe managers: []
[18:00:05.619][INFO]: Removing all recipes that output <item:apocalypsenow:normalbackpack>
[18:00:05.621][INFO]: Removed 0 recipes registered in these 0 recipe managers: []
[18:00:05.621][INFO]: Removing all recipes that output <item:apocalypsenow:bigbackpack>
[18:00:05.622][INFO]: Removed 0 recipes registered in these 0 recipe managers: []
[18:00:05.622][INFO]: Removing all recipes that output <item:apocalypsenow:campingbackpack>
[18:00:05.624][INFO]: Removed 0 recipes registered in these 0 recipe managers: []
[18:00:05.624][INFO]: Removing all recipes that output <item:apocalypsenow:militarybackpack>
[18:00:05.627][INFO]: Removed 0 recipes registered in these 0 recipe managers: []
[18:00:05.627][INFO]: Removing all recipes that output <item:apocalypsenow:alicepack>
[18:00:05.630][INFO]: Removed 0 recipes registered in these 0 recipe managers: []
[18:00:05.630][INFO]: Removing all recipes that output <item:apocalypsenow:sack_helmet>
[18:00:05.634][INFO]: Removed 1 recipes registered in these 1 recipe managers: [<recipetype:minecraft:crafting>: 1]
[18:00:05.634][INFO]: Removing all recipes that output <item:apocalypsenow:nonalcoholic_beer>
[18:00:05.637][INFO]: Removed 0 recipes registered in these 0 recipe managers: []
[18:00:05.637][INFO]: Removing all recipes that output <item:apocalypsenow:vitamins>
[18:00:05.639][INFO]: Removed 1 recipes registered in these 1 recipe managers: [<recipetype:minecraft:crafting>: 1]
[18:00:05.639][INFO]: Removing all recipes that output <item:apocalypsenow:bloodybandages>
[18:00:05.641][INFO]: Removed 0 recipes registered in these 0 recipe managers: []
[18:00:05.641][INFO]: Removing all recipes that output <item:apocalypsenow:bloodyrags>
[18:00:05.643][INFO]: Removed 0 recipes registered in these 0 recipe managers: []
[18:00:05.643][INFO]: Removing all recipes that output <item:apocalypsenow:grenade_belt_chestplate>
[18:00:05.645][INFO]: Removed 1 recipes registered in these 1 recipe managers: [<recipetype:minecraft:crafting>: 1]
[18:00:05.645][INFO]: Removing all recipes that output <item:apocalypsenow:gpnvg_18_helmet_helmet>
[18:00:05.646][INFO]: Removed 1 recipes registered in these 1 recipe managers: [<recipetype:minecraft:crafting>: 1]
[18:00:05.646][INFO]: Removing all recipes that output <item:apocalypsenow:whisky>
[18:00:05.648][INFO]: Removed 1 recipes registered in these 1 recipe managers: [<recipetype:minecraft:crafting>: 1]
[18:00:05.648][INFO]: Removing all recipes that output <item:apocalypsenow:vodka>
[18:00:05.649][INFO]: Removed 3 recipes registered in these 1 recipe managers: [<recipetype:minecraft:crafting>: 3]
[18:00:05.649][INFO]: Removing all recipes that output <item:apocalypsenow:metal_shelves>
[18:00:05.650][INFO]: Removed 1 recipes registered in these 1 recipe managers: [<recipetype:minecraft:crafting>: 1]
[18:00:05.650][INFO]: Removing all recipes that output <item:apocalypsenow:metal_shelvels_two>
[18:00:05.652][INFO]: Removed 0 recipes registered in these 0 recipe managers: []
[18:00:05.652][INFO]: Removing all recipes that output <item:apocalypsenow:metal_shelves_three>
[18:00:05.654][INFO]: Removed 0 recipes registered in these 0 recipe managers: []
[18:00:05.654][INFO]: Removing all recipes that output <item:apocalypsenow:pallet>
[18:00:05.655][INFO]: Removed 1 recipes registered in these 1 recipe managers: [<recipetype:minecraft:crafting>: 1]
[18:00:05.655][INFO]: Removing all recipes that output <item:apocalypsenow:pallet_slab>
[18:00:05.657][INFO]: Removed 1 recipes registered in these 1 recipe managers: [<recipetype:minecraft:crafting>: 1]
[18:00:05.657][INFO]: Removing all recipes that output <item:apocalypsenow:pallet_storage>
[18:00:05.659][INFO]: Removed 1 recipes registered in these 1 recipe managers: [<recipetype:minecraft:crafting>: 1]
[18:00:05.659][INFO]: Removing all recipes that output <item:apocalypsenow:sandbagbarrier>
[18:00:05.660][INFO]: Removed 1 recipes registered in these 1 recipe managers: [<recipetype:minecraft:crafting>: 1]
[18:00:05.660][INFO]: Removing all recipes that output <item:apocalypsenow:salt>
[18:00:05.662][INFO]: Removed 0 recipes registered in these 0 recipe managers: []
[18:00:05.662][INFO]: Removing all recipes that output <item:apocalypsenow:water>
[18:00:05.663][INFO]: Removed 2 recipes registered in these 2 recipe managers: [<recipetype:minecraft:crafting>: 1, <recipetype:minecraft:smelting>: 1]
[18:00:05.663][INFO]: Removing all recipes that output <item:apocalypsenow:fried_egg>
[18:00:05.664][INFO]: Removed 0 recipes registered in these 0 recipe managers: []
[18:00:05.664][INFO]: Removing all recipes that output <item:apocalypsenow:petrol_barrel>
[18:00:05.666][INFO]: Removed 1 recipes registered in these 1 recipe managers: [<recipetype:minecraft:crafting>: 1]
[18:00:05.666][INFO]: Removing all recipes that output <item:apocalypsenow:hospital_door>
[18:00:05.667][INFO]: Removed 1 recipes registered in these 1 recipe managers: [<recipetype:minecraft:crafting>: 1]
[18:00:05.667][INFO]: Removing all recipes that output <item:apocalypsenow:prison_door>
[18:00:05.669][INFO]: Removed 1 recipes registered in these 1 recipe managers: [<recipetype:minecraft:crafting>: 1]
[18:00:05.669][INFO]: Removing all recipes that output <item:apocalypsenow:military_door>
[18:00:05.670][INFO]: Removed 1 recipes registered in these 1 recipe managers: [<recipetype:minecraft:crafting>: 1]
[18:00:05.670][INFO]: Removing all recipes that output <item:apocalypsenow:plane_door>
[18:00:05.673][INFO]: Removed 1 recipes registered in these 1 recipe managers: [<recipetype:minecraft:crafting>: 1]
[18:00:05.673][INFO]: Removing all recipes that output <item:apocalypsenow:glass_door>
[18:00:05.675][INFO]: Removed 1 recipes registered in these 1 recipe managers: [<recipetype:minecraft:crafting>: 1]
[18:00:05.675][INFO]: Removing all recipes that output <item:apocalypsenow:bunker_hatch>
[18:00:05.677][INFO]: Removed 1 recipes registered in these 1 recipe managers: [<recipetype:minecraft:crafting>: 1]
[18:00:05.677][INFO]: Removing all recipes that output <item:apocalypsenow:dynamite>
[18:00:05.678][INFO]: Removed 1 recipes registered in these 1 recipe managers: [<recipetype:minecraft:crafting>: 1]
[18:00:05.679][INFO]: Removing all recipes that output <item:apocalypsenow:dynamite_roll>
[18:00:05.680][INFO]: Removed 1 recipes registered in these 1 recipe managers: [<recipetype:minecraft:crafting>: 1]
[18:00:05.680][INFO]: Removing all recipes that output <item:apocalypsenow:improvised_dynamite_roll>
[18:00:05.684][INFO]: Removed 1 recipes registered in these 1 recipe managers: [<recipetype:minecraft:crafting>: 1]
[18:00:05.684][INFO]: Removing all recipes that output <item:apocalypsenow:small_can>
[18:00:05.686][INFO]: Removed 1 recipes registered in these 1 recipe managers: [<recipetype:minecraft:crafting>: 1]
[18:00:05.686][INFO]: Removing all recipes that output <item:apocalypsenow:water>
[18:00:05.688][INFO]: Removed 0 recipes registered in these 0 recipe managers: []
[18:00:05.688][INFO]: Removing all recipes that output <item:apocalypsenow:macandcheese>
[18:00:05.690][INFO]: Removed 0 recipes registered in these 0 recipe managers: []
[18:00:05.690][INFO]: Removing all recipes that output <item:apocalypsenow:tank_trap>
[18:00:05.691][INFO]: Removed 1 recipes registered in these 1 recipe managers: [<recipetype:minecraft:crafting>: 1]
[18:00:05.691][INFO]: Removing all recipes that output <item:apocalypsenow:worldcompass>
[18:00:05.693][INFO]: Removed 1 recipes registered in these 1 recipe managers: [<recipetype:minecraft:crafting>: 1]
[18:00:05.693][INFO]: Removing all recipes that output <item:apocalypsenow:iron_ladder>
[18:00:05.695][INFO]: Removed 1 recipes registered in these 1 recipe managers: [<recipetype:minecraft:crafting>: 1]
[18:00:05.695][INFO]: Removing all recipes that output <item:apocalypsenow:iron_plate>
[18:00:05.697][INFO]: Removed 1 recipes registered in these 1 recipe managers: [<recipetype:minecraft:crafting>: 1]
[18:00:05.697][INFO]: Removing all recipes that output <item:apocalypsenow:spike_log>
[18:00:05.698][INFO]: Removed 1 recipes registered in these 1 recipe managers: [<recipetype:minecraft:crafting>: 1]
[18:00:05.698][INFO]: Removing all recipes that output <item:apocalypsenow:mossbricks>
[18:00:05.700][INFO]: Removed 1 recipes registered in these 1 recipe managers: [<recipetype:minecraft:crafting>: 1]
[18:00:05.700][INFO]: Removing all recipes that output <item:apocalypsenow:mosstairs>
[18:00:05.702][INFO]: Removed 1 recipes registered in these 1 recipe managers: [<recipetype:minecraft:crafting>: 1]
[18:00:05.702][INFO]: Removing all recipes that output <item:apocalypsenow:mossbrickslab>
[18:00:05.703][INFO]: Removed 1 recipes registered in these 1 recipe managers: [<recipetype:minecraft:crafting>: 1]
[18:00:05.703][INFO]: Removing all recipes that output <item:apocalypsenow:mossbrickwall>
[18:00:05.705][INFO]: Removed 1 recipes registered in these 1 recipe managers: [<recipetype:minecraft:crafting>: 1]
[18:00:05.705][INFO]: Removing all recipes that output <item:apocalypsenow:cross>
[18:00:05.707][INFO]: Removed 1 recipes registered in these 1 recipe managers: [<recipetype:minecraft:crafting>: 1]
[18:00:05.707][INFO]: Removing all recipes that output <item:apocalypsenow:gravestone>
[18:00:05.708][INFO]: Removed 1 recipes registered in these 1 recipe managers: [<recipetype:minecraft:stonecutting>: 1]
[18:00:05.708][INFO]: Removing all recipes that output <item:apocalypsenow:rockpile>
[18:00:05.710][INFO]: Removed 1 recipes registered in these 1 recipe managers: [<recipetype:minecraft:crafting>: 1]
[18:00:05.710][INFO]: Removing all recipes that output <item:apocalypsenow:leaves_trap>
[18:00:05.712][INFO]: Removed 1 recipes registered in these 1 recipe managers: [<recipetype:minecraft:crafting>: 1]
[18:00:05.712][INFO]: Removing all recipes that output <item:apocalypsenow:barbed_wire>
[18:00:05.713][INFO]: Removed 1 recipes registered in these 1 recipe managers: [<recipetype:minecraft:crafting>: 1]
[18:00:05.713][INFO]: Removing all recipes that output <item:apocalypsenow:spikeswall>
[18:00:05.715][INFO]: Removed 1 recipes registered in these 1 recipe managers: [<recipetype:minecraft:crafting>: 1]
[18:00:05.715][INFO]: Removing all recipes that output <item:apocalypsenow:spike_barrier>
[18:00:05.716][INFO]: Removed 1 recipes registered in these 1 recipe managers: [<recipetype:minecraft:crafting>: 1]
[18:00:05.716][INFO]: Removing all recipes that output <item:apocalypsenow:glass_spikes>
[18:00:05.718][INFO]: Removed 1 recipes registered in these 1 recipe managers: [<recipetype:minecraft:crafting>: 1]
[18:00:05.718][INFO]: Removing all recipes that output <item:apocalypsenow:spikes>
[18:00:05.720][INFO]: Removed 1 recipes registered in these 1 recipe managers: [<recipetype:minecraft:crafting>: 1]
[18:00:05.720][INFO]: Removing all recipes that output <item:apocalypsenow:tripwire_bomb>
[18:00:05.722][INFO]: Removed 1 recipes registered in these 1 recipe managers: [<recipetype:minecraft:crafting>: 1]
[18:00:05.722][INFO]: Removing all recipes that output <item:apocalypsenow:cream_cracker>
[18:00:05.724][INFO]: Removed 0 recipes registered in these 0 recipe managers: []
[18:00:05.724][INFO]: Removing all recipes that output <item:apocalypsenow:pile_of_tires>
[18:00:05.727][INFO]: Removed 1 recipes registered in these 1 recipe managers: [<recipetype:minecraft:crafting>: 1]
[18:00:05.727][INFO]: Removing all recipes that output <item:apocalypsenow:electric_door>
[18:00:05.730][INFO]: Removed 1 recipes registered in these 1 recipe managers: [<recipetype:minecraft:crafting>: 1]
[18:00:05.730][INFO]: Removing all recipes that output <item:apocalypsenow:iron_grid_door>
[18:00:05.733][INFO]: Removed 1 recipes registered in these 1 recipe managers: [<recipetype:minecraft:crafting>: 1]
[18:00:05.733][INFO]: Removing all recipes that output <item:apocalypsenow:nutrition_bar>
[18:00:05.737][INFO]: Removed 0 recipes registered in these 0 recipe managers: []
[18:00:05.738][INFO]: Removing all recipes that output <item:apocalypsenow:explosive_barrel>
[18:00:05.740][INFO]: Removed 1 recipes registered in these 1 recipe managers: [<recipetype:minecraft:crafting>: 1]
[18:00:05.740][INFO]: Removing all recipes that output <item:apocalypsenow:screwdriver>
[18:00:05.742][INFO]: Removed 1 recipes registered in these 1 recipe managers: [<recipetype:minecraft:crafting>: 1]
[18:00:05.742][INFO]: Removing all recipes that output <item:apocalypsenow:pan>
[18:00:05.744][INFO]: Removed 1 recipes registered in these 1 recipe managers: [<recipetype:minecraft:crafting>: 1]
[18:00:05.744][INFO]: Removing all recipes that output <item:apocalypsenow:catana>
[18:00:05.746][INFO]: Removed 1 recipes registered in these 1 recipe managers: [<recipetype:minecraft:crafting>: 1]
[18:00:05.746][INFO]: Removing all recipes that output <item:apocalypsenow:kanabo>
[18:00:05.747][INFO]: Removed 1 recipes registered in these 1 recipe managers: [<recipetype:minecraft:crafting>: 1]
[18:00:05.747][INFO]: Removing all recipes that output <item:apocalypsenow:camping_knife>
[18:00:05.748][INFO]: Removed 1 recipes registered in these 1 recipe managers: [<recipetype:minecraft:crafting>: 1]
[18:00:05.748][INFO]: Removing all recipes that output <item:apocalypsenow:camping_machete>
[18:00:05.749][INFO]: Removed 1 recipes registered in these 1 recipe managers: [<recipetype:minecraft:crafting>: 1]
[18:00:05.749][INFO]: Removing all recipes that output <item:apocalypsenow:icepick>
[18:00:05.751][INFO]: Removed 1 recipes registered in these 1 recipe managers: [<recipetype:minecraft:crafting>: 1]
[18:00:05.751][INFO]: Removing all recipes that output <item:apocalypsenow:gardening_saw>
[18:00:05.752][INFO]: Removed 1 recipes registered in these 1 recipe managers: [<recipetype:minecraft:crafting>: 1]
[18:00:05.752][INFO]: Removing all recipes that output <item:apocalypsenow:black_cleaver>
[18:00:05.753][INFO]: Removed 1 recipes registered in these 1 recipe managers: [<recipetype:minecraft:crafting>: 1]
[18:00:05.753][INFO]: Removing all recipes that output <item:apocalypsenow:cutter_knife>
[18:00:05.754][INFO]: Removed 1 recipes registered in these 1 recipe managers: [<recipetype:minecraft:crafting>: 1]
[18:00:05.754][INFO]: Removing all recipes that output <item:apocalypsenow:survival_knife>
[18:00:05.755][INFO]: Removed 1 recipes registered in these 1 recipe managers: [<recipetype:minecraft:crafting>: 1]
[18:00:05.755][INFO]: Removing all recipes that output <item:apocalypsenow:chefs_knife>
[18:00:05.756][INFO]: Removed 1 recipes registered in these 1 recipe managers: [<recipetype:minecraft:crafting>: 1]
[18:00:05.756][INFO]: Removing all recipes that output <item:apocalypsenow:razor>
[18:00:05.758][INFO]: Removed 1 recipes registered in these 1 recipe managers: [<recipetype:minecraft:crafting>: 1]
[18:00:05.758][INFO]: Removing all recipes that output <item:apocalypsenow:taiga_1_survival_machete>
[18:00:05.759][INFO]: Removed 1 recipes registered in these 1 recipe managers: [<recipetype:minecraft:crafting>: 1]
[18:00:05.759][INFO]: Removing all recipes that output <item:apocalypsenow:combat_survival_knife>
[18:00:05.760][INFO]: Removed 1 recipes registered in these 1 recipe managers: [<recipetype:minecraft:crafting>: 1]
[18:00:05.760][INFO]: Removing all recipes that output <item:apocalypsenow:stun_baton>
[18:00:05.761][INFO]: Removed 1 recipes registered in these 1 recipe managers: [<recipetype:minecraft:crafting>: 1]
[18:00:05.761][INFO]: Removing all recipes that output <item:apocalypsenow:comically_large_spoon>
[18:00:05.762][INFO]: Removed 0 recipes registered in these 0 recipe managers: []
[18:00:05.762][INFO]: Removing all recipes that output <item:apocalypsenow:spikefence>
[18:00:05.763][INFO]: Removed 1 recipes registered in these 1 recipe managers: [<recipetype:minecraft:crafting>: 1]
[18:00:05.763][INFO]: Removing all recipes that output <item:apocalypsenow:medical_box>
[18:00:05.764][INFO]: Removed 1 recipes registered in these 1 recipe managers: [<recipetype:minecraft:crafting>: 1]
[18:00:05.765][INFO]: Removing all recipes that output <item:apocalypsenow:broken_tv>
[18:00:05.766][INFO]: Removed 1 recipes registered in these 1 recipe managers: [<recipetype:minecraft:crafting>: 1]
[18:00:05.766][INFO]: Removing all recipes that output <item:apocalypsenow:broken_plasma_tv>
[18:00:05.767][INFO]: Removed 1 recipes registered in these 1 recipe managers: [<recipetype:minecraft:crafting>: 1]
[18:00:05.767][INFO]: Removing all recipes that output <item:apocalypsenow:brokenpremiunradio>
[18:00:05.769][INFO]: Removed 1 recipes registered in these 1 recipe managers: [<recipetype:minecraft:crafting>: 1]
[18:00:05.769][INFO]: Removing all recipes that output <item:apocalypsenow:brokenoldradio>
[18:00:05.770][INFO]: Removed 1 recipes registered in these 1 recipe managers: [<recipetype:minecraft:crafting>: 1]
[18:00:05.770][INFO]: Removing all recipes that output <item:apocalypsenow:umbrella>
[18:00:05.772][INFO]: Removed 1 recipes registered in these 1 recipe managers: [<recipetype:minecraft:crafting>: 1]
[18:00:05.772][INFO]: Removing all recipes that output <item:apocalypsenow:mangrove_planks_stash>
[18:00:05.773][INFO]: Removed 1 recipes registered in these 1 recipe managers: [<recipetype:minecraft:crafting>: 1]
[18:00:05.773][INFO]: Removing all recipes that output <item:apocalypsenow:cherry_planks_stash>
[18:00:05.777][INFO]: Removed 1 recipes registered in these 1 recipe managers: [<recipetype:minecraft:crafting>: 1]
[18:00:05.777][INFO]: Removing all recipes that output <item:apocalypsenow:rain_collector>
[18:00:05.779][INFO]: Removed 1 recipes registered in these 1 recipe managers: [<recipetype:minecraft:crafting>: 1]
[18:00:05.779][INFO]: Removing all recipes that output <item:apocalypsenow:stampler>
[18:00:05.786][INFO]: Removed 0 recipes registered in these 0 recipe managers: []
[18:00:05.789][INFO]: Removing all recipes that output <item:apocalypsenow:spruce_crate>
[18:00:05.793][INFO]: Removed 0 recipes registered in these 0 recipe managers: []
[18:00:05.793][INFO]: Removing all recipes that output <item:apocalypsenow:birch_crate>
[18:00:05.802][INFO]: Removed 1 recipes registered in these 1 recipe managers: [<recipetype:minecraft:crafting>: 1]
[18:00:05.802][INFO]: Removing all recipes that output <item:apocalypsenow:jungle_crate>
[18:00:05.806][INFO]: Removed 1 recipes registered in these 1 recipe managers: [<recipetype:minecraft:crafting>: 1]
[18:00:05.806][INFO]: Removing all recipes that output <item:apocalypsenow:acacia_crate>
[18:00:05.810][INFO]: Removed 1 recipes registered in these 1 recipe managers: [<recipetype:minecraft:crafting>: 1]
[18:00:05.810][INFO]: Removing all recipes that output <item:apocalypsenow:dark_crate>
[18:00:05.812][INFO]: Removed 1 recipes registered in these 1 recipe managers: [<recipetype:minecraft:crafting>: 1]
[18:00:05.812][INFO]: Removing all recipes that output <item:apocalypsenow:mangrove_crate>
[18:00:05.815][INFO]: Removed 1 recipes registered in these 1 recipe managers: [<recipetype:minecraft:crafting>: 1]
[18:00:05.815][INFO]: Removing all recipes that output <item:apocalypsenow:cherry_crate>
[18:00:05.817][INFO]: Removed 1 recipes registered in these 1 recipe managers: [<recipetype:minecraft:crafting>: 1]
[18:00:05.817][INFO]: Removing all recipes that output <item:apocalypsenow:modern_tomahawk>
[18:00:05.819][INFO]: Removed 0 recipes registered in these 0 recipe managers: []
[18:00:05.819][INFO]: Removing all recipes that output <item:apocalypsenow:makeshiftfishingrod>
[18:00:05.820][INFO]: Removed 1 recipes registered in these 1 recipe managers: [<recipetype:minecraft:crafting>: 1]
[18:00:05.820][INFO]: Removing all recipes that output <item:apocalypsenow:rain_collector_full>
[18:00:05.821][INFO]: Removed 0 recipes registered in these 0 recipe managers: []
[18:00:05.821][INFO]: Removing all recipes that output <item:apocalypsenow:thincan>
[18:00:05.823][INFO]: Removed 1 recipes registered in these 1 recipe managers: [<recipetype:minecraft:crafting>: 1]
[18:00:05.823][INFO]: Removing all recipes that output <item:apocalypsenow:blackhockeymask_helmet>
[18:00:05.824][INFO]: Removed 1 recipes registered in these 1 recipe managers: [<recipetype:minecraft:crafting>: 1]
[18:00:05.824][INFO]: Removing all recipes that output <item:apocalypsenow:ballistic_mask_helmet>
[18:00:05.825][INFO]: Removed 1 recipes registered in these 1 recipe managers: [<recipetype:minecraft:crafting>: 1]
[18:00:05.825][INFO]: Removing all recipes that output <item:apocalypsenow:energy_drink>
[18:00:05.826][INFO]: Removed 0 recipes registered in these 0 recipe managers: []
[18:00:05.826][INFO]: Removing all recipes that output <item:apocalypsenow:tank_helmet>
[18:00:05.827][INFO]: Removed 1 recipes registered in these 1 recipe managers: [<recipetype:minecraft:crafting>: 1]
[18:00:05.827][INFO]: Removing all recipes that output <item:apocalypsenow:desertcamo_6b_chestplate>
[18:00:05.828][INFO]: Removed 1 recipes registered in these 1 recipe managers: [<recipetype:minecraft:crafting>: 1]
[18:00:05.828][INFO]: Removing all recipes that output <item:apocalypsenow:advanced_hazmat_suit_helmet>
[18:00:05.829][INFO]: Removed 1 recipes registered in these 1 recipe managers: [<recipetype:minecraft:crafting>: 1]
[18:00:05.830][INFO]: Removing all recipes that output <item:apocalypsenow:advanced_hazmat_suit_chestplate>
[18:00:05.831][INFO]: Removed 1 recipes registered in these 1 recipe managers: [<recipetype:minecraft:crafting>: 1]
[18:00:05.831][INFO]: Removing all recipes that output <item:apocalypsenow:advanced_hazmat_suit_leggings>
[18:00:05.832][INFO]: Removed 1 recipes registered in these 1 recipe managers: [<recipetype:minecraft:crafting>: 1]
[18:00:05.832][INFO]: Removing all recipes that output <item:apocalypsenow:advanced_hazmat_suit_boots>
[18:00:05.833][INFO]: Removed 1 recipes registered in these 1 recipe managers: [<recipetype:minecraft:crafting>: 1]
[18:00:05.833][INFO]: Removing all recipes that output <item:apocalypsenow:rou_respirator_helmet>
[18:00:05.834][INFO]: Removed 1 recipes registered in these 1 recipe managers: [<recipetype:minecraft:crafting>: 1]
[18:00:05.834][INFO]: Removing all recipes that output <item:apocalypsenow:soviet_ushanka_helmet>
[18:00:05.835][INFO]: Removed 1 recipes registered in these 1 recipe managers: [<recipetype:minecraft:crafting>: 1]
[18:00:05.835][INFO]: Removing all recipes that output <item:apocalypsenow:mcu2p_gasmask_helmet>
[18:00:05.836][INFO]: Removed 1 recipes registered in these 1 recipe managers: [<recipetype:minecraft:crafting>: 1]
[18:00:05.836][INFO]: Removing all recipes that output <item:apocalypsenow:officer_chestplate>
[18:00:05.838][INFO]: Removed 2 recipes registered in these 1 recipe managers: [<recipetype:minecraft:crafting>: 2]
[18:00:05.838][INFO]: Removing all recipes that output <item:apocalypsenow:bass>
[18:00:05.839][INFO]: Removed 1 recipes registered in these 1 recipe managers: [<recipetype:minecraft:crafting>: 1]
[18:00:05.839][INFO]: Removing all recipes that output <item:apocalypsenow:guitar>
[18:00:05.840][INFO]: Removed 1 recipes registered in these 1 recipe managers: [<recipetype:minecraft:crafting>: 1]
[18:00:05.840][INFO]: Removing all recipes that output <item:apocalypsenow:jet_pilot_helmet>
[18:00:05.841][INFO]: Removed 1 recipes registered in these 1 recipe managers: [<recipetype:minecraft:crafting>: 1]
[18:00:05.841][INFO]: Removing all recipes that output <item:apocalypsenow:jet_pilot_chestplate>
[18:00:05.842][INFO]: Removed 1 recipes registered in these 1 recipe managers: [<recipetype:minecraft:crafting>: 1]
[18:00:05.843][INFO]: Removing all recipes that output <item:apocalypsenow:jet_pilot_leggings>
[18:00:05.844][INFO]: Removed 1 recipes registered in these 1 recipe managers: [<recipetype:minecraft:crafting>: 1]
[18:00:05.844][INFO]: Removing all recipes that output <item:apocalypsenow:jet_pilot_boots>
[18:00:05.845][INFO]: Removed 1 recipes registered in these 1 recipe managers: [<recipetype:minecraft:crafting>: 1]
[18:00:05.845][INFO]: Removing all recipes that output <item:apocalypsenow:fire_module_katana>
[18:00:05.846][INFO]: Removed 1 recipes registered in these 1 recipe managers: [<recipetype:minecraft:crafting>: 1]
[18:00:05.846][INFO]: Removing all recipes that output <item:apocalypsenow:sixsh_116_chestplate>
[18:00:05.847][INFO]: Removed 1 recipes registered in these 1 recipe managers: [<recipetype:minecraft:crafting>: 1]
[18:00:05.847][INFO]: Removing all recipes that output <item:apocalypsenow:bvd_assault_vest_chestplate>
[18:00:05.848][INFO]: Removed 1 recipes registered in these 1 recipe managers: [<recipetype:minecraft:crafting>: 1]
[18:00:05.848][INFO]: Removing all recipes that output <item:apocalypsenow:specialoperationsvest_chestplate>
[18:00:05.850][INFO]: Removed 1 recipes registered in these 1 recipe managers: [<recipetype:minecraft:crafting>: 1]
[18:00:05.850][INFO]: Removing all recipes that output <item:apocalypsenow:tactical_saber>
[18:00:05.851][INFO]: Removed 1 recipes registered in these 1 recipe managers: [<recipetype:minecraft:crafting>: 1]
[18:00:05.851][INFO]: Removing all recipes that output <item:apocalypsenow:gentex_hgu_56_p_helmet>
[18:00:05.852][INFO]: Removed 1 recipes registered in these 1 recipe managers: [<recipetype:minecraft:crafting>: 1]
[18:00:05.852][INFO]: Removing all recipes that output <item:apocalypsenow:club_with_saw>
[18:00:05.853][INFO]: Removed 1 recipes registered in these 1 recipe managers: [<recipetype:minecraft:crafting>: 1]
[18:00:05.853][INFO]: Removing all recipes that output <item:apocalypsenow:tomahawk>
[18:00:05.854][INFO]: Removed 2 recipes registered in these 1 recipe managers: [<recipetype:minecraft:crafting>: 2]
[18:00:05.854][INFO]: Removing all recipes that output <item:apocalypsenow:throwingaxe>
[18:00:05.855][INFO]: Removed 2 recipes registered in these 1 recipe managers: [<recipetype:minecraft:crafting>: 2]
[18:00:05.855][INFO]: Removing all recipes that output <item:apocalypsenow:deer_horn_knife>
[18:00:05.856][INFO]: Removed 1 recipes registered in these 1 recipe managers: [<recipetype:minecraft:crafting>: 1]
[18:00:05.857][INFO]: Removing all recipes that output <item:apocalypsenow:claws>
[18:00:05.858][INFO]: Removed 1 recipes registered in these 1 recipe managers: [<recipetype:minecraft:crafting>: 1]
[18:00:05.858][INFO]: Removing all recipes that output <item:apocalypsenow:hammer_axe>
[18:00:05.859][INFO]: Removed 0 recipes registered in these 0 recipe managers: []
[18:00:05.859][INFO]: Removing all recipes that output <item:apocalypsenow:nailed_table_leg>
[18:00:05.860][INFO]: Removed 1 recipes registered in these 1 recipe managers: [<recipetype:minecraft:crafting>: 1]
[18:00:05.860][INFO]: Removing all recipes that output <item:apocalypsenow:patriotmotorcyclehelmet_helmet>
[18:00:05.861][INFO]: Removed 1 recipes registered in these 1 recipe managers: [<recipetype:minecraft:crafting>: 1]
[18:00:05.861][INFO]: Removing all recipes that output <item:apocalypsenow:large_soda>
[18:00:05.862][INFO]: Removed 0 recipes registered in these 0 recipe managers: []
[18:00:05.862][INFO]: Removing all recipes that output <item:apocalypsenow:climbingropewithhook>
[18:00:05.863][INFO]: Removed 1 recipes registered in these 1 recipe managers: [<recipetype:minecraft:crafting>: 1]
[18:00:05.863][INFO]: Removing all recipes that output <item:apocalypsenow:climbing_rope>
[18:00:05.864][INFO]: Removed 1 recipes registered in these 1 recipe managers: [<recipetype:minecraft:crafting>: 1]
[18:00:05.864][INFO]: Removing all recipes that output <item:apocalypsenow:smartphone>
[18:00:05.866][INFO]: Removed 0 recipes registered in these 0 recipe managers: []
[18:00:05.866][INFO]: Removing all recipes that output <item:apocalypsenow:nailed_club>
[18:00:05.867][INFO]: Removed 1 recipes registered in these 1 recipe managers: [<recipetype:minecraft:crafting>: 1]
[18:00:05.867][INFO]: Removing all recipes that output <item:apocalypsenow:jagdkommando_knife>
[18:00:05.868][INFO]: Removed 1 recipes registered in these 1 recipe managers: [<recipetype:minecraft:crafting>: 1]
[18:00:05.868][INFO]: Removing all recipes that output <item:apocalypsenow:hanger>
[18:00:05.869][INFO]: Removed 1 recipes registered in these 1 recipe managers: [<recipetype:minecraft:crafting>: 1]
[18:00:05.869][INFO]: Removing all recipes that output <item:apocalypsenow:key_wrench>
[18:00:05.870][INFO]: Removed 1 recipes registered in these 1 recipe managers: [<recipetype:minecraft:crafting>: 1]
[18:00:05.870][INFO]: Removing all recipes that output <item:apocalypsenow:trashbag>
[18:00:05.872][INFO]: Removed 0 recipes registered in these 0 recipe managers: []
[18:00:05.872][INFO]: Removing all recipes that output <item:apocalypsenow:trashbagblueplastic>
[18:00:05.873][INFO]: Removed 0 recipes registered in these 0 recipe managers: []
[18:00:05.873][INFO]: Removing all recipes that output <item:apocalypsenow:trashblue>
[18:00:05.874][INFO]: Removed 1 recipes registered in these 1 recipe managers: [<recipetype:minecraft:crafting>: 1]
[18:00:05.874][INFO]: Removing all recipes that output <item:apocalypsenow:papertrash>
[18:00:05.876][INFO]: Removed 1 recipes registered in these 1 recipe managers: [<recipetype:minecraft:crafting>: 1]
[18:00:05.876][INFO]: Removing all recipes that output <item:apocalypsenow:trash_bin>
[18:00:05.878][INFO]: Removed 2 recipes registered in these 1 recipe managers: [<recipetype:minecraft:crafting>: 2]
[18:00:05.878][INFO]: Removing all recipes that output <item:apocalypsenow:trashcann>
[18:00:05.879][INFO]: Removed 0 recipes registered in these 0 recipe managers: []
[18:00:05.879][INFO]: Removing all recipes that output <item:apocalypsenow:trashcan_1>
[18:00:05.881][INFO]: Removed 2 recipes registered in these 1 recipe managers: [<recipetype:minecraft:crafting>: 2]
[18:00:05.881][INFO]: Removing all recipes that output <item:apocalypsenow:brush_axe>
[18:00:05.883][INFO]: Removed 1 recipes registered in these 1 recipe managers: [<recipetype:minecraft:crafting>: 1]
[18:00:05.883][INFO]: Removing all recipes that output <item:apocalypsenow:vintage_brush_axe>
[18:00:05.885][INFO]: Removed 1 recipes registered in these 1 recipe managers: [<recipetype:minecraft:crafting>: 1]
[18:00:05.885][INFO]: Removing all recipes that output <item:apocalypsenow:mace_can>
[18:00:05.887][INFO]: Removed 1 recipes registered in these 1 recipe managers: [<recipetype:minecraft:crafting>: 1]
[18:00:05.887][INFO]: Removing all recipes that output <item:apocalypsenow:iron_club>
[18:00:05.889][INFO]: Removed 1 recipes registered in these 1 recipe managers: [<recipetype:minecraft:crafting>: 1]
[18:00:05.889][INFO]: Removing all recipes that output <item:apocalypsenow:modern_glaive>
[18:00:05.890][INFO]: Removed 1 recipes registered in these 1 recipe managers: [<recipetype:minecraft:crafting>: 1]
[18:00:05.890][INFO]: Removing all recipes that output <item:apocalypsenow:timahawk>
[18:00:05.892][INFO]: Removed 1 recipes registered in these 1 recipe managers: [<recipetype:minecraft:crafting>: 1]
[18:00:05.892][INFO]: Removing all recipes that output <item:apocalypsenow:pointed_cleaver>
[18:00:05.893][INFO]: Removed 1 recipes registered in these 1 recipe managers: [<recipetype:minecraft:crafting>: 1]
[18:00:05.893][INFO]: Removing all recipes that output <item:apocalypsenow:cricket_bat>
[18:00:05.894][INFO]: Removed 1 recipes registered in these 1 recipe managers: [<recipetype:minecraft:crafting>: 1]
[18:00:05.894][INFO]: Removing all recipes that output <item:apocalypsenow:nailed_cricket_bat>
[18:00:05.896][INFO]: Removed 1 recipes registered in these 1 recipe managers: [<recipetype:minecraft:crafting>: 1]
[18:00:05.896][INFO]: Removing all recipes that output <item:apocalypsenow:fishermans_knife>
[18:00:05.898][INFO]: Removed 1 recipes registered in these 1 recipe managers: [<recipetype:minecraft:crafting>: 1]
[18:00:05.898][INFO]: Removing all recipes that output <item:apocalypsenow:piolet>
[18:00:05.899][INFO]: Removed 1 recipes registered in these 1 recipe managers: [<recipetype:minecraft:crafting>: 1]
[18:00:05.899][INFO]: Removing all recipes that output <item:apocalypsenow:bushcraft_axe>
[18:00:05.901][INFO]: Removed 1 recipes registered in these 1 recipe managers: [<recipetype:minecraft:crafting>: 1]
[18:00:05.901][INFO]: Removing all recipes that output <item:apocalypsenow:bushcraft_knife>
[18:00:05.903][INFO]: Removed 1 recipes registered in these 1 recipe managers: [<recipetype:minecraft:crafting>: 1]
[18:00:05.903][INFO]: Removing all recipes that output <item:apocalypsenow:bushcraft_machete>
[18:00:05.904][INFO]: Removed 1 recipes registered in these 1 recipe managers: [<recipetype:minecraft:crafting>: 1]
[18:00:05.904][INFO]: Removing all recipes that output <item:apocalypsenow:fork>
[18:00:05.906][INFO]: Removed 1 recipes registered in these 1 recipe managers: [<recipetype:minecraft:crafting>: 1]
[18:00:05.906][INFO]: Removing all recipes that output <item:apocalypsenow:knife_utensils>
[18:00:05.908][INFO]: Removed 1 recipes registered in these 1 recipe managers: [<recipetype:minecraft:crafting>: 1]
[18:00:05.908][INFO]: Removing all recipes that output <item:apocalypsenow:spoon>
[18:00:05.909][INFO]: Removed 1 recipes registered in these 1 recipe managers: [<recipetype:minecraft:crafting>: 1]
[18:00:05.909][INFO]: Removing all recipes that output <item:apocalypsenow:survival_shovel>
[18:00:05.911][INFO]: Removed 1 recipes registered in these 1 recipe managers: [<recipetype:minecraft:crafting>: 1]
[18:00:05.911][INFO]: Removing all recipes that output <item:apocalypsenow:meat_cleaver>
[18:00:05.912][INFO]: Removed 1 recipes registered in these 1 recipe managers: [<recipetype:minecraft:crafting>: 1]
[18:00:05.912][INFO]: Removing all recipes that output <item:apocalypsenow:tire_iron>
[18:00:05.913][INFO]: Removed 1 recipes registered in these 1 recipe managers: [<recipetype:minecraft:crafting>: 1]
[18:00:05.913][INFO]: Removing all recipes that output <item:apocalypsenow:four_way_iron_tire>
[18:00:05.915][INFO]: Removed 1 recipes registered in these 1 recipe managers: [<recipetype:minecraft:crafting>: 1]
[18:00:05.915][INFO]: Removing all recipes that output <item:apocalypsenow:bamboo_sickle>
[18:00:05.917][INFO]: Removed 1 recipes registered in these 1 recipe managers: [<recipetype:minecraft:crafting>: 1]
[18:00:05.917][INFO]: Removing all recipes that output <item:apocalypsenow:iron_pipe>
[18:00:05.918][INFO]: Removed 1 recipes registered in these 1 recipe managers: [<recipetype:minecraft:crafting>: 1]
[18:00:05.918][INFO]: Removing all recipes that output <item:apocalypsenow:harpoon>
[18:00:05.920][INFO]: Removed 1 recipes registered in these 1 recipe managers: [<recipetype:minecraft:crafting>: 1]
[18:00:05.920][INFO]: Removing all recipes that output <item:apocalypsenow:light_weitgh_machete>
[18:00:05.922][INFO]: Removed 1 recipes registered in these 1 recipe managers: [<recipetype:minecraft:crafting>: 1]
[18:00:05.922][INFO]: Removing all recipes that output <item:apocalypsenow:mo4_gas_mask_helmet>
[18:00:05.923][INFO]: Removed 1 recipes registered in these 1 recipe managers: [<recipetype:minecraft:crafting>: 1]
[18:00:05.923][INFO]: Removing all recipes that output <item:apocalypsenow:mo4_forest_camo_helmet>
[18:00:05.924][INFO]: Removed 1 recipes registered in these 1 recipe managers: [<recipetype:minecraft:crafting>: 1]
[18:00:05.924][INFO]: Removing all recipes that output <item:apocalypsenow:mo4_mud_camo_helmet>
[18:00:05.926][INFO]: Removed 1 recipes registered in these 1 recipe managers: [<recipetype:minecraft:crafting>: 1]
[18:00:05.926][INFO]: Removing all recipes that output <item:apocalypsenow:sweetcane>
[18:00:05.927][INFO]: Removed 1 recipes registered in these 1 recipe managers: [<recipetype:minecraft:crafting>: 1]
[18:00:05.927][INFO]: Removing all recipes that output <item:apocalypsenow:bullet_belt_chestplate>
[18:00:05.929][INFO]: Removed 0 recipes registered in these 0 recipe managers: []
[18:00:05.930][INFO]: Removing 'crafting' recipes with output: 'com.blamejared.crafttweaker.api.item.MCItemStack@2925d068'
[18:00:05.931][INFO]: Removing 'crafting' recipes with output: 'com.blamejared.crafttweaker.api.item.MCItemStack@e8670476'
[18:00:05.932][INFO]: Removing 'crafting' recipes with output: 'com.blamejared.crafttweaker.api.item.MCItemStack@7843a45a'
[18:00:05.933][INFO]: Removing 'crafting' recipes with output: 'com.blamejared.crafttweaker.api.item.MCItemStack@ffe68a02'
[18:00:05.934][INFO]: Removing 'crafting' recipes with output: 'com.blamejared.crafttweaker.api.item.MCItemStack@5feaf906'
[18:00:05.935][INFO]: Removing 'crafting' recipes with output: 'com.blamejared.crafttweaker.api.item.MCItemStack@e83852ff'
[18:00:05.935][INFO]: Removing 'crafting' recipes with output: 'com.blamejared.crafttweaker.api.item.MCItemStack@2cce9d4d'
[18:00:05.936][INFO]: Removing 'crafting' recipes with output: 'com.blamejared.crafttweaker.api.item.MCItemStack@6bf70ce'
[18:00:05.937][INFO]: Removing 'crafting' recipes with output: 'com.blamejared.crafttweaker.api.item.MCItemStack@21545fec'
[18:00:05.938][INFO]: Removing 'crafting' recipes with output: 'com.blamejared.crafttweaker.api.item.MCItemStack@b706d316'
[18:00:05.939][INFO]: Removing 'crafting' recipes with output: 'com.blamejared.crafttweaker.api.item.MCItemStack@b102889c'
[18:00:05.939][INFO]: Removing 'crafting' recipes with output: 'com.blamejared.crafttweaker.api.item.MCItemStack@2a82433a'
[18:00:05.942][INFO]: Removing: [car:bio_diesel] from tag: <tag:fluids:minecraft:water>
[18:00:05.942][INFO]: Removing: [car:bio_diesel_flowing] from tag: <tag:fluids:minecraft:water>
[18:00:05.942][INFO]: Removing: [car:canola_oil] from tag: <tag:fluids:minecraft:water>
[18:00:05.942][INFO]: Removing: [car:canola_oil_flowing] from tag: <tag:fluids:minecraft:water>
[18:00:05.942][INFO]: Removing: [car:glycerin] from tag: <tag:fluids:minecraft:water>
[18:00:05.942][INFO]: Removing: [car:glycerin_flowing] from tag: <tag:fluids:minecraft:water>
[18:00:05.942][INFO]: Removing: [car:methanol] from tag: <tag:fluids:minecraft:water>
[18:00:05.942][INFO]: Removing: [car:methanol_flowing] from tag: <tag:fluids:minecraft:water>
[18:00:05.943][INFO]: Removing: [car:canola_methanol_mix] from tag: <tag:fluids:minecraft:water>
[18:00:05.943][INFO]: Removing: [car:canola_methanol_mix_flowing] from tag: <tag:fluids:minecraft:water>
[18:00:05.943][INFO]: Removing 'minecraft:crafting' recipe(s) with name(s): '[car:iron_stick]'
[18:00:05.943][INFO]: Removing 'minecraft:crafting' recipe(s) with name(s): '[car:oilmill]'
[18:00:05.943][INFO]: Removing 'minecraft:crafting' recipe(s) with name(s): '[car:blastfurnace]'
[18:00:05.943][INFO]: Removing 'minecraft:crafting' recipe(s) with name(s): '[car:backmix_reactor]'
[18:00:05.943][INFO]: Removing 'minecraft:crafting' recipe(s) with name(s): '[car:generator]'
[18:00:05.943][INFO]: Removing 'minecraft:crafting' recipe(s) with name(s): '[car:split_tank]'
[18:00:05.943][INFO]: Removing 'minecraft:crafting' recipe(s) with name(s): '[car:tank]'
[18:00:05.943][INFO]: Removing 'minecraft:crafting' recipe(s) with name(s): '[car:cable]'
[18:00:05.943][INFO]: Removing 'minecraft:crafting' recipe(s) with name(s): '[car:fluid_extractor]'
[18:00:05.943][INFO]: Removing 'minecraft:crafting' recipe(s) with name(s): '[car:fluid_pipe]'
[18:00:05.943][INFO]: Removing 'minecraft:crafting' recipe(s) with name(s): '[car:dynamo]'
[18:00:05.943][INFO]: Removing 'minecraft:crafting' recipe(s) with name(s): '[car:crank]'
[18:00:05.943][INFO]: Removing 'minecraft:crafting' recipe(s) with name(s): '[car:cable_insulator]'
[18:00:05.943][INFO]: Removing 'minecraft:crafting' recipe(s) with name(s): '[car:car_pressure_plate]'
[18:00:05.943][INFO]: Removing 'minecraft:crafting' recipe(s) with name(s): '[car:asphalt_slab]'
[18:00:05.943][INFO]: Removing 'minecraft:crafting' recipe(s) with name(s): '[car:asphalt_slope]'
[18:00:05.943][INFO]: Removing 'minecraft:crafting' recipe(s) with name(s): '[car:asphalt_slope_flat_upper]'
[18:00:05.943][INFO]: Removing 'minecraft:crafting' recipe(s) with name(s): '[car:asphalt_slope_flat_lower]'
[18:00:05.945][INFO]: Removing "cgm:workbench" recipes with modid: "cgm"
[18:00:05.945][INFO]: Removing "minecraft:crafting" recipes with modid: "cgm"
[18:00:05.947][INFO]: Removing 'minecraft:crafting' recipe(s) with name(s): '[create_sa:experience_pickaxe_recipe]'
[18:00:05.947][INFO]: Removing 'minecraft:crafting' recipe(s) with name(s): '[create_sa:experience_shovel_recipe]'
[18:00:05.947][INFO]: Removing 'minecraft:crafting' recipe(s) with name(s): '[create_sa:experience_axe_recipe]'
[18:00:05.947][INFO]: Removing 'minecraft:crafting' recipe(s) with name(s): '[create_sa:experience_sword_recipe]'
[18:00:05.948][INFO]: Removing 'crafting' recipes with output: 'com.blamejared.crafttweaker.api.item.MCItemStack@1ac47819'
[18:00:05.950][INFO]: Removing 'crafting' recipes with output: 'com.blamejared.crafttweaker.api.item.MCItemStack@b79a46cb'
[18:00:05.951][INFO]: Removing 'crafting' recipes with output: 'com.blamejared.crafttweaker.api.item.MCItemStack@2cf4d216'
[18:00:05.952][INFO]: Removing 'crafting' recipes with output: 'com.blamejared.crafttweaker.api.item.MCItemStack@ed792fd4'
[18:00:05.953][INFO]: Removing 'crafting' recipes with output: 'com.blamejared.crafttweaker.api.item.MCItemStack@efd06ab'
[18:00:05.954][INFO]: Removing 'crafting' recipes with output: 'com.blamejared.crafttweaker.api.item.MCItemStack@ee9dbe97'
[18:00:05.955][INFO]: Removing 'crafting' recipes with output: 'com.blamejared.crafttweaker.api.item.MCItemStack@a8b5d939'
[18:00:05.955][INFO]: Removing 'crafting' recipes with output: 'com.blamejared.crafttweaker.api.item.MCItemStack@e7bb572b'
[18:00:05.956][INFO]: Removing 'crafting' recipes with output: 'com.blamejared.crafttweaker.api.item.MCItemStack@f97f1abb'
[18:00:05.957][INFO]: Removing 'crafting' recipes with output: 'com.blamejared.crafttweaker.api.item.MCItemStack@487c3c7f'
[18:00:05.958][INFO]: Removing 'crafting' recipes with output: 'com.blamejared.crafttweaker.api.item.MCItemStack@d7d5c1c8'
[18:00:05.959][INFO]: Removing 'crafting' recipes with output: 'com.blamejared.crafttweaker.api.item.MCItemStack@b9add313'
[18:00:05.960][INFO]: Removing 'crafting' recipes with output: 'com.blamejared.crafttweaker.api.item.MCItemStack@4fd65326'
[18:00:05.961][INFO]: Removing 'crafting' recipes with output: 'com.blamejared.crafttweaker.api.item.MCItemStack@d9069148'
[18:00:05.962][INFO]: Removing 'crafting' recipes with output: 'com.blamejared.crafttweaker.api.item.MCItemStack@b27123de'
[18:00:05.963][INFO]: Removing 'crafting' recipes with output: 'com.blamejared.crafttweaker.api.item.MCItemStack@e1144f2f'
[18:00:05.964][INFO]: Removing 'crafting' recipes with output: 'com.blamejared.crafttweaker.api.item.MCItemStack@3ebc9793'
[18:00:05.965][INFO]: Removing 'crafting' recipes with output: 'com.blamejared.crafttweaker.api.item.MCItemStack@85b873f5'
[18:00:05.966][INFO]: Removing 'crafting' recipes with output: 'com.blamejared.crafttweaker.api.item.MCItemStack@4876a5c6'
[18:00:05.967][INFO]: Removing 'crafting' recipes with output: 'com.blamejared.crafttweaker.api.item.MCItemStack@338f160b'
[18:00:05.968][INFO]: Removing 'crafting' recipes with output: 'com.blamejared.crafttweaker.api.item.MCItemStack@44f349dc'
[18:00:05.968][INFO]: Removing 'crafting' recipes with output: 'com.blamejared.crafttweaker.api.item.MCItemStack@ae02d7bb'
[18:00:05.969][INFO]: Removing 'crafting' recipes with output: 'com.blamejared.crafttweaker.api.item.MCItemStack@a1e5ce6b'
[18:00:05.971][INFO]: Removing "minecraft:campfire_cooking" recipes with modid: "mutationcraft"
[18:00:05.971][INFO]: Removing "minecraft:smelting" recipes with modid: "mutationcraft"
[18:00:05.972][INFO]: Removing "minecraft:crafting" recipes with modid: "nameless_trinkets"
[18:00:05.973][INFO]: Removing 'crafting' recipes with output: 'com.blamejared.crafttweaker.api.item.MCItemStack@4ba90b46'
[18:00:05.974][INFO]: Removing 'crafting' recipes with output: 'com.blamejared.crafttweaker.api.item.MCItemStack@ec01619'
[18:00:05.975][INFO]: Removing 'crafting' recipes with output: 'com.blamejared.crafttweaker.api.item.MCItemStack@b5026c7d'
[18:00:05.976][INFO]: Removing 'crafting' recipes with output: 'com.blamejared.crafttweaker.api.item.MCItemStack@57041518'
[18:00:05.977][INFO]: Removing 'crafting' recipes with output: 'com.blamejared.crafttweaker.api.item.MCItemStack@f90b67fa'
[18:00:05.978][INFO]: Removing 'crafting' recipes with output: 'com.blamejared.crafttweaker.api.item.MCItemStack@bdea6327'
[18:00:05.978][INFO]: Removing 'crafting' recipes with output: 'com.blamejared.crafttweaker.api.item.MCItemStack@c05eb5a5'
[18:00:05.979][INFO]: Removing 'crafting' recipes with output: 'com.blamejared.crafttweaker.api.item.MCItemStack@d62ecced'
[18:00:05.980][INFO]: Removing 'crafting' recipes with output: 'com.blamejared.crafttweaker.api.item.MCItemStack@b57b90d3'
[18:00:05.981][INFO]: Removing 'crafting' recipes with output: 'com.blamejared.crafttweaker.api.item.MCItemStack@63ab9980'
[18:00:05.982][INFO]: Removing 'crafting' recipes with output: 'com.blamejared.crafttweaker.api.item.MCItemStack@85324fff'
[18:00:05.983][INFO]: Removing 'crafting' recipes with output: 'com.blamejared.crafttweaker.api.item.MCItemStack@7b120cff'
[18:00:05.984][INFO]: Removing 'crafting' recipes with output: 'com.blamejared.crafttweaker.api.item.MCItemStack@6be2fba8'
[18:00:05.985][INFO]: Removing 'crafting' recipes with output: 'com.blamejared.crafttweaker.api.item.MCItemStack@e05c9bd7'
[18:00:05.986][INFO]: Removing 'crafting' recipes with output: 'com.blamejared.crafttweaker.api.item.MCItemStack@aae5233f'
[18:00:05.987][INFO]: Removing 'crafting' recipes with output: 'com.blamejared.crafttweaker.api.item.MCItemStack@df4c05ac'
[18:00:05.988][INFO]: Removing 'crafting' recipes with output: 'com.blamejared.crafttweaker.api.item.MCItemStack@ba9bb2a4'
[18:00:05.989][INFO]: Removing 'crafting' recipes with output: 'com.blamejared.crafttweaker.api.item.MCItemStack@3fce5436'
[18:00:05.990][INFO]: Removing 'crafting' recipes with output: 'com.blamejared.crafttweaker.api.item.MCItemStack@de7c785e'
[18:00:05.991][INFO]: Removing 'crafting' recipes with output: 'com.blamejared.crafttweaker.api.item.MCItemStack@a7cd0fd7'
[18:00:05.992][INFO]: Removing 'crafting' recipes with output: 'com.blamejared.crafttweaker.api.item.MCItemStack@92833256'
[18:00:05.992][INFO]: Removing 'crafting' recipes with output: 'com.blamejared.crafttweaker.api.item.MCItemStack@1ba75039'
[18:00:05.993][INFO]: Removing 'crafting' recipes with output: 'com.blamejared.crafttweaker.api.item.MCItemStack@e2fecefd'
[18:00:05.995][INFO]: Removing 'crafting' recipes with output: 'com.blamejared.crafttweaker.api.item.MCItemStack@dd5a1b7d'
[18:00:05.996][INFO]: Removing 'crafting' recipes with output: 'com.blamejared.crafttweaker.api.item.MCItemStack@13a97cd5'
[18:00:05.997][INFO]: Removing 'crafting' recipes with output: 'com.blamejared.crafttweaker.api.item.MCItemStack@5aac70f8'
[18:00:05.998][INFO]: Removing 'crafting' recipes with output: 'com.blamejared.crafttweaker.api.item.MCItemStack@d9555699'
[18:00:05.999][INFO]: Removing 'crafting' recipes with output: 'com.blamejared.crafttweaker.api.item.MCItemStack@89a948e'
[18:00:06.000][INFO]: Removing 'crafting' recipes with output: 'com.blamejared.crafttweaker.api.item.MCItemStack@6247034f'
[18:00:06.001][INFO]: Removing 'crafting' recipes with output: 'com.blamejared.crafttweaker.api.item.MCItemStack@e4bb63c0'
[18:00:06.002][INFO]: Removing 'crafting' recipes with output: 'com.blamejared.crafttweaker.api.item.MCItemStack@addd64d5'
[18:00:06.003][INFO]: Removing 'crafting' recipes with output: 'com.blamejared.crafttweaker.api.item.MCItemStack@8e10f8fd'
[18:00:06.004][INFO]: Removing all recipes that output <item:cold_sweat:soulspring_lamp>
[18:00:06.006][INFO]: Removed 1 recipes registered in these 1 recipe managers: [<recipetype:minecraft:crafting>: 1]
[18:00:06.012][INFO]: Removing all recipe(s) with name(s): '[createbigcannons:cutting/spring_wire_iron]'
[18:00:06.017][INFO]: Removed 1 recipes registered in these 1 recipe managers: [<recipetype:create:cutting>: 1]
[18:00:06.017][INFO]: Removing all recipes from modId "zombie_extreme"
[18:00:06.022][INFO]: Removed 71 recipes registered in these 2 recipe managers: [<recipetype:minecraft:crafting>: 64, <recipetype:minecraft:smelting>: 7]
[18:00:06.022][INFO]: Removing all recipes from modId "undead_revamp2"
[18:00:06.026][INFO]: Removed 30 recipes registered in these 3 recipe managers: [<recipetype:minecraft:blasting>: 1, <recipetype:minecraft:crafting>: 28, <recipetype:minecraft:smelting>: 1]
[18:00:06.026][INFO]: Removing all recipe(s) with name(s): '[clickmachine:auto_clicker]'
[18:00:06.030][INFO]: Removed 1 recipes registered in these 1 recipe managers: [<recipetype:minecraft:crafting>: 1]
[18:00:06.031][INFO]: Removing 'minecraft:crafting' recipe(s) with name(s): '[create_sa:copper_propeler_recipe]'
[18:00:06.031][INFO]: Removing: [create:honey] from tag: <tag:fluids:minecraft:water>
[18:00:06.031][INFO]: Removing: [create:chocolate] from tag: <tag:fluids:minecraft:water>
[18:00:06.031][INFO]: Removing: [createaddition:seed_oil] from tag: <tag:fluids:minecraft:water>
[18:00:06.031][INFO]: Removing all recipes from modId "mapperbase"
[18:00:06.036][INFO]: Removed 30 recipes registered in these 2 recipe managers: [<recipetype:minecraft:blasting>: 3, <recipetype:minecraft:crafting>: 27]
[18:00:06.036][INFO]: Removing 'blasting' recipes with output: 'com.blamejared.crafttweaker.api.item.MCItemStack@878f0edb'
[18:00:06.036][INFO]: Removing 'smelting' recipes with output: 'com.blamejared.crafttweaker.api.item.MCItemStack@878f0edb'
[18:00:06.036][INFO]: Removing 'minecraft:crafting' recipe(s) with name(s): '[minecraft:paper]'
[18:00:06.036][INFO]: Removing 'create:pressing' recipe(s) with name(s): '[create:pressing/sugar_cane]'
[18:00:06.036][INFO]: Removing 'minecraft:crafting' recipe(s) with name(s): '[minecraft:ender_eye]'
[18:00:06.038][INFO]: Removing 'crafting' recipes with output: 'com.blamejared.crafttweaker.api.item.MCItemStack@edcc13ff'
[18:00:06.042][INFO]: Removing 'crafting' recipes with output: 'com.blamejared.crafttweaker.api.item.MCItemStack@3008bff1'
[18:00:06.044][INFO]: Removing 'crafting' recipes with output: 'com.blamejared.crafttweaker.api.item.MCItemStack@e30fdbd0'
[18:00:06.046][INFO]: Removing 'crafting' recipes with output: 'com.blamejared.crafttweaker.api.item.MCItemStack@c68c51c0'
[18:00:06.049][INFO]: Removing 'crafting' recipes with output: 'com.blamejared.crafttweaker.api.item.MCItemStack@9641f37'
[18:00:06.051][INFO]: Removing 'crafting' recipes with output: 'com.blamejared.crafttweaker.api.item.MCItemStack@f60a9bd0'
[18:00:06.053][INFO]: Removing 'crafting' recipes with output: 'com.blamejared.crafttweaker.api.item.MCItemStack@81047ed4'
[18:00:06.055][INFO]: Removing 'crafting' recipes with output: 'com.blamejared.crafttweaker.api.item.MCItemStack@1aec13c'
[18:00:06.057][INFO]: Removing 'crafting' recipes with output: 'com.blamejared.crafttweaker.api.item.MCItemStack@9fd1a548'
[18:00:06.059][INFO]: Removing 'crafting' recipes with output: 'com.blamejared.crafttweaker.api.item.MCItemStack@28a6ecdc'
[18:00:06.061][INFO]: Removing 'crafting' recipes with output: 'com.blamejared.crafttweaker.api.item.MCItemStack@8cac90d7'
[18:00:06.064][INFO]: Removing 'crafting' recipes with output: 'com.blamejared.crafttweaker.api.item.MCItemStack@38413df5'
[18:00:06.066][INFO]: Removing 'crafting' recipes with output: 'com.blamejared.crafttweaker.api.item.MCItemStack@d0147649'
[18:00:06.069][INFO]: Removing "minecraft:crafting" recipe with names that match the regex: "securitycraft:crystal_quartz_.*"
[18:00:06.072][INFO]: Removing "minecraft:crafting" recipe with names that match the regex: "securitycraft:.*_crystal_quartz"
[18:00:06.075][INFO]: Removing 'crafting' recipes with output: 'com.blamejared.crafttweaker.api.item.MCItemStack@9d9fa50f'
[18:00:06.078][INFO]: Removing 'crafting' recipes with output: 'com.blamejared.crafttweaker.api.item.MCItemStack@d778aa79'
[18:00:06.081][INFO]: Removing 'crafting' recipes with output: 'com.blamejared.crafttweaker.api.item.MCItemStack@68471bd8'
[18:00:06.083][INFO]: Removing 'crafting' recipes with output: 'com.blamejared.crafttweaker.api.item.MCItemStack@5789f932'
[18:00:06.085][INFO]: Removing 'crafting' recipes with output: 'com.blamejared.crafttweaker.api.item.MCItemStack@980fffd1'
[18:00:06.086][INFO]: Removing 'crafting' recipes with output: 'com.blamejared.crafttweaker.api.item.MCItemStack@bdb6e4c1'
[18:00:06.088][INFO]: Removing 'crafting' recipes with output: 'com.blamejared.crafttweaker.api.item.MCItemStack@7b40d722'
[18:00:06.089][INFO]: Removing 'crafting' recipes with output: 'com.blamejared.crafttweaker.api.item.MCItemStack@3667701'
[18:00:06.091][INFO]: Removing 'crafting' recipes with output: 'com.blamejared.crafttweaker.api.item.MCItemStack@f8789af'
[18:00:06.093][INFO]: Removing 'crafting' recipes with output: 'com.blamejared.crafttweaker.api.item.MCItemStack@57084d15'
[18:00:06.095][INFO]: Removing 'crafting' recipes with output: 'com.blamejared.crafttweaker.api.item.MCItemStack@387501fc'
[18:00:06.097][INFO]: Removing 'crafting' recipes with output: 'com.blamejared.crafttweaker.api.item.MCItemStack@37128d2b'
[18:00:06.100][INFO]: Removing all recipes that output <item:tac:uncommon_material>
[18:00:06.105][INFO]: Removed 0 recipes registered in these 0 recipe managers: []
[18:00:06.105][INFO]: Removing all recipes that output <item:tac:rare_material>
[18:00:06.110][INFO]: Removed 0 recipes registered in these 0 recipe managers: []
[18:00:06.110][INFO]: Removing all recipes that output <item:tac:epic_material>
[18:00:06.115][INFO]: Removed 0 recipes registered in these 0 recipe managers: []
[18:00:06.115][INFO]: Removing all recipes that output <item:tac:legendary_material>
[18:00:06.121][INFO]: Removed 0 recipes registered in these 0 recipe managers: []
[18:00:06.121][INFO]: Removing all recipes that output <item:tac:ultimate_material>
[18:00:06.125][INFO]: Removed 0 recipes registered in these 0 recipe managers: []
[18:00:06.125][INFO]: Removing all recipes that output <item:tac:light_armor>
[18:00:06.129][INFO]: Removed 1 recipes registered in these 1 recipe managers: [<recipetype:minecraft:crafting>: 1]
[18:00:06.129][INFO]: Removing all recipes that output <item:tac:medium_steel_armor>
[18:00:06.134][INFO]: Removed 1 recipes registered in these 1 recipe managers: [<recipetype:minecraft:crafting>: 1]
[18:00:06.134][INFO]: Removing all recipes that output <item:tac:light_armor_plate>
[18:00:06.140][INFO]: Removed 1 recipes registered in these 1 recipe managers: [<recipetype:minecraft:crafting>: 1]
[18:00:06.140][INFO]: Removing all recipes that output <item:tac:module_item>
[18:00:06.145][INFO]: Removed 1 recipes registered in these 1 recipe managers: [<recipetype:minecraft:crafting>: 1]
[18:00:06.145][INFO]: Removing all recipe(s) with name(s): '[tac:gun_powder]'
[18:00:06.149][INFO]: Removed 1 recipes registered in these 1 recipe managers: [<recipetype:minecraft:crafting>: 1]
[18:00:06.150][INFO]: Execution for loader 'crafttweaker' completed successfully
[18:00:06.157][INFO]: This reload was made possible by Belathus and more! Become a patron at https://patreon.com/jaredlll08?s=crtmod
