[22Mar2025 17:58:52.631] [main/INFO] [cpw.mods.modlauncher.Launcher/MODLAUNCHER]: ModLauncher running: args [--launchTarget, forgeserver, --fml.forgeVersion, 40.2.21, --fml.mcVersion, 1.18.2, --fml.forgeGroup, net.minecraftforge, --fml.mcpVersion, 20220404.173914, nogui]
[22Mar2025 17:58:52.636] [main/INFO] [cpw.mods.modlauncher.Launcher/MODLAUNCHER]: ModLauncher 9.1.3+9.1.3+main.9b69c82a starting: java version 17.0.14 by Ubuntu
[22Mar2025 17:58:56.989] [main/INFO] [mixin/]: SpongePowered MIXIN Subsystem Version=0.8.5 Source=union:/workspaces/bghfdgfdgdfdgf/servidor_minecraft/libraries/org/spongepowered/mixin/0.8.5/mixin-0.8.5.jar%2314!/ Service=ModLauncher Env=SERVER
[22Mar2025 17:58:57.999] [main/WARN] [net.minecraftforge.fml.loading.moddiscovery.ModFileParser/LOADING]: Mod file /workspaces/bghfdgfdgdfdgf/servidor_minecraft/libraries/net/minecraftforge/fmlcore/1.18.2-40.2.21/fmlcore-1.18.2-40.2.21.jar is missing mods.toml file
[22Mar2025 17:58:58.001] [main/WARN] [net.minecraftforge.fml.loading.moddiscovery.ModFileParser/LOADING]: Mod file /workspaces/bghfdgfdgdfdgf/servidor_minecraft/libraries/net/minecraftforge/javafmllanguage/1.18.2-40.2.21/javafmllanguage-1.18.2-40.2.21.jar is missing mods.toml file
[22Mar2025 17:58:58.002] [main/WARN] [net.minecraftforge.fml.loading.moddiscovery.ModFileParser/LOADING]: Mod file /workspaces/bghfdgfdgdfdgf/servidor_minecraft/libraries/net/minecraftforge/lowcodelanguage/1.18.2-40.2.21/lowcodelanguage-1.18.2-40.2.21.jar is missing mods.toml file
[22Mar2025 17:58:58.003] [main/WARN] [net.minecraftforge.fml.loading.moddiscovery.ModFileParser/LOADING]: Mod file /workspaces/bghfdgfdgdfdgf/servidor_minecraft/libraries/net/minecraftforge/mclanguage/1.18.2-40.2.21/mclanguage-1.18.2-40.2.21.jar is missing mods.toml file
[22Mar2025 17:58:58.385] [main/WARN] [net.minecraftforge.jarjar.selection.JarSelector/]: Attempted to select two dependency jars from JarJar which have the same identification: Mod File:  and Mod File: . Using Mod File: 
[22Mar2025 17:58:58.387] [main/INFO] [net.minecraftforge.fml.loading.moddiscovery.JarInJarDependencyLocator/]: Found 8 dependencies adding them to mods collection
[22Mar2025 17:59:05.249] [main/INFO] [mixin/]: Compatibility level set to JAVA_17
[22Mar2025 17:59:05.565] [main/ERROR] [mixin/]: Mixin config customvillagertrades.mixins.json does not specify "minVersion" property
[22Mar2025 17:59:05.788] [main/ERROR] [mixin/]: Mixin config drg_flares.mixins.json does not specify "minVersion" property
[22Mar2025 17:59:05.951] [main/INFO] [mixin/]: Successfully loaded Mixin Connector [ca.spottedleaf.starlight.mixin.MixinConnector]
[22Mar2025 17:59:05.952] [main/INFO] [mixin/]: Successfully loaded Mixin Connector [de.maxhenkel.camera.MixinConnector]
[22Mar2025 17:59:05.953] [main/INFO] [mixin/]: Successfully loaded Mixin Connector [de.maxhenkel.car.MixinConnector]
[22Mar2025 17:59:05.962] [main/INFO] [cpw.mods.modlauncher.LaunchServiceHandler/MODLAUNCHER]: Launching target 'forgeserver' with arguments [nogui]
[22Mar2025 17:59:06.015] [main/WARN] [mixin/]: Reference map 'nerb-forge-refmap.json' for nerb.mixins.json could not be read. If this is a development environment you can ignore this message
[22Mar2025 17:59:06.244] [main/INFO] [ModernFix/]: Loaded configuration file for ModernFix 5.13.0+mc1.18.2: 74 options available, 2 override(s) found
[22Mar2025 17:59:06.245] [main/WARN] [ModernFix/]: Option 'mixin.bugfix.item_cache_flag' overriden (by mods [canary]) to 'false'
[22Mar2025 17:59:06.245] [main/WARN] [ModernFix/]: Option 'mixin.perf.thread_priorities' overriden (by mods [smoothboot]) to 'false'
[22Mar2025 17:59:06.246] [main/INFO] [ModernFix/]: Applying Nashorn fix
[22Mar2025 17:59:06.267] [main/INFO] [ModernFix/]: Applied Forge config corruption patch
[22Mar2025 17:59:06.630] [main/WARN] [CanaryConfig/]: Mod 'pluto' attempted to override option 'mixin.world.player_chunk_tick', which doesn't exist, ignoring
[22Mar2025 17:59:06.645] [main/INFO] [Canary/]: Loaded configuration file for Canary: 118 options available, 1 override(s) found
[22Mar2025 17:59:06.696] [main/WARN] [mixin/]: Reference map 'insanelib.refmap.json' for insanelib.mixins.json could not be read. If this is a development environment you can ignore this message
[22Mar2025 17:59:06.716] [main/WARN] [mixin/]: Reference map 'ritchiesprojectilelib-forge-refmap.json' for ritchiesprojectilelib-forge.mixins.json could not be read. If this is a development environment you can ignore this message
[22Mar2025 17:59:06.804] [main/WARN] [mixin/]: Reference map 'cupboard.refmap.json' for cupboard.mixins.json could not be read. If this is a development environment you can ignore this message
[22Mar2025 17:59:06.870] [main/WARN] [mixin/]: Reference map 'creativecore.mixins.refmap.json' for creativecore.mixins.json could not be read. If this is a development environment you can ignore this message
[22Mar2025 17:59:06.903] [main/WARN] [mixin/]: Reference map 'coroutil.refmap.json' for coroutil.mixins.json could not be read. If this is a development environment you can ignore this message
[22Mar2025 17:59:09.209] [main/FATAL] [net.minecraftforge.fml.loading.RuntimeDistCleaner/DISTXFORM]: Attempted to load class net/minecraft/client/resources/model/ModelBakery for invalid dist DEDICATED_SERVER
[22Mar2025 17:59:09.210] [main/WARN] [mixin/]: Error loading class: net/minecraft/client/resources/model/ModelBakery (java.lang.RuntimeException: Attempted to load class net/minecraft/client/resources/model/ModelBakery for invalid dist DEDICATED_SERVER)
[22Mar2025 17:59:09.210] [main/WARN] [mixin/]: @Mixin target net.minecraft.client.resources.model.ModelBakery was not found lightspeed.mixins.json:model.ModelBakeryMixin
[22Mar2025 17:59:09.238] [main/WARN] [mixin/]: Error loading class: com/brewinandchewin/common/block/entity/KegBlockEntity (java.lang.ClassNotFoundException: com.brewinandchewin.common.block.entity.KegBlockEntity)
[22Mar2025 17:59:09.238] [main/WARN] [mixin/]: @Mixin target com.brewinandchewin.common.block.entity.KegBlockEntity was not found thirst.mixin.json:accessors.brewinandchewin.KegBlockEntityAccessor
[22Mar2025 17:59:09.243] [main/WARN] [mixin/]: Error loading class: com/farmersrespite/common/block/entity/KettleBlockEntity (java.lang.ClassNotFoundException: com.farmersrespite.common.block.entity.KettleBlockEntity)
[22Mar2025 17:59:09.244] [main/WARN] [mixin/]: @Mixin target com.farmersrespite.common.block.entity.KettleBlockEntity was not found thirst.mixin.json:accessors.farmersrespite.KettleBlockEntityAccessor
[22Mar2025 17:59:09.248] [main/WARN] [mixin/]: Error loading class: com/brewinandchewin/common/block/entity/KegBlockEntity (java.lang.ClassNotFoundException: com.brewinandchewin.common.block.entity.KegBlockEntity)
[22Mar2025 17:59:09.249] [main/WARN] [mixin/]: @Mixin target com.brewinandchewin.common.block.entity.KegBlockEntity was not found thirst.mixin.json:brewinandchewin.MixinKegBlockEntity
[22Mar2025 17:59:09.380] [main/WARN] [mixin/]: Error loading class: com/farmersrespite/common/block/KettleBlock (java.lang.ClassNotFoundException: com.farmersrespite.common.block.KettleBlock)
[22Mar2025 17:59:09.381] [main/WARN] [mixin/]: @Mixin target com.farmersrespite.common.block.KettleBlock was not found thirst.mixin.json:farmersrespite.MixinKettleBlock
[22Mar2025 17:59:09.390] [main/WARN] [mixin/]: Error loading class: com/farmersrespite/common/block/entity/KettleBlockEntity (java.lang.ClassNotFoundException: com.farmersrespite.common.block.entity.KettleBlockEntity)
[22Mar2025 17:59:09.391] [main/WARN] [mixin/]: @Mixin target com.farmersrespite.common.block.entity.KettleBlockEntity was not found thirst.mixin.json:farmersrespite.MixinKettleBlockEntity
[22Mar2025 17:59:09.397] [main/WARN] [mixin/]: Error loading class: snownee/jade/addon/forge/ForgeCapabilityProvider (java.lang.ClassNotFoundException: snownee.jade.addon.forge.ForgeCapabilityProvider)
[22Mar2025 17:59:09.397] [main/WARN] [mixin/]: @Mixin target snownee.jade.addon.forge.ForgeCapabilityProvider was not found thirst.mixin.json:jade.MixinForgeCapabilityProvider
[22Mar2025 17:59:09.401] [main/WARN] [mixin/]: Error loading class: toughasnails/item/EmptyCanteenItem (java.lang.ClassNotFoundException: toughasnails.item.EmptyCanteenItem)
[22Mar2025 17:59:09.401] [main/WARN] [mixin/]: @Mixin target toughasnails.item.EmptyCanteenItem was not found thirst.mixin.json:toughasnails.MixinEmptyCanteenItem
[22Mar2025 17:59:09.404] [main/WARN] [mixin/]: Error loading class: toughasnails/config/ServerConfig (java.lang.ClassNotFoundException: toughasnails.config.ServerConfig)
[22Mar2025 17:59:09.404] [main/WARN] [mixin/]: @Mixin target toughasnails.config.ServerConfig was not found thirst.mixin.json:toughasnails.MixinServerConfig
[22Mar2025 17:59:09.412] [main/WARN] [mixin/]: Error loading class: toughasnails/thirst/ThirstHandler (java.lang.ClassNotFoundException: toughasnails.thirst.ThirstHandler)
[22Mar2025 17:59:09.413] [main/WARN] [mixin/]: @Mixin target toughasnails.thirst.ThirstHandler was not found thirst.mixin.json:toughasnails.MixinThirstHandler
[22Mar2025 17:59:09.417] [main/WARN] [mixin/]: Error loading class: toughasnails/thirst/ThirstHelperImpl (java.lang.ClassNotFoundException: toughasnails.thirst.ThirstHelperImpl)
[22Mar2025 17:59:09.417] [main/WARN] [mixin/]: @Mixin target toughasnails.thirst.ThirstHelperImpl was not found thirst.mixin.json:toughasnails.MixinThirstHelperImpl
[22Mar2025 17:59:10.209] [main/WARN] [mixin/]: Error loading class: mezz/jei/transfer/RecipeTransferUtil (java.lang.ClassNotFoundException: mezz.jei.transfer.RecipeTransferUtil)
[22Mar2025 17:59:10.210] [main/WARN] [mixin/]: @Mixin target mezz.jei.transfer.RecipeTransferUtil was not found polymorph_integrations.mixins.json:jei.MixinRecipeTransferUtil
[22Mar2025 17:59:10.329] [main/WARN] [Canary/]: Force-disabling mixin 'world.chunk_access.ChunkHolderMixin' as rule 'mixin.world.chunk_access' (added by user configuration) disables it and children
[22Mar2025 17:59:10.330] [main/WARN] [Canary/]: Force-disabling mixin 'world.chunk_access.LevelMixin' as rule 'mixin.world.chunk_access' (added by user configuration) disables it and children
[22Mar2025 17:59:10.335] [main/WARN] [Canary/]: Force-disabling mixin 'world.chunk_access.ServerChunkCacheMixin' as rule 'mixin.world.chunk_access' (added by user configuration) disables it and children
[22Mar2025 17:59:10.833] [main/WARN] [mixin/]: Error loading class: net/minecraft/client/gui/screens/inventory/AnvilScreen (java.lang.ClassNotFoundException: net.minecraft.client.gui.screens.inventory.AnvilScreen)
[22Mar2025 17:59:10.833] [main/WARN] [mixin/]: @Mixin target net.minecraft.client.gui.screens.inventory.AnvilScreen was not found ante.mixins.json:AnvilScreenMixin
[22Mar2025 17:59:11.278] [main/WARN] [mixin/]: Error loading class: com/brewinandchewin/common/block/entity/KegBlockEntity (java.lang.ClassNotFoundException: com.brewinandchewin.common.block.entity.KegBlockEntity)
[22Mar2025 17:59:11.278] [main/WARN] [mixin/]: @Mixin target com.brewinandchewin.common.block.entity.KegBlockEntity was not found create_central_kitchen.mixins.json:common.brewinandchewin.KegBlockEntityMixin
[22Mar2025 17:59:11.417] [main/WARN] [mixin/]: Error loading class: com/farmersrespite/common/block/CoffeeBushBlock (java.lang.ClassNotFoundException: com.farmersrespite.common.block.CoffeeBushBlock)
[22Mar2025 17:59:11.417] [main/WARN] [mixin/]: @Mixin target com.farmersrespite.common.block.CoffeeBushBlock was not found create_central_kitchen.mixins.json:common.farmersrespite.CoffeeBushBlockMixin
[22Mar2025 17:59:11.421] [main/WARN] [mixin/]: Error loading class: com/farmersrespite/common/block/CoffeeBushTopBlock (java.lang.ClassNotFoundException: com.farmersrespite.common.block.CoffeeBushTopBlock)
[22Mar2025 17:59:11.421] [main/WARN] [mixin/]: @Mixin target com.farmersrespite.common.block.CoffeeBushTopBlock was not found create_central_kitchen.mixins.json:common.farmersrespite.CoffeeBushTopBlockMixin
[22Mar2025 17:59:11.425] [main/WARN] [mixin/]: Error loading class: com/farmersrespite/common/block/CoffeeDoubleStemBlock (java.lang.ClassNotFoundException: com.farmersrespite.common.block.CoffeeDoubleStemBlock)
[22Mar2025 17:59:11.425] [main/WARN] [mixin/]: @Mixin target com.farmersrespite.common.block.CoffeeDoubleStemBlock was not found create_central_kitchen.mixins.json:common.farmersrespite.CoffeeDoubleStemBlockMixin
[22Mar2025 17:59:11.429] [main/WARN] [mixin/]: Error loading class: com/farmersrespite/common/block/CoffeeMiddleStemBlock (java.lang.ClassNotFoundException: com.farmersrespite.common.block.CoffeeMiddleStemBlock)
[22Mar2025 17:59:11.430] [main/WARN] [mixin/]: @Mixin target com.farmersrespite.common.block.CoffeeMiddleStemBlock was not found create_central_kitchen.mixins.json:common.farmersrespite.CoffeeMiddleStemBlockMixin
[22Mar2025 17:59:11.433] [main/WARN] [mixin/]: Error loading class: com/farmersrespite/common/block/CoffeeStemBlock (java.lang.ClassNotFoundException: com.farmersrespite.common.block.CoffeeStemBlock)
[22Mar2025 17:59:11.434] [main/WARN] [mixin/]: @Mixin target com.farmersrespite.common.block.CoffeeStemBlock was not found create_central_kitchen.mixins.json:common.farmersrespite.CoffeeStemBlockMixin
[22Mar2025 17:59:11.437] [main/WARN] [mixin/]: Error loading class: com/farmersrespite/common/block/entity/KettleBlockEntity (java.lang.ClassNotFoundException: com.farmersrespite.common.block.entity.KettleBlockEntity)
[22Mar2025 17:59:11.437] [main/WARN] [mixin/]: @Mixin target com.farmersrespite.common.block.entity.KettleBlockEntity was not found create_central_kitchen.mixins.json:common.farmersrespite.KettleBlockEntityMixin
[22Mar2025 17:59:11.441] [main/WARN] [mixin/]: Error loading class: com/farmersrespite/common/block/SmallTeaBushBlock (java.lang.ClassNotFoundException: com.farmersrespite.common.block.SmallTeaBushBlock)
[22Mar2025 17:59:11.441] [main/WARN] [mixin/]: @Mixin target com.farmersrespite.common.block.SmallTeaBushBlock was not found create_central_kitchen.mixins.json:common.farmersrespite.SmallTeaBushBlockMixin
[22Mar2025 17:59:11.444] [main/WARN] [mixin/]: Error loading class: com/farmersrespite/common/block/TeaBushBlock (java.lang.ClassNotFoundException: com.farmersrespite.common.block.TeaBushBlock)
[22Mar2025 17:59:11.444] [main/WARN] [mixin/]: @Mixin target com.farmersrespite.common.block.TeaBushBlock was not found create_central_kitchen.mixins.json:common.farmersrespite.TeaBushBlockMixin
[22Mar2025 17:59:11.447] [main/WARN] [mixin/]: Error loading class: com/sammy/minersdelight/content/block/copper_pot/CopperPotBlockEntity (java.lang.ClassNotFoundException: com.sammy.minersdelight.content.block.copper_pot.CopperPotBlockEntity)
[22Mar2025 17:59:11.447] [main/WARN] [mixin/]: @Mixin target com.sammy.minersdelight.content.block.copper_pot.CopperPotBlockEntity was not found create_central_kitchen.mixins.json:common.minersdelight.CopperPotBlockEntityMixin
[22Mar2025 17:59:11.451] [main/WARN] [mixin/]: Error loading class: com/teamabnormals/neapolitan/common/item/DrinkItem (java.lang.ClassNotFoundException: com.teamabnormals.neapolitan.common.item.DrinkItem)
[22Mar2025 17:59:11.451] [main/WARN] [mixin/]: @Mixin target com.teamabnormals.neapolitan.common.item.DrinkItem was not found create_central_kitchen.mixins.json:common.neapolitan.DrinkItemMixin
[22Mar2025 17:59:11.455] [main/WARN] [mixin/]: Error loading class: net/orcinus/overweightfarming/blocks/CropFullBlock (java.lang.ClassNotFoundException: net.orcinus.overweightfarming.blocks.CropFullBlock)
[22Mar2025 17:59:11.455] [main/WARN] [mixin/]: @Mixin target net.orcinus.overweightfarming.blocks.CropFullBlock was not found create_central_kitchen.mixins.json:common.overweightfarming.CropFullBlockMixin
[22Mar2025 17:59:11.892] [main/INFO] [MixinExtras|Service/]: Initializing MixinExtras via com.llamalad7.mixinextras.service.MixinExtrasServiceImpl(version=0.3.5).
[22Mar2025 17:59:12.435] [main/INFO] [Smooth Boot (Reloaded)/]: Smooth Boot (Reloaded) config initialized
[22Mar2025 17:59:12.906] [main/INFO] [net.minecraft.server.Bootstrap/]: ModernFix reached bootstrap stage (25.52 s after launch)
[22Mar2025 17:59:13.359] [main/INFO] [ModernFix/]: Injecting BlockStateBase cache population hook into getOpacityIfCached from ca.spottedleaf.starlight.mixin.common.blockstate.BlockStateBaseMixin
[22Mar2025 17:59:13.359] [main/INFO] [ModernFix/]: Injecting BlockStateBase cache population hook into getNeighborPathNodeType from com.abdelaziz.canary.mixin.ai.pathing.BlockStateBaseMixin
[22Mar2025 17:59:13.360] [main/INFO] [ModernFix/]: Injecting BlockStateBase cache population hook into getPathNodeType from com.abdelaziz.canary.mixin.ai.pathing.BlockStateBaseMixin
[22Mar2025 17:59:13.360] [main/INFO] [ModernFix/]: Injecting BlockStateBase cache population hook into m_60823_ from com.abdelaziz.canary.mixin.block.flatten_states.BlockStateBaseMixin
[22Mar2025 17:59:13.360] [main/INFO] [ModernFix/]: Injecting BlockStateBase cache population hook into isConditionallyFullOpaque from ca.spottedleaf.starlight.mixin.common.blockstate.BlockStateBaseMixin
[22Mar2025 17:59:15.095] [main/WARN] [mixin/]: Static binding violation: PRIVATE @Overwrite method m_47505_ in modernfix-common.mixins.json:perf.remove_biome_temperature_cache.BiomeMixin cannot reduce visibiliy of PUBLIC target method, visibility will be upgraded.
[22Mar2025 17:59:16.833] [main/INFO] [net.minecraft.server.Bootstrap/]: Vanilla bootstrap took 3923 milliseconds
[22Mar2025 17:59:17.793] [main/WARN] [mixin/]: @Final field f_58646_:[[Lnet/minecraft/world/effect/MobEffect; in cold_sweat.mixin.json:MixinBeaconEffects should be final
[22Mar2025 17:59:17.794] [main/WARN] [mixin/]: @Final field f_58647_:Ljava/util/Set; in cold_sweat.mixin.json:MixinBeaconEffects should be final
[22Mar2025 17:59:18.306] [main/INFO] [net.minecraftforge.coremod.CoreMod.beefix/COREMODLOG]: BeehiveBlockEntity patch being skipped; not needed in this version
[22Mar2025 17:59:19.289] [main/WARN] [mixin/]: @Redirect conflict. Skipping securitycraft.mixins.json:camera.ServerPlayerMixin->@Redirect::securitycraft$tick(Lnet/minecraft/server/level/ServerPlayer;DDDFF)V with priority 1100, already redirected by railways-common.mixins.json:conductor_possession.ServerPlayerMixin->@Redirect::snr$securitycraft$tick(Lnet/minecraft/server/level/ServerPlayer;DDDFF)V with priority 1200
[22Mar2025 17:59:22.343] [modloading-worker-0/INFO] [com.blamejared.contenttweaker.core.ContentTweakerCore/]: Successfully injected Trundle file system
[22Mar2025 17:59:22.643] [modloading-worker-0/INFO] [coroutil/]: forge loader environment detected
[22Mar2025 17:59:22.897] [modloading-worker-0/INFO] [MaxHealthFix/]: Loaded maxhealthfix for Forge.
[22Mar2025 17:59:23.011] [modloading-worker-0/WARN] [mixin/]: @Redirect conflict. Skipping modernfix-forge.mixins.json:perf.datapack_reload_exceptions.LootTableManagerMixin->@Redirect::logWithoutStacktrace(Lorg/slf4j/Logger;Ljava/lang/String;Ljava/lang/Object;Ljava/lang/Object;)V with priority 2000, already redirected by railways-common.mixins.json:MixinLootTables->@Redirect::snr$error2(Lorg/slf4j/Logger;Ljava/lang/String;Ljava/lang/Object;Ljava/lang/Object;)V with priority 10000
[22Mar2025 17:59:23.253] [modloading-worker-0/INFO] [hordes/]: Trying to load common config
[22Mar2025 17:59:23.299] [modloading-worker-0/INFO] [hordes/]: Trying to load client config
[22Mar2025 17:59:23.340] [modloading-worker-0/INFO] [hordes/]: Config files are up to date, skipping data/asset generation
[22Mar2025 17:59:23.975] [modloading-worker-0/INFO] [net.permutated.novillagerdm.NoVillagerDeathMessages/]: Registering mod: novillagerdm
[22Mar2025 17:59:24.004] [modloading-worker-0/INFO] [oretweaker/]: Creating Ore Tweaker directory :: /workspaces/bghfdgfdgdfdgf/servidor_minecraft/config/oretweaker
[22Mar2025 17:59:24.013] [modloading-worker-0/INFO] [oretweaker/]: Creating Ore Tweaker directory :: /workspaces/bghfdgfdgdfdgf/servidor_minecraft/config/oretweaker/templates
[22Mar2025 17:59:24.013] [modloading-worker-0/INFO] [oretweaker/]: Creating Ore Tweaker directory :: /workspaces/bghfdgfdgdfdgf/servidor_minecraft/config/oretweaker/backup
[22Mar2025 17:59:24.013] [modloading-worker-0/INFO] [oretweaker/]: Creating Ore Tweaker directory :: /workspaces/bghfdgfdgdfdgf/servidor_minecraft/config/oretweaker/data
[22Mar2025 17:59:24.032] [modloading-worker-0/INFO] [oretweaker/]: Creating Ore Tweaker directory :: /workspaces/bghfdgfdgdfdgf/servidor_minecraft/config/oretweaker/templates/defaults
[22Mar2025 17:59:24.032] [modloading-worker-0/INFO] [oretweaker/]: Creating Ore Tweaker directory :: /workspaces/bghfdgfdgdfdgf/servidor_minecraft/config/oretweaker/templates/remove
[22Mar2025 17:59:24.271] [modloading-worker-0/INFO] [dev.wuffs.bcc.BCC/]: Better Compatibility Checker loading
[22Mar2025 17:59:24.374] [modloading-worker-0/INFO] [com.refinedmods.refinedstorage.apiimpl.API/]: Found 0 RS API injection points
[22Mar2025 17:59:24.726] [modloading-worker-0/INFO] [Collective/]: Loading Collective version 6.53.
[22Mar2025 17:59:24.914] [modloading-worker-0/INFO] [com.tterrag.registrate.AbstractRegistrate/]: Detected new forge version, registering events reflectively.
[22Mar2025 17:59:25.054] [modloading-worker-0/INFO] [dev.architectury.networking.forge.NetworkManagerImpl/]: Registering C2S receiver with id architectury:sync_ids
[22Mar2025 17:59:26.125] [ForkJoinPool.commonPool-worker-1/INFO] [com.unlikepaladin.pfm.PaladinFurnitureMod/]: [Paladin's Furniture Update Check] New update detected, showing update message!
[22Mar2025 17:59:26.248] [modloading-worker-0/INFO] [com.tterrag.registrate.AbstractRegistrate/]: Detected new forge version, registering events reflectively.
[22Mar2025 17:59:26.750] [modloading-worker-0/INFO] [Kiwi/Init]: Processing 3 KiwiModule annotations
[22Mar2025 17:59:26.876] [modloading-worker-0/INFO] [dev.architectury.networking.forge.NetworkManagerImpl/]: Registering C2S receiver with id ftblibrary:edit_nbt_response
[22Mar2025 17:59:26.940] [modloading-worker-0/INFO] [dev.architectury.networking.forge.NetworkManagerImpl/]: Registering C2S receiver with id ftbteams:open_gui
[22Mar2025 17:59:26.948] [modloading-worker-0/INFO] [dev.architectury.networking.forge.NetworkManagerImpl/]: Registering C2S receiver with id ftbteams:update_settings
[22Mar2025 17:59:26.950] [modloading-worker-0/INFO] [dev.architectury.networking.forge.NetworkManagerImpl/]: Registering C2S receiver with id ftbteams:send_message
[22Mar2025 17:59:26.962] [modloading-worker-0/INFO] [dev.architectury.networking.forge.NetworkManagerImpl/]: Registering C2S receiver with id ftbteams:create_party
[22Mar2025 17:59:26.971] [modloading-worker-0/INFO] [dev.architectury.networking.forge.NetworkManagerImpl/]: Registering C2S receiver with id ftbteams:player_gui_operation
[22Mar2025 17:59:27.127] [modloading-worker-0/INFO] [railways/]: Registered bogey styles from railways
[22Mar2025 17:59:27.251] [modloading-worker-0/INFO] [dev.architectury.networking.forge.NetworkManagerImpl/]: Registering C2S receiver with id itemfilters:main/14e7fa1454283aec8ae811ef844ada28
[22Mar2025 17:59:27.252] [modloading-worker-0/INFO] [dev.architectury.networking.forge.NetworkManagerImpl/]: Registering C2S receiver with id itemfilters:main/8f6a899247753217b9d86ab427a2b279
[22Mar2025 17:59:27.303] [modloading-worker-0/INFO] [KubeJS/]: Looking for KubeJS plugins...
[22Mar2025 17:59:27.316] [modloading-worker-0/INFO] [KubeJS/]: Found plugin source kubejs
[22Mar2025 17:59:27.337] [modloading-worker-0/ERROR] [KubeJS/]: Failed to load plugin dev.latvian.mods.kubejs.integration.forge.gamestages.GameStagesIntegration from source kubejs: java.lang.NoClassDefFoundError: net/darkhax/gamestages/event/GameStageEvent
[22Mar2025 17:59:27.346] [modloading-worker-0/INFO] [KubeJS/]: Found plugin source ftbquests
[22Mar2025 17:59:27.353] [modloading-worker-0/INFO] [KubeJS/]: Done in 48.00 ms
[22Mar2025 17:59:27.374] [modloading-worker-0/INFO] [railways/]: Registering data fixers
[22Mar2025 17:59:27.612] [modloading-worker-0/INFO] [KubeJS/]: Loaded common.properties
[22Mar2025 17:59:27.645] [modloading-worker-0/INFO] [ModernFix/]: Bypassed Mojang DFU
[22Mar2025 17:59:27.646] [modloading-worker-0/INFO] [ModernFix/]: Instantiating Mojang DFU
[22Mar2025 17:59:27.654] [modloading-worker-0/INFO] [me.steinborn.lazydfu.LazyDFU/]: Lazy DFU
[22Mar2025 17:59:27.867] [modloading-worker-0/INFO] [Rhino Script Remapper/]: Loading Rhino Minecraft remapper...
[22Mar2025 17:59:27.871] [modloading-worker-0/INFO] [dev.latvian.mods.rhino.mod.util.RhinoProperties/]: Rhino properties loaded.
[22Mar2025 17:59:27.878] [modloading-worker-0/INFO] [Rhino Script Remapper/]: Loading mappings for 1.18.2
[22Mar2025 17:59:27.991] [modloading-worker-0/INFO] [Framework/SYNCED_ENTITY_DATA]: Registered synced data key tac:aiming for minecraft:living_entity
[22Mar2025 17:59:27.992] [modloading-worker-0/INFO] [Framework/SYNCED_ENTITY_DATA]: Registered synced data key tac:shooting for minecraft:living_entity
[22Mar2025 17:59:27.992] [modloading-worker-0/INFO] [Framework/SYNCED_ENTITY_DATA]: Registered synced data key tac:reloading for minecraft:living_entity
[22Mar2025 17:59:27.992] [modloading-worker-0/INFO] [Framework/SYNCED_ENTITY_DATA]: Registered synced data key tac:moving for minecraft:living_entity
[22Mar2025 17:59:27.992] [modloading-worker-0/INFO] [Framework/SYNCED_ENTITY_DATA]: Registered synced data key tac:stop_anima for minecraft:living_entity
[22Mar2025 17:59:27.992] [modloading-worker-0/INFO] [Framework/SYNCED_ENTITY_DATA]: Registered synced data key tac:qrepairing for minecraft:living_entity
[22Mar2025 17:59:28.050] [modloading-worker-0/INFO] [Rhino Script Remapper/]: Done in 0.182 s
[22Mar2025 17:59:28.538] [modloading-worker-0/WARN] [mixin/]: @Redirect conflict. Skipping securitycraft.mixins.json:camera.ChunkMapMixin->@Redirect::securitycraft$getCameraSectionPos(Lnet/minecraft/server/level/ServerPlayer;)Lnet/minecraft/core/SectionPos; with priority 1100, already redirected by railways-common.mixins.json:conductor_possession.ChunkMapMixin->@Redirect::securitycraft$getCameraSectionPos(Lnet/minecraft/server/level/ServerPlayer;)Lnet/minecraft/core/SectionPos; with priority 1200
[22Mar2025 17:59:28.911] [modloading-worker-0/INFO] [KubeJS Startup/]: Loaded mutation_sickness_check.js
[22Mar2025 17:59:28.930] [modloading-worker-0/INFO] [com.blamejared.contenttweaker.core.ContentTweakerCore/]: CrT plugin initialized: bootstrapping CoT plugins
[22Mar2025 17:59:28.932] [modloading-worker-0/INFO] [KubeJS Startup/]: Loaded script startup_scripts:mutation_ignore.js in 0.192 s
[22Mar2025 17:59:28.934] [modloading-worker-0/INFO] [KubeJS Startup/]: Hello, World! (You will only see this line once in console, during startup)
[22Mar2025 17:59:28.938] [modloading-worker-0/INFO] [KubeJS Startup/]: Loaded script startup_scripts:script.js in 0.006 s
[22Mar2025 17:59:28.942] [modloading-worker-0/INFO] [KubeJS Startup/]: Loaded script startup_scripts:ore_removal.js in 0.004 s
[22Mar2025 17:59:28.951] [modloading-worker-0/INFO] [com.blamejared.contenttweaker.core.ContentTweakerCore/]: Successfully identified and loaded plugin contenttweaker:vanilla
[22Mar2025 17:59:28.952] [modloading-worker-0/INFO] [com.blamejared.contenttweaker.core.ContentTweakerCore/]: Successfully identified and loaded plugin contenttweaker:forge
[22Mar2025 17:59:28.956] [modloading-worker-0/INFO] [KubeJS Startup/]: Loaded script startup_scripts:abyss_portal.js in 0.013 s
[22Mar2025 17:59:28.975] [modloading-worker-0/INFO] [KubeJS Startup/]: Loaded 4/4 KubeJS startup scripts in 1.283 s
[22Mar2025 17:59:29.052] [modloading-worker-0/INFO] [tv.mapper.embellishcraft.EmbellishCraft/]: 1.2- EmbellishCraft: block listing.
[22Mar2025 17:59:29.075] [modloading-worker-0/WARN] [KubeJS Startup/]: Class filter is disabled!
[22Mar2025 17:59:29.076] [modloading-worker-0/INFO] [dev.architectury.networking.forge.NetworkManagerImpl/]: Registering C2S receiver with id kubejs:send_data_from_client
[22Mar2025 17:59:29.477] [modloading-worker-0/INFO] [net.minecraftforge.common.ForgeMod/FORGEMOD]: Forge mod loading, version 40.2.21, for MC 1.18.2 with MCP 20220404.173914
[22Mar2025 17:59:29.478] [modloading-worker-0/INFO] [net.minecraftforge.common.MinecraftForge/FORGE]: MinecraftForge v40.2.21 Initialized
[22Mar2025 17:59:29.911] [modloading-worker-0/INFO] [railways/]: Registering tracks for Hex Casting
[22Mar2025 17:59:29.918] [modloading-worker-0/INFO] [railways/]: Registering tracks for Oh The Biomes You'll Go
[22Mar2025 17:59:29.921] [modloading-worker-0/INFO] [railways/]: Registering tracks for Blue Skies
[22Mar2025 17:59:29.923] [modloading-worker-0/INFO] [railways/]: Registering tracks for Twilight Forest
[22Mar2025 17:59:29.930] [modloading-worker-0/INFO] [railways/]: Registering tracks for Biomes O' Plenty
[22Mar2025 17:59:29.966] [modloading-worker-0/INFO] [com.tterrag.registrate.AbstractRegistrate/]: Detected new forge version, registering events reflectively.
[22Mar2025 17:59:30.143] [modloading-worker-0/INFO] [dev.architectury.networking.forge.NetworkManagerImpl/]: Registering C2S receiver with id ftbquests:submit_task
[22Mar2025 17:59:30.149] [modloading-worker-0/INFO] [dev.architectury.networking.forge.NetworkManagerImpl/]: Registering C2S receiver with id ftbquests:claim_reward
[22Mar2025 17:59:30.151] [modloading-worker-0/INFO] [dev.architectury.networking.forge.NetworkManagerImpl/]: Registering C2S receiver with id ftbquests:get_emergency_items
[22Mar2025 17:59:30.154] [modloading-worker-0/INFO] [dev.architectury.networking.forge.NetworkManagerImpl/]: Registering C2S receiver with id ftbquests:claim_all_rewards
[22Mar2025 17:59:30.156] [modloading-worker-0/INFO] [dev.architectury.networking.forge.NetworkManagerImpl/]: Registering C2S receiver with id ftbquests:claim_choice_reward
[22Mar2025 17:59:30.161] [modloading-worker-0/INFO] [dev.architectury.networking.forge.NetworkManagerImpl/]: Registering C2S receiver with id ftbquests:toggle_pinned
[22Mar2025 17:59:30.163] [modloading-worker-0/INFO] [dev.architectury.networking.forge.NetworkManagerImpl/]: Registering C2S receiver with id ftbquests:toggle_chapter_pinned
[22Mar2025 17:59:30.167] [modloading-worker-0/INFO] [dev.architectury.networking.forge.NetworkManagerImpl/]: Registering C2S receiver with id ftbquests:toggle_editing_mode
[22Mar2025 17:59:30.170] [modloading-worker-0/INFO] [dev.architectury.networking.forge.NetworkManagerImpl/]: Registering C2S receiver with id ftbquests:force_save
[22Mar2025 17:59:30.173] [modloading-worker-0/INFO] [dev.architectury.networking.forge.NetworkManagerImpl/]: Registering C2S receiver with id ftbquests:set_custom_image
[22Mar2025 17:59:30.186] [modloading-worker-0/INFO] [dev.architectury.networking.forge.NetworkManagerImpl/]: Registering C2S receiver with id ftbquests:task_screen_config_resp
[22Mar2025 17:59:30.193] [modloading-worker-0/INFO] [dev.architectury.networking.forge.NetworkManagerImpl/]: Registering C2S receiver with id ftbquests:change_progress
[22Mar2025 17:59:30.194] [modloading-worker-0/INFO] [dev.architectury.networking.forge.NetworkManagerImpl/]: Registering C2S receiver with id ftbquests:create_object
[22Mar2025 17:59:30.195] [modloading-worker-0/INFO] [dev.architectury.networking.forge.NetworkManagerImpl/]: Registering C2S receiver with id ftbquests:create_task_at
[22Mar2025 17:59:30.198] [modloading-worker-0/INFO] [dev.architectury.networking.forge.NetworkManagerImpl/]: Registering C2S receiver with id ftbquests:delete_object
[22Mar2025 17:59:30.199] [modloading-worker-0/INFO] [dev.architectury.networking.forge.NetworkManagerImpl/]: Registering C2S receiver with id ftbquests:edit_object
[22Mar2025 17:59:30.201] [modloading-worker-0/INFO] [dev.architectury.networking.forge.NetworkManagerImpl/]: Registering C2S receiver with id ftbquests:move_chapter
[22Mar2025 17:59:30.312] [modloading-worker-0/INFO] [dev.architectury.networking.forge.NetworkManagerImpl/]: Registering C2S receiver with id ftbquests:move_quest
[22Mar2025 17:59:30.316] [modloading-worker-0/INFO] [dev.architectury.networking.forge.NetworkManagerImpl/]: Registering C2S receiver with id ftbquests:change_chapter_group
[22Mar2025 17:59:30.325] [modloading-worker-0/INFO] [dev.architectury.networking.forge.NetworkManagerImpl/]: Registering C2S receiver with id ftbquests:move_chapter_group
[22Mar2025 17:59:30.336] [modloading-worker-0/INFO] [dev.architectury.networking.forge.NetworkManagerImpl/]: Registering C2S receiver with id ftbquests:copy_quest
[22Mar2025 17:59:30.343] [modloading-worker-0/INFO] [dev.architectury.networking.forge.NetworkManagerImpl/]: Registering C2S receiver with id ftbquests:copy_chapter_image
[22Mar2025 17:59:30.674] [modloading-worker-0/INFO] [com.tterrag.registrate.AbstractRegistrate/]: Detected new forge version, registering events reflectively.
[22Mar2025 17:59:31.718] [modloading-worker-0/INFO] [thedarkcolour.kotlinforforge.test.KotlinForForge/]: Kotlin For Forge Enabled!
[22Mar2025 17:59:31.724] [modloading-worker-0/INFO] [com.tterrag.registrate.AbstractRegistrate/]: Detected new forge version, registering events reflectively.
[22Mar2025 17:59:31.962] [modloading-worker-0/WARN] [mixin/]: @Redirect conflict. Skipping modernfix-forge.mixins.json:perf.datapack_reload_exceptions.RecipeManagerMixin->@Redirect::silenceException(Lorg/slf4j/Logger;Ljava/lang/String;Ljava/lang/Object;Ljava/lang/Object;)V with priority 2000, already redirected by railways-common.mixins.json:MixinRecipeManager->@Redirect::snr$error(Lorg/slf4j/Logger;Ljava/lang/String;Ljava/lang/Object;Ljava/lang/Object;)V with priority 10000
[22Mar2025 17:59:32.176] [modloading-worker-0/INFO] [com.tterrag.registrate.AbstractRegistrate/]: Detected new forge version, registering events reflectively.
[22Mar2025 17:59:33.113] [modloading-worker-0/INFO] [be.florens.expandability.ExpandAbility/]: ExpandAbility here, who dis?
[22Mar2025 17:59:33.138] [modloading-worker-0/INFO] [com.tterrag.registrate.AbstractRegistrate/]: Detected new forge version, registering events reflectively.
[22Mar2025 17:59:35.811] [main/INFO] [net.minecraftforge.registries.GameData/]: Potentially Dangerous alternative prefix `minecraft` for name `snow`, expected `snowrealmagic`. This could be a intended override, but in most cases indicates a broken mod.
[22Mar2025 17:59:35.813] [main/INFO] [net.minecraftforge.registries.GameData/]: Potentially Dangerous alternative prefix `minecraft` for name `snow`, expected `snowrealmagic`. This could be a intended override, but in most cases indicates a broken mod.
[22Mar2025 17:59:38.123] [main/WARN] [com.unlikepaladin.pfm.PaladinFurnitureMod/]: Found block type with duplicate id (minecraft:oak), skipping
[22Mar2025 17:59:39.345] [main/INFO] [net.minecraftforge.registries.GameData/]: Potentially Dangerous alternative prefix `minecraft` for name `pumpkin_pie`, expected `create_central_kitchen`. This could be a intended override, but in most cases indicates a broken mod.
[22Mar2025 17:59:39.542] [main/INFO] [net.minecraftforge.registries.GameData/]: Potentially Dangerous alternative prefix `minecraft` for name `crossbow`, expected `crossbowverhaul`. This could be a intended override, but in most cases indicates a broken mod.
[22Mar2025 17:59:39.981] [main/INFO] [tv.mapper.embellishcraft.EmbellishCraft/]: 1.3- EmbellishCraft: TE registering.
[22Mar2025 17:59:39.981] [main/INFO] [tv.mapper.embellishcraft.EmbellishCraft/]: EmbellishCraft: if this line crashes please report to https://github.com/MapperTV/embellishcraft/issues/19
[22Mar2025 17:59:40.091] [main/INFO] [net.minecraftforge.registries.GameData/]: Potentially Dangerous alternative prefix `minecraft` for name `multishot`, expected `crossbowverhaul`. This could be a intended override, but in most cases indicates a broken mod.
[22Mar2025 17:59:40.524] [main/INFO] [net.minecraftforge.registries.GameData/]: Potentially Dangerous alternative prefix `minecraft` for name `milk`, expected `forge`. This could be a intended override, but in most cases indicates a broken mod.
[22Mar2025 17:59:40.524] [main/INFO] [net.minecraftforge.registries.GameData/]: Potentially Dangerous alternative prefix `minecraft` for name `flowing_milk`, expected `forge`. This could be a intended override, but in most cases indicates a broken mod.
[22Mar2025 17:59:40.852] [main/INFO] [net.minecraftforge.registries.GameData/]: Potentially Dangerous alternative prefix `xaerominimap` for name `no_minimap`, expected `xaerominimapfair`. This could be a intended override, but in most cases indicates a broken mod.
[22Mar2025 17:59:40.852] [main/INFO] [net.minecraftforge.registries.GameData/]: Potentially Dangerous alternative prefix `xaerominimap` for name `no_minimap_harmful`, expected `xaerominimapfair`. This could be a intended override, but in most cases indicates a broken mod.
[22Mar2025 17:59:40.853] [main/INFO] [net.minecraftforge.registries.GameData/]: Potentially Dangerous alternative prefix `xaerominimap` for name `no_entity_radar`, expected `xaerominimapfair`. This could be a intended override, but in most cases indicates a broken mod.
[22Mar2025 17:59:40.853] [main/INFO] [net.minecraftforge.registries.GameData/]: Potentially Dangerous alternative prefix `xaerominimap` for name `no_entity_radar_harmful`, expected `xaerominimapfair`. This could be a intended override, but in most cases indicates a broken mod.
[22Mar2025 17:59:40.853] [main/INFO] [net.minecraftforge.registries.GameData/]: Potentially Dangerous alternative prefix `xaerominimap` for name `no_waypoints`, expected `xaerominimapfair`. This could be a intended override, but in most cases indicates a broken mod.
[22Mar2025 17:59:40.853] [main/INFO] [net.minecraftforge.registries.GameData/]: Potentially Dangerous alternative prefix `xaerominimap` for name `no_waypoints_harmful`, expected `xaerominimapfair`. This could be a intended override, but in most cases indicates a broken mod.
[22Mar2025 17:59:40.853] [main/INFO] [net.minecraftforge.registries.GameData/]: Potentially Dangerous alternative prefix `xaerominimap` for name `no_waypoints_beneficial`, expected `xaerominimapfair`. This could be a intended override, but in most cases indicates a broken mod.
[22Mar2025 17:59:40.854] [main/INFO] [net.minecraftforge.registries.GameData/]: Potentially Dangerous alternative prefix `xaerominimap` for name `no_cave_maps`, expected `xaerominimapfair`. This could be a intended override, but in most cases indicates a broken mod.
[22Mar2025 17:59:40.854] [main/INFO] [net.minecraftforge.registries.GameData/]: Potentially Dangerous alternative prefix `xaerominimap` for name `no_cave_maps_harmful`, expected `xaerominimapfair`. This could be a intended override, but in most cases indicates a broken mod.
[22Mar2025 17:59:40.859] [main/INFO] [net.minecraftforge.registries.GameData/]: Potentially Dangerous alternative prefix `minecraft` for name `poison`, expected `firstaid`. This could be a intended override, but in most cases indicates a broken mod.
[22Mar2025 17:59:40.859] [main/INFO] [firstaid/]: Don't worry, the minecraft poison override IS intended.
[22Mar2025 17:59:40.862] [main/WARN] [net.minecraftforge.registries.ForgeRegistry/REGISTRIES]: Registry minecraft:mob_effect: The object flaxbeard.immersivepetroleum.common.util.IPEffects$AntiFireEffect@25b475a0 has been registered twice for the same name immersivepetroleum:anti_fire.
[22Mar2025 17:59:41.095] [main/INFO] [corgitaco.enhancedcelestials.EnhancedCelestials/]: Enhanced Celestials registered: minecraft:sound_event
[22Mar2025 17:59:41.772] [main/WARN] [net.minecraft.network.syncher.SynchedEntityData/]: defineId called for: class com.github.alexthe666.alexsmobs.entity.EntityLeafcutterAnt from class com.github.alexthe666.alexsmobs.entity.EntityDevilsHolePupfish
[22Mar2025 17:59:41.774] [main/WARN] [net.minecraft.network.syncher.SynchedEntityData/]: defineId called for: class com.github.alexthe666.alexsmobs.entity.EntityMantisShrimp from class com.github.alexthe666.alexsmobs.entity.EntitySkelewag
[22Mar2025 17:59:43.772] [Thread-0/INFO] [ModernFix/]: Please use /mfsrc to reload any changed mod config files
[22Mar2025 17:59:44.020] [modloading-worker-0/INFO] [xaero.pac.OpenPartiesAndClaims/]: Loading Open Parties and Claims!
[22Mar2025 17:59:44.023] [modloading-worker-0/INFO] [com.connectivity.Connectivity/]: Connectivity initialized
[22Mar2025 17:59:44.023] [modloading-worker-0/INFO] [incontrol/]: Enabling support for Lost Cities
[22Mar2025 17:59:44.023] [modloading-worker-0/INFO] [incontrol/]: Enabling support for Lost Cities
[22Mar2025 17:59:44.023] [modloading-worker-0/INFO] [incontrol/]: Enabling support for Serene Seasons
[22Mar2025 17:59:44.026] [modloading-worker-0/INFO] [net.mcreator.agsdaycounter.AgDayCounterMod/]: [Day Counter] Loading config file...
[22Mar2025 17:59:44.027] [modloading-worker-0/INFO] [net.mcreator.agsdaycounter.AgDayCounterMod/]: [Day Counter] Config file successfuly loaded!
[22Mar2025 17:59:44.033] [modloading-worker-0/INFO] [com.structureessentials.StructureEssentials/]: structureessentials mod initialized
[22Mar2025 17:59:44.049] [modloading-worker-0/INFO] [incontrol/]: Reading rules from spawn.json
[22Mar2025 17:59:44.285] [modloading-worker-0/INFO] [incontrol/]: Reading rules from summonaid.json
[22Mar2025 17:59:44.290] [modloading-worker-0/INFO] [incontrol/]: Reading rules from loot.json
[22Mar2025 17:59:44.315] [modloading-worker-0/INFO] [incontrol/]: Reading rules from experience.json
[22Mar2025 17:59:44.325] [modloading-worker-0/INFO] [incontrol/]: Reading rules from phases.json
[22Mar2025 17:59:44.322] [modloading-worker-0/INFO] [dev.wuffs.bcc.BCC/]: Better Compatibility Checker setting up
[22Mar2025 17:59:44.327] [modloading-worker-0/INFO] [incontrol/]: Reading rules from special.json
[22Mar2025 17:59:44.331] [modloading-worker-0/INFO] [incontrol/]: Reading rules from spawner.json
[22Mar2025 17:59:44.374] [modloading-worker-0/INFO] [lostcities/]: Creating standard profiles into 'config/lostcities/profiles'
[22Mar2025 17:59:44.409] [modloading-worker-0/INFO] [lostcities/]: Reading existing profiles from 'config/lostcities/profiles'
[22Mar2025 17:59:44.428] [modloading-worker-0/INFO] [snowrealmagic/]: SereneSeasons detected. Overriding melting behavior.
[22Mar2025 17:59:44.480] [modloading-worker-0/INFO] [tv.mapper.mapperbase.MapperBase/]: Mapper Base setup started! Thank you for using my mods!
[22Mar2025 17:59:44.480] [modloading-worker-0/INFO] [tv.mapper.embellishcraft.EmbellishCraft/]: EmbellishCraft: setup started.
[22Mar2025 17:59:44.480] [modloading-worker-0/INFO] [tv.mapper.embellishcraft.EmbellishCraft/]: EmbellishCraft worldgen is disabled by config.
[22Mar2025 17:59:44.514] [modloading-worker-0/INFO] [firstaid/]: firstaid starting...
[22Mar2025 17:59:44.531] [Forge Version Check/INFO] [net.minecraftforge.fml.VersionChecker/]: Global Forge version check system disabled, no further processing.
[22Mar2025 17:59:44.572] [modloading-worker-0/INFO] [voicechat/]: [voicechat] Compatibility version 17
[22Mar2025 17:59:44.573] [modloading-worker-0/INFO] [fxcontrol/]: Enabling support for Lost Cities
[22Mar2025 17:59:44.574] [modloading-worker-0/INFO] [fxcontrol/]: Enabling support for Lost Cities
[22Mar2025 17:59:44.575] [modloading-worker-0/INFO] [fxcontrol/]: Enabling support for Serene Seasons
[22Mar2025 17:59:44.596] [modloading-worker-0/INFO] [fxcontrol/]: Reading rules from effects.json
[22Mar2025 17:59:44.633] [modloading-worker-0/INFO] [fxcontrol/]: Loaded 2 rules!
[22Mar2025 17:59:44.635] [modloading-worker-0/INFO] [fxcontrol/]: Reading rules from breakevents.json
[22Mar2025 17:59:44.640] [modloading-worker-0/INFO] [fxcontrol/]: Loaded 0 rules!
[22Mar2025 17:59:44.644] [modloading-worker-0/INFO] [fxcontrol/]: Reading rules from placeevents.json
[22Mar2025 17:59:44.645] [modloading-worker-0/INFO] [fxcontrol/]: Loaded 0 rules!
[22Mar2025 17:59:44.646] [modloading-worker-0/INFO] [fxcontrol/]: Reading rules from rightclicks.json
[22Mar2025 17:59:44.650] [modloading-worker-0/INFO] [fxcontrol/]: Loaded 1 rules!
[22Mar2025 17:59:44.653] [modloading-worker-0/INFO] [fxcontrol/]: Reading rules from leftclicks.json
[22Mar2025 17:59:44.654] [modloading-worker-0/INFO] [fxcontrol/]: Loaded 0 rules!
[22Mar2025 17:59:44.688] [modloading-worker-0/INFO] [voicechat/]: [voicechat] Loading plugins
[22Mar2025 17:59:44.720] [modloading-worker-0/INFO] [voicechat/]: [voicechat] Loaded 0 plugin(s)
[22Mar2025 17:59:44.722] [modloading-worker-0/INFO] [voicechat/]: [voicechat] Initializing plugins
[22Mar2025 17:59:44.722] [modloading-worker-0/INFO] [voicechat/]: [voicechat] Initialized 0 plugin(s)
[22Mar2025 17:59:44.743] [modloading-worker-0/INFO] [com.jaquadro.minecraft.storagedrawers.StorageDrawers/]: New compacting rule 4 clay_ball = 1 clay
[22Mar2025 17:59:44.743] [modloading-worker-0/INFO] [com.jaquadro.minecraft.storagedrawers.StorageDrawers/]: New compacting rule 4 snowball = 1 snow_block
[22Mar2025 17:59:44.743] [modloading-worker-0/INFO] [com.jaquadro.minecraft.storagedrawers.StorageDrawers/]: New compacting rule 4 glowstone_dust = 1 glowstone
[22Mar2025 17:59:44.743] [modloading-worker-0/INFO] [com.jaquadro.minecraft.storagedrawers.StorageDrawers/]: New compacting rule 4 brick = 1 bricks
[22Mar2025 17:59:44.743] [modloading-worker-0/INFO] [com.jaquadro.minecraft.storagedrawers.StorageDrawers/]: New compacting rule 4 nether_brick = 1 nether_bricks
[22Mar2025 17:59:44.743] [modloading-worker-0/INFO] [com.jaquadro.minecraft.storagedrawers.StorageDrawers/]: New compacting rule 9 nether_wart = 1 nether_wart_block
[22Mar2025 17:59:44.743] [modloading-worker-0/INFO] [com.jaquadro.minecraft.storagedrawers.StorageDrawers/]: New compacting rule 4 quartz = 1 quartz_block
[22Mar2025 17:59:44.744] [modloading-worker-0/INFO] [com.jaquadro.minecraft.storagedrawers.StorageDrawers/]: New compacting rule 9 melon_slice = 1 melon
[22Mar2025 17:59:44.744] [modloading-worker-0/INFO] [com.jaquadro.minecraft.storagedrawers.StorageDrawers/]: New compacting rule 4 sand = 1 sandstone
[22Mar2025 17:59:44.744] [modloading-worker-0/INFO] [com.jaquadro.minecraft.storagedrawers.StorageDrawers/]: New compacting rule 4 red_sand = 1 red_sandstone
[22Mar2025 17:59:44.746] [modloading-worker-0/INFO] [com.jaquadro.minecraft.storagedrawers.StorageDrawers/]: New compacting rule 4 clay_ball = 1 clay
[22Mar2025 17:59:44.757] [modloading-worker-0/INFO] [com.betterchunkloading.BetterChunkLoading/]: betterchunkloading mod initialized
[22Mar2025 17:59:44.857] [modloading-worker-0/INFO] [corgitaco.enhancedcelestials.EnhancedCelestials/]: Initialized enhancedcelestials network!
[22Mar2025 17:59:44.922] [main/INFO] [terrablender/]: Registered region minecraft:overworld to index 0 for type OVERWORLD
[22Mar2025 17:59:44.923] [main/INFO] [terrablender/]: Registered region minecraft:nether to index 0 for type NETHER
[22Mar2025 17:59:44.923] [main/INFO] [terrablender/]: Registered region biomesoplenty:overworld_common to index 1 for type OVERWORLD
[22Mar2025 17:59:44.923] [main/INFO] [terrablender/]: Registered region biomesoplenty:overworld_rare to index 2 for type OVERWORLD
[22Mar2025 17:59:44.923] [main/INFO] [terrablender/]: Registered region biomesoplenty:nether_common to index 1 for type NETHER
[22Mar2025 17:59:44.923] [main/INFO] [terrablender/]: Registered region biomesoplenty:nether_rare to index 2 for type NETHER
[22Mar2025 17:59:44.975] [main/ERROR] [net.minecraft.Util/]: Adding duplicate key 'ResourceKey[minecraft:recipe_type / cgm:workbench]' to registry
[22Mar2025 17:59:44.976] [main/INFO] [Framework/SYNCED_ENTITY_DATA]: Registered synced data key cgm:aiming for minecraft:player
[22Mar2025 17:59:44.976] [main/INFO] [Framework/SYNCED_ENTITY_DATA]: Registered synced data key cgm:shooting for minecraft:player
[22Mar2025 17:59:44.976] [main/INFO] [Framework/SYNCED_ENTITY_DATA]: Registered synced data key cgm:reloading for minecraft:player
[22Mar2025 17:59:45.144] [modloading-worker-0/INFO] [xaero.map.server.WorldMapServer/]: Loading Xaero's World Map - Stage 1/2 (Server)
[22Mar2025 17:59:45.145] [modloading-worker-0/INFO] [xaero.common.MinimapLogs/]: Loading Xaero's Minimap - Stage 1/2 (Server)
[22Mar2025 17:59:45.190] [main/INFO] [xaero.common.MinimapLogs/]: Loading Xaero's Minimap - Stage 2/2 (Server)
[22Mar2025 17:59:45.190] [main/INFO] [xaero.map.server.WorldMapServer/]: Loading Xaero's World Map - Stage 2/2 (Server)
[22Mar2025 17:59:45.349] [modloading-worker-0/INFO] [spacecatasb/]: ASB MESSAGE: Loading armor sets and bonuses
[22Mar2025 17:59:45.349] [modloading-worker-0/INFO] [customvillagertrades/]: CVT MESSAGE: Loading custom villager trades from file: wanderer.json
[22Mar2025 17:59:45.366] [modloading-worker-0/INFO] [AttributeFix/]: Loaded values for 46 compatible attributes.
[22Mar2025 17:59:45.388] [modloading-worker-0/INFO] [oretweaker/]: Reading data: coal_ore.json
[22Mar2025 17:59:45.393] [modloading-worker-0/INFO] [AttributeFix/]: Loaded 46 values from config.
[22Mar2025 17:59:45.394] [modloading-worker-0/INFO] [oretweaker/]: Reading data: netherrack.json
[22Mar2025 17:59:45.396] [modloading-worker-0/INFO] [spacecatasb/]: ASB MESSAGE: Loading armor set: armors.military_beret.title
[22Mar2025 17:59:45.402] [modloading-worker-0/INFO] [oretweaker/]: Reading data: nether_gold_ore.json
[22Mar2025 17:59:45.402] [modloading-worker-0/INFO] [spacecatasb/]: ASB MESSAGE: Loading armor set: armors.fire_fighter.title
[22Mar2025 17:59:45.403] [modloading-worker-0/INFO] [oretweaker/]: Reading data: tuff.json
[22Mar2025 17:59:45.403] [modloading-worker-0/INFO] [spacecatasb/]: ASB MESSAGE: Loading armor set: armors.swat_riot.title
[22Mar2025 17:59:45.404] [modloading-worker-0/INFO] [spacecatasb/]: ASB MESSAGE: Loading armor set: armors.hazmat.title
[22Mar2025 17:59:45.405] [modloading-worker-0/INFO] [oretweaker/]: Reading data: nether_quartz_ore.json
[22Mar2025 17:59:45.406] [modloading-worker-0/INFO] [spacecatasb/]: ASB MESSAGE: Loading armor set: armors.national_army.title
[22Mar2025 17:59:45.408] [modloading-worker-0/INFO] [spacecatasb/]: ASB MESSAGE: Loading armor set: armors.spec_ops.title
[22Mar2025 17:59:45.408] [modloading-worker-0/INFO] [oretweaker/]: Reading data: gold_ore.json
[22Mar2025 17:59:45.409] [modloading-worker-0/INFO] [spacecatasb/]: ASB MESSAGE: Loading armor set: armors.forest_ghillie.title
[22Mar2025 17:59:45.409] [modloading-worker-0/INFO] [AttributeFix/]: Saving config file. 46 entries.
[22Mar2025 17:59:45.409] [modloading-worker-0/INFO] [AttributeFix/]: Applying changes for 46 attributes.
[22Mar2025 17:59:45.410] [modloading-worker-0/INFO] [spacecatasb/]: ASB MESSAGE: Loading armor set: armors.hunting.title
[22Mar2025 17:59:45.411] [modloading-worker-0/INFO] [spacecatasb/]: ASB MESSAGE: Loading armor set: armors.officer.title
[22Mar2025 17:59:45.411] [modloading-worker-0/INFO] [spacecatasb/]: ASB MESSAGE: Loading armor set: armors.military_riot.title
[22Mar2025 17:59:45.411] [modloading-worker-0/INFO] [oretweaker/]: Reading data: copper_ore.json
[22Mar2025 17:59:45.411] [modloading-worker-0/INFO] [spacecatasb/]: ASB MESSAGE: Loading armor set: armors.juggernaut.title
[22Mar2025 17:59:45.415] [modloading-worker-0/INFO] [oretweaker/]: Reading data: infested.json
[22Mar2025 17:59:45.415] [modloading-worker-0/INFO] [spacecatasb/]: ASB MESSAGE: Loading armor set: armors.army_general.title
[22Mar2025 17:59:45.415] [modloading-worker-0/INFO] [spacecatasb/]: ASB MESSAGE: Loading armor set: armors.swat.title
[22Mar2025 17:59:45.418] [modloading-worker-0/INFO] [spacecatasb/]: ASB MESSAGE: Loading armor set: armors.military_urban.title
[22Mar2025 17:59:45.418] [modloading-worker-0/INFO] [oretweaker/]: Reading data: emerald_ore.json
[22Mar2025 17:59:45.418] [modloading-worker-0/INFO] [spacecatasb/]: ASB MESSAGE: Loading armor set: armors.military_aviation.title
[22Mar2025 17:59:45.421] [modloading-worker-0/INFO] [oretweaker/]: Reading data: deepslate_silver_ore.json
[22Mar2025 17:59:45.422] [modloading-worker-0/INFO] [oretweaker/]: Reading data: deepslate_zinc_ore.json
[22Mar2025 17:59:45.422] [modloading-worker-0/INFO] [spacecatasb/]: ASB MESSAGE: Loading armor set: armors.sand_ghillie.title
[22Mar2025 17:59:45.422] [modloading-worker-0/INFO] [oretweaker/]: Reading data: larvikite.json
[22Mar2025 17:59:45.423] [modloading-worker-0/INFO] [oretweaker/]: Reading data: slate.json
[22Mar2025 17:59:45.423] [modloading-worker-0/INFO] [spacecatasb/]: ASB MESSAGE: Loading armor set: armors.police.title
[22Mar2025 17:59:45.424] [modloading-worker-0/INFO] [spacecatasb/]: ASB MESSAGE: Loading armor set: armors.biker.title
[22Mar2025 17:59:45.425] [modloading-worker-0/INFO] [oretweaker/]: Reading data: basalt.json
[22Mar2025 17:59:45.426] [modloading-worker-0/INFO] [oretweaker/]: Reading data: deepslate_bauxite_ore.json
[22Mar2025 17:59:45.427] [modloading-worker-0/INFO] [spacecatasb/]: ASB MESSAGE: Loading armor set: armors.nurse.title
[22Mar2025 17:59:45.427] [modloading-worker-0/INFO] [oretweaker/]: Reading data: magma_block.json
[22Mar2025 17:59:45.427] [modloading-worker-0/INFO] [spacecatasb/]: ASB MESSAGE: Loading armor set: armors.construction.title
[22Mar2025 17:59:45.429] [modloading-worker-0/INFO] [oretweaker/]: Reading data: deepslate_uranium_ore.json
[22Mar2025 17:59:45.428] [modloading-worker-0/INFO] [spacecatasb/]: ASB MESSAGE: Loading armor set: armors.bombsquad.title
[22Mar2025 17:59:45.429] [modloading-worker-0/INFO] [oretweaker/]: Reading data: deepslate_gold_ore.json
[22Mar2025 17:59:45.430] [modloading-worker-0/INFO] [spacecatasb/]: ASB MESSAGE: Loading armor set: armors.biohazard.title
[22Mar2025 17:59:45.430] [modloading-worker-0/INFO] [oretweaker/]: Reading data: deepslate_lead_ore.json
[22Mar2025 17:59:45.431] [modloading-worker-0/INFO] [oretweaker/]: Reading data: deepslate_diamond_ore.json
[22Mar2025 17:59:45.431] [modloading-worker-0/INFO] [oretweaker/]: Reading data: deepslate_emerald_ore.json
[22Mar2025 17:59:45.431] [modloading-worker-0/INFO] [spacecatasb/]: ASB MESSAGE: Loading armor set: armors.snow_ghillie.title
[22Mar2025 17:59:45.432] [modloading-worker-0/INFO] [oretweaker/]: Reading data: deepslate_iron_ore.json
[22Mar2025 17:59:45.432] [modloading-worker-0/INFO] [spacecatasb/]: ASB MESSAGE: Loading armor set: armors.anarchist.title
[22Mar2025 17:59:45.433] [modloading-worker-0/INFO] [spacecatasb/]: ASB MESSAGE: Loading armor set: armors.sports.title
[22Mar2025 17:59:45.433] [modloading-worker-0/INFO] [oretweaker/]: Reading data: jade.json
[22Mar2025 17:59:45.433] [modloading-worker-0/INFO] [spacecatasb/]: ASB MESSAGE: Loading armor set: armors.royal_police.title
[22Mar2025 17:59:45.434] [modloading-worker-0/INFO] [oretweaker/]: Reading data: deepslate_lapis_ore.json
[22Mar2025 17:59:45.434] [modloading-worker-0/INFO] [spacecatasb/]: ASB MESSAGE: Loading armor set: armors.forest_guard.title
[22Mar2025 17:59:45.434] [modloading-worker-0/INFO] [oretweaker/]: Reading data: gneiss.json
[22Mar2025 17:59:45.434] [modloading-worker-0/INFO] [spacecatasb/]: ASB MESSAGE: Loading armor set: armors.motorcyclist.title
[22Mar2025 17:59:45.435] [modloading-worker-0/INFO] [oretweaker/]: Reading data: deepslate_redstone_ore.json
[22Mar2025 17:59:45.435] [modloading-worker-0/INFO] [spacecatasb/]: ASB MESSAGE: Loading armor set: armors.soldier.title
[22Mar2025 17:59:45.436] [modloading-worker-0/INFO] [spacecatasb/]: ASB MESSAGE: Loading armor set: armors.fighter.title
[22Mar2025 17:59:45.436] [modloading-worker-0/INFO] [oretweaker/]: Reading data: deepslate_nickel_ore.json
[22Mar2025 17:59:45.437] [modloading-worker-0/INFO] [oretweaker/]: Reading data: marble.json
[22Mar2025 17:59:45.437] [modloading-worker-0/INFO] [spacecatasb/]: ASB MESSAGE: Loading armor set: armors.ballistic.title
[22Mar2025 17:59:45.438] [modloading-worker-0/INFO] [oretweaker/]: Reading data: deepslate_copper_ore.json
[22Mar2025 17:59:45.439] [modloading-worker-0/INFO] [oretweaker/]: Reading data: diorite.json
[22Mar2025 17:59:45.438] [modloading-worker-0/INFO] [spacecatasb/]: ASB MESSAGE: Loading armor set: armors.un_army.title
[22Mar2025 17:59:45.440] [modloading-worker-0/INFO] [spacecatasb/]: ASB MESSAGE: Loading armor set: armors.radiation.title
[22Mar2025 17:59:45.440] [modloading-worker-0/INFO] [spacecatasb/]: ASB MESSAGE: Loading armor set: armors.football.title
[22Mar2025 17:59:45.440] [modloading-worker-0/INFO] [spacecatasb/]: ASB MESSAGE: Finished loading a total of 34 armor sets and bonuses with 0 errors.
[22Mar2025 17:59:45.441] [modloading-worker-0/INFO] [oretweaker/]: Reading data: magma_block.json
[22Mar2025 17:59:45.442] [modloading-worker-0/INFO] [oretweaker/]: Reading data: dirt.json
[22Mar2025 17:59:45.442] [modloading-worker-0/INFO] [oretweaker/]: Reading data: iron_ore.json
[22Mar2025 17:59:45.444] [modloading-worker-0/INFO] [dev.architectury.networking.forge.NetworkManagerImpl/]: Registering C2S receiver with id spacecatasb:networking_channel/695c919422d23ac1913883a5d4c7eaa6
[22Mar2025 17:59:45.445] [modloading-worker-0/INFO] [oretweaker/]: Reading data: blackstone.json
[22Mar2025 17:59:45.446] [modloading-worker-0/INFO] [dev.architectury.networking.forge.NetworkManagerImpl/]: Registering C2S receiver with id spacecatasb:networking_channel/e12f8dbf5c503667968bd7f26c6d6251
[22Mar2025 17:59:45.447] [modloading-worker-0/INFO] [oretweaker/]: Reading data: lapis_ore.json
[22Mar2025 17:59:45.447] [modloading-worker-0/INFO] [oretweaker/]: Reading data: andesite.json
[22Mar2025 17:59:45.448] [modloading-worker-0/INFO] [oretweaker/]: Reading data: soul_sand.json
[22Mar2025 17:59:45.448] [modloading-worker-0/INFO] [oretweaker/]: Reading data: granite.json
[22Mar2025 17:59:45.449] [modloading-worker-0/INFO] [oretweaker/]: Reading data: gravel.json
[22Mar2025 17:59:45.450] [modloading-worker-0/INFO] [oretweaker/]: Reading data: clay.json
[22Mar2025 17:59:45.451] [modloading-worker-0/INFO] [oretweaker/]: Reading data: redstone_ore.json
[22Mar2025 17:59:45.452] [modloading-worker-0/INFO] [oretweaker/]: Reading data: diamond_ore.json
[22Mar2025 17:59:45.453] [modloading-worker-0/INFO] [oretweaker/]: Reading data: ancient_debris.json
[22Mar2025 17:59:45.453] [modloading-worker-0/INFO] [oretweaker/]: com.ewyboy.oretweaker.json.objects.OreConfig@a3c3b8c
[22Mar2025 17:59:45.937] [main/INFO] [pro.mikey.mods.dsp.DSPInit/]: Default server properties injection ignored as it has already been run. This is not an error. This is correct behaviour.
[22Mar2025 17:59:45.987] [main/INFO] [com.mojang.authlib.yggdrasil.YggdrasilAuthenticationService/]: Environment: authHost='https://authserver.mojang.com', accountsHost='https://api.mojang.com', sessionHost='https://sessionserver.mojang.com', servicesHost='https://api.minecraftservices.com', name='PROD'
[22Mar2025 17:59:46.716] [main/WARN] [net.minecraft.server.packs.VanillaPackResources/]: Assets URL 'union:/workspaces/bghfdgfdgdfdgf/servidor_minecraft/libraries/net/minecraft/server/1.18.2-20220404.173914/server-1.18.2-20220404.173914-srg.jar%23226!/assets/.mcassetsroot' uses unexpected schema
[22Mar2025 17:59:46.716] [main/WARN] [net.minecraft.server.packs.VanillaPackResources/]: Assets URL 'union:/workspaces/bghfdgfdgdfdgf/servidor_minecraft/libraries/net/minecraft/server/1.18.2-20220404.173914/server-1.18.2-20220404.173914-srg.jar%23226!/data/.mcassetsroot' uses unexpected schema
[22Mar2025 17:59:46.871] [main/WARN] [ModernFix/]: PathResourcePack base class instantiated with root path of mod file Zombie+Extreme+1.18.2+0.2.4.jar. This probably means a mod should be calling ResourcePackLoader.createPackForMod instead. Applying workaround.
[22Mar2025 17:59:46.875] [main/WARN] [ModernFix/]: PathResourcePack base class instantiated with root path of mod file saturn-mc1.18.2-0.1.3.jar. This probably means a mod should be calling ResourcePackLoader.createPackForMod instead. Applying workaround.
[22Mar2025 17:59:46.875] [main/WARN] [ModernFix/]: PathResourcePack base class instantiated with root path of mod file StackablePotions-forge-1.18.2-1.0.0.jar. This probably means a mod should be calling ResourcePackLoader.createPackForMod instead. Applying workaround.
[22Mar2025 17:59:46.875] [main/WARN] [ModernFix/]: PathResourcePack base class instantiated with root path of mod file GlobalGameRules-1.18.1-6.0.0.5.jar. This probably means a mod should be calling ResourcePackLoader.createPackForMod instead. Applying workaround.
[22Mar2025 17:59:46.876] [main/WARN] [ModernFix/]: PathResourcePack base class instantiated with root path of mod file supermartijn642configlib-1.1.6-forge-mc1.18.jar. This probably means a mod should be calling ResourcePackLoader.createPackForMod instead. Applying workaround.
[22Mar2025 17:59:46.876] [main/WARN] [ModernFix/]: PathResourcePack base class instantiated with root path of mod file nocube's_zombie_mobs_1.4.0_forge_1.18.2.jar. This probably means a mod should be calling ResourcePackLoader.createPackForMod instead. Applying workaround.
[22Mar2025 17:59:46.876] [main/WARN] [ModernFix/]: PathResourcePack base class instantiated with root path of mod file open-parties-and-claims-forge-1.18.2-0.20.1.jar. This probably means a mod should be calling ResourcePackLoader.createPackForMod instead. Applying workaround.
[22Mar2025 17:59:46.876] [main/WARN] [ModernFix/]: PathResourcePack base class instantiated with root path of mod file player-animation-lib-forge-1.0.2+1.18.jar. This probably means a mod should be calling ResourcePackLoader.createPackForMod instead. Applying workaround.
[22Mar2025 17:59:46.877] [main/WARN] [ModernFix/]: PathResourcePack base class instantiated with root path of mod file incontrol-1.18-6.1.13.jar. This probably means a mod should be calling ResourcePackLoader.createPackForMod instead. Applying workaround.
[22Mar2025 17:59:46.877] [main/WARN] [ModernFix/]: PathResourcePack base class instantiated with root path of mod file connectivity-1.18.2-3.2.jar. This probably means a mod should be calling ResourcePackLoader.createPackForMod instead. Applying workaround.
[22Mar2025 17:59:46.877] [main/WARN] [ModernFix/]: PathResourcePack base class instantiated with root path of mod file nerb-1.18.2-0.3-FORGE.jar. This probably means a mod should be calling ResourcePackLoader.createPackForMod instead. Applying workaround.
[22Mar2025 17:59:46.877] [main/WARN] [ModernFix/]: PathResourcePack base class instantiated with root path of mod file Entity_Collision_FPS_Fix-forge-1.18.2-1.0.0.jar. This probably means a mod should be calling ResourcePackLoader.createPackForMod instead. Applying workaround.
[22Mar2025 17:59:46.877] [main/WARN] [ModernFix/]: PathResourcePack base class instantiated with root path of mod file ContentTweaker-forge-1.18.2-1.0.0+13.jar. This probably means a mod should be calling ResourcePackLoader.createPackForMod instead. Applying workaround.
[22Mar2025 17:59:46.878] [main/WARN] [ModernFix/]: PathResourcePack base class instantiated with root path of mod file day_counter_v3.0_1.18.2_[FORGE].jar. This probably means a mod should be calling ResourcePackLoader.createPackForMod instead. Applying workaround.
[22Mar2025 17:59:46.878] [main/WARN] [ModernFix/]: PathResourcePack base class instantiated with root path of mod file sophisticatedcore-1.18.2-0.5.106.502.jar. This probably means a mod should be calling ResourcePackLoader.createPackForMod instead. Applying workaround.
[22Mar2025 17:59:46.878] [main/WARN] [ModernFix/]: PathResourcePack base class instantiated with root path of mod file InsaneLib-1.5.3-mc1.18.2.jar. This probably means a mod should be calling ResourcePackLoader.createPackForMod instead. Applying workaround.
[22Mar2025 17:59:46.878] [main/WARN] [ModernFix/]: PathResourcePack base class instantiated with root path of mod file structureessentials-1.18.2-3.0.jar. This probably means a mod should be calling ResourcePackLoader.createPackForMod instead. Applying workaround.
[22Mar2025 17:59:46.879] [main/WARN] [ModernFix/]: PathResourcePack base class instantiated with root path of mod file nanhealthfixer-1.18.2-0.0.1.jar. This probably means a mod should be calling ResourcePackLoader.createPackForMod instead. Applying workaround.
[22Mar2025 17:59:46.879] [main/WARN] [ModernFix/]: PathResourcePack base class instantiated with root path of mod file ritchiesprojectilelib-1.0.0-3a68f88+1.18.2-forge.jar. This probably means a mod should be calling ResourcePackLoader.createPackForMod instead. Applying workaround.
[22Mar2025 17:59:46.879] [main/WARN] [ModernFix/]: PathResourcePack base class instantiated with root path of mod file XaerosWorldMap_1.37.3_Forge_1.18.2.jar. This probably means a mod should be calling ResourcePackLoader.createPackForMod instead. Applying workaround.
[22Mar2025 17:59:46.879] [main/WARN] [ModernFix/]: PathResourcePack base class instantiated with root path of mod file EnhancedVisuals_FORGE_v1.6.4_mc1.18.2.jar. This probably means a mod should be calling ResourcePackLoader.createPackForMod instead. Applying workaround.
[22Mar2025 17:59:46.880] [main/WARN] [ModernFix/]: PathResourcePack base class instantiated with root path of mod file Placebo-1.18.2-6.6.6.jar. This probably means a mod should be calling ResourcePackLoader.createPackForMod instead. Applying workaround.
[22Mar2025 17:59:46.880] [main/WARN] [ModernFix/]: PathResourcePack base class instantiated with root path of mod file citadel-1.11.3-1.18.2.jar. This probably means a mod should be calling ResourcePackLoader.createPackForMod instead. Applying workaround.
[22Mar2025 17:59:46.880] [main/WARN] [ModernFix/]: PathResourcePack base class instantiated with root path of mod file alexsmobs-1.18.6.jar. This probably means a mod should be calling ResourcePackLoader.createPackForMod instead. Applying workaround.
[22Mar2025 17:59:46.880] [main/WARN] [ModernFix/]: PathResourcePack base class instantiated with root path of mod file modernfix-forge-5.13.0+mc1.18.2.jar. This probably means a mod should be calling ResourcePackLoader.createPackForMod instead. Applying workaround.
[22Mar2025 17:59:46.880] [main/WARN] [ModernFix/]: PathResourcePack base class instantiated with root path of mod file zombieawareness-1.18.1-1.12.3.jar. This probably means a mod should be calling ResourcePackLoader.createPackForMod instead. Applying workaround.
[22Mar2025 17:59:46.881] [main/WARN] [ModernFix/]: PathResourcePack base class instantiated with root path of mod file YungsApi-1.18.2-Forge-2.2.9.jar. This probably means a mod should be calling ResourcePackLoader.createPackForMod instead. Applying workaround.
[22Mar2025 17:59:46.881] [main/WARN] [ModernFix/]: PathResourcePack base class instantiated with root path of mod file MaxHealthFix-Forge-1.18.2-5.0.4.jar. This probably means a mod should be calling ResourcePackLoader.createPackForMod instead. Applying workaround.
[22Mar2025 17:59:46.881] [main/WARN] [ModernFix/]: PathResourcePack base class instantiated with root path of mod file mixinextras-forge-0.2.0.jar. This probably means a mod should be calling ResourcePackLoader.createPackForMod instead. Applying workaround.
[22Mar2025 17:59:46.881] [main/WARN] [ModernFix/]: PathResourcePack base class instantiated with root path of mod file sophisticatedbackpacks-1.18.2-3.19.1.959.jar. This probably means a mod should be calling ResourcePackLoader.createPackForMod instead. Applying workaround.
[22Mar2025 17:59:46.881] [main/WARN] [ModernFix/]: PathResourcePack base class instantiated with root path of mod file guardvillagers-1.18.2.1.4.3.jar. This probably means a mod should be calling ResourcePackLoader.createPackForMod instead. Applying workaround.
[22Mar2025 17:59:46.882] [main/WARN] [ModernFix/]: PathResourcePack base class instantiated with root path of mod file simpleplanes-1.18.2-5.2.1.jar. This probably means a mod should be calling ResourcePackLoader.createPackForMod instead. Applying workaround.
[22Mar2025 17:59:46.882] [main/WARN] [ModernFix/]: PathResourcePack base class instantiated with root path of mod file Steam_Rails-1.4.8+forge-mc1.18.2-build.23.jar. This probably means a mod should be calling ResourcePackLoader.createPackForMod instead. Applying workaround.
[22Mar2025 17:59:46.882] [main/WARN] [ModernFix/]: PathResourcePack base class instantiated with root path of mod file The-Hordes-1.18.2-1.5.3a.jar. This probably means a mod should be calling ResourcePackLoader.createPackForMod instead. Applying workaround.
[22Mar2025 17:59:46.882] [main/WARN] [ModernFix/]: PathResourcePack base class instantiated with root path of mod file balm-3.2.1+0.jar. This probably means a mod should be calling ResourcePackLoader.createPackForMod instead. Applying workaround.
[22Mar2025 17:59:46.883] [main/WARN] [ModernFix/]: PathResourcePack base class instantiated with root path of mod file SnowRealMagic-1.18.2-forge-4.2.4.jar. This probably means a mod should be calling ResourcePackLoader.createPackForMod instead. Applying workaround.
[22Mar2025 17:59:46.883] [main/WARN] [ModernFix/]: PathResourcePack base class instantiated with root path of mod file carryon-1.18.2-1.17.0.8.jar. This probably means a mod should be calling ResourcePackLoader.createPackForMod instead. Applying workaround.
[22Mar2025 17:59:46.883] [main/WARN] [ModernFix/]: PathResourcePack base class instantiated with root path of mod file cloth-config-6.4.90-forge.jar. This probably means a mod should be calling ResourcePackLoader.createPackForMod instead. Applying workaround.
[22Mar2025 17:59:46.883] [main/WARN] [ModernFix/]: PathResourcePack base class instantiated with root path of mod file paladin-furniture-mod-1.2.1-forge-mc1.18.2.jar. This probably means a mod should be calling ResourcePackLoader.createPackForMod instead. Applying workaround.
[22Mar2025 17:59:46.883] [main/WARN] [ModernFix/]: PathResourcePack base class instantiated with root path of mod file MmmMmmMmmMmm-1.18.2-1.5.2.jar. This probably means a mod should be calling ResourcePackLoader.createPackForMod instead. Applying workaround.
[22Mar2025 17:59:46.884] [main/WARN] [ModernFix/]: PathResourcePack base class instantiated with root path of mod file emojiful-1.18.2-3.0.1.jar. This probably means a mod should be calling ResourcePackLoader.createPackForMod instead. Applying workaround.
[22Mar2025 17:59:46.884] [main/WARN] [ModernFix/]: PathResourcePack base class instantiated with root path of mod file refinedstorage-1.10.6.jar. This probably means a mod should be calling ResourcePackLoader.createPackForMod instead. Applying workaround.
[22Mar2025 17:59:46.884] [main/WARN] [ModernFix/]: PathResourcePack base class instantiated with root path of mod file durabilitytooltip-1.1.4-forge-mc1.18.jar. This probably means a mod should be calling ResourcePackLoader.createPackForMod instead. Applying workaround.
[22Mar2025 17:59:46.884] [main/WARN] [ModernFix/]: PathResourcePack base class instantiated with root path of mod file novillagerdm-1.18.1-3.0.0.jar. This probably means a mod should be calling ResourcePackLoader.createPackForMod instead. Applying workaround.
[22Mar2025 17:59:46.885] [main/WARN] [ModernFix/]: PathResourcePack base class instantiated with root path of mod file corpse-1.18.2-1.0.1.jar. This probably means a mod should be calling ResourcePackLoader.createPackForMod instead. Applying workaround.
[22Mar2025 17:59:46.885] [main/WARN] [ModernFix/]: PathResourcePack base class instantiated with root path of mod file OreTweaker-1.18.2-3.4.0.jar. This probably means a mod should be calling ResourcePackLoader.createPackForMod instead. Applying workaround.
[22Mar2025 17:59:46.885] [main/WARN] [ModernFix/]: PathResourcePack base class instantiated with root path of mod file FarmersDelight-1.18.2-1.2.3.jar. This probably means a mod should be calling ResourcePackLoader.createPackForMod instead. Applying workaround.
[22Mar2025 17:59:46.885] [main/WARN] [ModernFix/]: PathResourcePack base class instantiated with root path of mod file BetterCompatibilityChecker-1.1.21-build.48+mc1.18.2.jar. This probably means a mod should be calling ResourcePackLoader.createPackForMod instead. Applying workaround.
[22Mar2025 17:59:46.885] [main/WARN] [ModernFix/]: PathResourcePack base class instantiated with root path of mod file getittogetherdrops-forge-1.18.2-1.3.jar. This probably means a mod should be calling ResourcePackLoader.createPackForMod instead. Applying workaround.
[22Mar2025 17:59:46.886] [main/WARN] [ModernFix/]: PathResourcePack base class instantiated with root path of mod file customportalapi-0.0.5-forge-1.18.2.jar. This probably means a mod should be calling ResourcePackLoader.createPackForMod instead. Applying workaround.
[22Mar2025 17:59:46.886] [main/WARN] [ModernFix/]: PathResourcePack base class instantiated with root path of mod file BiomesOPlenty-1.18.2-16.0.0.109-universal.jar. This probably means a mod should be calling ResourcePackLoader.createPackForMod instead. Applying workaround.
[22Mar2025 17:59:46.886] [main/WARN] [ModernFix/]: PathResourcePack base class instantiated with root path of mod file simpleshops-1.2.1.jar. This probably means a mod should be calling ResourcePackLoader.createPackForMod instead. Applying workaround.
[22Mar2025 17:59:46.886] [main/WARN] [ModernFix/]: PathResourcePack base class instantiated with root path of mod file Chunky-1.2.164.jar. This probably means a mod should be calling ResourcePackLoader.createPackForMod instead. Applying workaround.
[22Mar2025 17:59:46.886] [main/WARN] [ModernFix/]: PathResourcePack base class instantiated with root path of mod file Apocalyspe_Now_1.18.2_v2.0.7.jar. This probably means a mod should be calling ResourcePackLoader.createPackForMod instead. Applying workaround.
[22Mar2025 17:59:46.887] [main/WARN] [ModernFix/]: PathResourcePack base class instantiated with root path of mod file supermartijn642corelib-1.1.12-forge-mc1.18.jar. This probably means a mod should be calling ResourcePackLoader.createPackForMod instead. Applying workaround.
[22Mar2025 17:59:46.887] [main/WARN] [ModernFix/]: PathResourcePack base class instantiated with root path of mod file simplylight-1.18.2-1.4.5-build.43.jar. This probably means a mod should be calling ResourcePackLoader.createPackForMod instead. Applying workaround.
[22Mar2025 17:59:46.887] [main/WARN] [ModernFix/]: PathResourcePack base class instantiated with root path of mod file spark-1.10.38-forge.jar. This probably means a mod should be calling ResourcePackLoader.createPackForMod instead. Applying workaround.
[22Mar2025 17:59:46.887] [main/WARN] [ModernFix/]: PathResourcePack base class instantiated with root path of mod file lightspeed-1.18.2-1.0.5.jar. This probably means a mod should be calling ResourcePackLoader.createPackForMod instead. Applying workaround.
[22Mar2025 17:59:46.887] [main/WARN] [ModernFix/]: PathResourcePack base class instantiated with root path of mod file curios-forge-1.18.2-5.0.7.1.jar. This probably means a mod should be calling ResourcePackLoader.createPackForMod instead. Applying workaround.
[22Mar2025 17:59:46.888] [main/WARN] [ModernFix/]: PathResourcePack base class instantiated with root path of mod file Patchouli-1.18.2-71.1.jar. This probably means a mod should be calling ResourcePackLoader.createPackForMod instead. Applying workaround.
[22Mar2025 17:59:46.888] [main/WARN] [ModernFix/]: PathResourcePack base class instantiated with root path of mod file collective-1.18.2-6.53.jar. This probably means a mod should be calling ResourcePackLoader.createPackForMod instead. Applying workaround.
[22Mar2025 17:59:46.888] [main/WARN] [ModernFix/]: PathResourcePack base class instantiated with root path of mod file camera-1.18.2-1.0.5.jar. This probably means a mod should be calling ResourcePackLoader.createPackForMod instead. Applying workaround.
[22Mar2025 17:59:46.888] [main/WARN] [ModernFix/]: PathResourcePack base class instantiated with root path of mod file Xaeros_Minimap_FP23.9.4_Forge_1.18.2.jar. This probably means a mod should be calling ResourcePackLoader.createPackForMod instead. Applying workaround.
[22Mar2025 17:59:46.888] [main/WARN] [ModernFix/]: PathResourcePack base class instantiated with root path of mod file lostcities-1.18-5.3.29.jar. This probably means a mod should be calling ResourcePackLoader.createPackForMod instead. Applying workaround.
[22Mar2025 17:59:46.888] [main/WARN] [ModernFix/]: PathResourcePack base class instantiated with root path of mod file lostsouls-1.18-2.0.5.jar. This probably means a mod should be calling ResourcePackLoader.createPackForMod instead. Applying workaround.
[22Mar2025 17:59:46.889] [main/WARN] [ModernFix/]: PathResourcePack base class instantiated with root path of mod file DietaryStatistics+1.0.2.jar. This probably means a mod should be calling ResourcePackLoader.createPackForMod instead. Applying workaround.
[22Mar2025 17:59:46.889] [main/WARN] [ModernFix/]: PathResourcePack base class instantiated with root path of mod file ThirstWasTaken-1.18.2-1.3.4.jar. This probably means a mod should be calling ResourcePackLoader.createPackForMod instead. Applying workaround.
[22Mar2025 17:59:46.889] [main/WARN] [ModernFix/]: PathResourcePack base class instantiated with root path of mod file Atlas-Lib-1.18.2-1.1.8.jar. This probably means a mod should be calling ResourcePackLoader.createPackForMod instead. Applying workaround.
[22Mar2025 17:59:46.889] [main/WARN] [ModernFix/]: PathResourcePack base class instantiated with root path of mod file starterkit-1.18.2-5.2.jar. This probably means a mod should be calling ResourcePackLoader.createPackForMod instead. Applying workaround.
[22Mar2025 17:59:46.889] [main/WARN] [ModernFix/]: PathResourcePack base class instantiated with root path of mod file pluto-mc1.18.2-0.0.6.jar. This probably means a mod should be calling ResourcePackLoader.createPackForMod instead. Applying workaround.
[22Mar2025 17:59:46.890] [main/WARN] [ModernFix/]: PathResourcePack base class instantiated with root path of mod file architectury-4.11.93-forge.jar. This probably means a mod should be calling ResourcePackLoader.createPackForMod instead. Applying workaround.
[22Mar2025 17:59:46.890] [main/WARN] [ModernFix/]: PathResourcePack base class instantiated with root path of mod file customvillagertrades-forge-18.24.0.jar. This probably means a mod should be calling ResourcePackLoader.createPackForMod instead. Applying workaround.
[22Mar2025 17:59:46.890] [main/WARN] [ModernFix/]: PathResourcePack base class instantiated with root path of mod file spacecatasb-forge-18.13.1.jar. This probably means a mod should be calling ResourcePackLoader.createPackForMod instead. Applying workaround.
[22Mar2025 17:59:46.890] [main/WARN] [ModernFix/]: PathResourcePack base class instantiated with root path of mod file cfm-7.0.0-pre35-1.18.2.jar. This probably means a mod should be calling ResourcePackLoader.createPackForMod instead. Applying workaround.
[22Mar2025 17:59:46.890] [main/WARN] [ModernFix/]: PathResourcePack base class instantiated with root path of mod file AI-Improvements-1.18.2-0.5.2.jar. This probably means a mod should be calling ResourcePackLoader.createPackForMod instead. Applying workaround.
[22Mar2025 17:59:46.891] [main/WARN] [ModernFix/]: PathResourcePack base class instantiated with root path of mod file cupboard-1.18.2-1.5.jar. This probably means a mod should be calling ResourcePackLoader.createPackForMod instead. Applying workaround.
[22Mar2025 17:59:46.891] [main/WARN] [ModernFix/]: PathResourcePack base class instantiated with root path of mod file trashcans-1.0.18-forge-mc1.18.jar. This probably means a mod should be calling ResourcePackLoader.createPackForMod instead. Applying workaround.
[22Mar2025 17:59:46.891] [main/WARN] [ModernFix/]: PathResourcePack base class instantiated with root path of mod file EnhancedAI-1.6.11-mc1.18.2.jar. This probably means a mod should be calling ResourcePackLoader.createPackForMod instead. Applying workaround.
[22Mar2025 17:59:46.891] [main/WARN] [ModernFix/]: PathResourcePack base class instantiated with root path of mod file framework-0.4.2-1.18.2.jar. This probably means a mod should be calling ResourcePackLoader.createPackForMod instead. Applying workaround.
[22Mar2025 17:59:46.891] [main/WARN] [ModernFix/]: PathResourcePack base class instantiated with root path of mod file AnvilNeverTooExpensive-1.18-1.1.jar. This probably means a mod should be calling ResourcePackLoader.createPackForMod instead. Applying workaround.
[22Mar2025 17:59:46.892] [main/WARN] [ModernFix/]: PathResourcePack base class instantiated with root path of mod file mobtimizations-forge-1.18.2-1.0.0.jar. This probably means a mod should be calling ResourcePackLoader.createPackForMod instead. Applying workaround.
[22Mar2025 17:59:46.892] [main/WARN] [ModernFix/]: PathResourcePack base class instantiated with root path of mod file FastLeafDecay-28.jar. This probably means a mod should be calling ResourcePackLoader.createPackForMod instead. Applying workaround.
[22Mar2025 17:59:46.892] [main/WARN] [ModernFix/]: PathResourcePack base class instantiated with root path of mod file YungsBetterMineshafts-1.18.2-Forge-2.2.jar. This probably means a mod should be calling ResourcePackLoader.createPackForMod instead. Applying workaround.
[22Mar2025 17:59:46.892] [main/WARN] [ModernFix/]: PathResourcePack base class instantiated with root path of mod file geckolib-forge-1.18-3.0.57.jar. This probably means a mod should be calling ResourcePackLoader.createPackForMod instead. Applying workaround.
[22Mar2025 17:59:46.892] [main/WARN] [ModernFix/]: PathResourcePack base class instantiated with root path of mod file Kiwi-1.18.2-forge-6.1.3.jar. This probably means a mod should be calling ResourcePackLoader.createPackForMod instead. Applying workaround.
[22Mar2025 17:59:46.893] [main/WARN] [ModernFix/]: PathResourcePack base class instantiated with root path of mod file rhino-forge-1802.2.1-build.255.jar. This probably means a mod should be calling ResourcePackLoader.createPackForMod instead. Applying workaround.
[22Mar2025 17:59:46.893] [main/WARN] [ModernFix/]: PathResourcePack base class instantiated with root path of mod file puffish_skills-0.10.0-1.18.2-forge.jar. This probably means a mod should be calling ResourcePackLoader.createPackForMod instead. Applying workaround.
[22Mar2025 17:59:46.893] [main/WARN] [ModernFix/]: PathResourcePack base class instantiated with root path of mod file createbigcannons-forge-1.18.2-0.5.3.b.jar. This probably means a mod should be calling ResourcePackLoader.createPackForMod instead. Applying workaround.
[22Mar2025 17:59:46.893] [main/WARN] [ModernFix/]: PathResourcePack base class instantiated with root path of mod file trashslot-forge-1.18.2-11.0.3.jar. This probably means a mod should be calling ResourcePackLoader.createPackForMod instead. Applying workaround.
[22Mar2025 17:59:46.893] [main/WARN] [ModernFix/]: PathResourcePack base class instantiated with root path of mod file ftb-library-forge-1802.3.9-build.167.jar. This probably means a mod should be calling ResourcePackLoader.createPackForMod instead. Applying workaround.
[22Mar2025 17:59:46.894] [main/WARN] [ModernFix/]: PathResourcePack base class instantiated with root path of mod file ftb-teams-forge-1802.2.9-build.88.jar. This probably means a mod should be calling ResourcePackLoader.createPackForMod instead. Applying workaround.
[22Mar2025 17:59:46.894] [main/WARN] [ModernFix/]: PathResourcePack base class instantiated with root path of mod file cgm-1.3.3-1.18.2.jar. This probably means a mod should be calling ResourcePackLoader.createPackForMod instead. Applying workaround.
[22Mar2025 17:59:46.894] [main/WARN] [ModernFix/]: PathResourcePack base class instantiated with root path of mod file harvestwithease-1.18.2-6.1.0.0-forge.jar. This probably means a mod should be calling ResourcePackLoader.createPackForMod instead. Applying workaround.
[22Mar2025 17:59:46.894] [main/WARN] [ModernFix/]: PathResourcePack base class instantiated with root path of mod file spiderstpo-1.18.2-2.0.3.jar. This probably means a mod should be calling ResourcePackLoader.createPackForMod instead. Applying workaround.
[22Mar2025 17:59:46.894] [main/WARN] [ModernFix/]: PathResourcePack base class instantiated with root path of mod file item-filters-forge-1802.2.8-build.47.jar. This probably means a mod should be calling ResourcePackLoader.createPackForMod instead. Applying workaround.
[22Mar2025 17:59:46.895] [main/WARN] [ModernFix/]: PathResourcePack base class instantiated with root path of mod file treeharvester-1.18.2-8.1.jar. This probably means a mod should be calling ResourcePackLoader.createPackForMod instead. Applying workaround.
[22Mar2025 17:59:46.895] [main/WARN] [ModernFix/]: PathResourcePack base class instantiated with root path of mod file jei-1.18.2-forge-10.2.1.1005.jar. This probably means a mod should be calling ResourcePackLoader.createPackForMod instead. Applying workaround.
[22Mar2025 17:59:46.895] [main/WARN] [ModernFix/]: PathResourcePack base class instantiated with root path of mod file kubejs-forge-1802.5.5-build.567.jar. This probably means a mod should be calling ResourcePackLoader.createPackForMod instead. Applying workaround.
[22Mar2025 17:59:46.895] [main/WARN] [ModernFix/]: PathResourcePack base class instantiated with root path of mod file vmh-1.2.2-1.18.2.jar. This probably means a mod should be calling ResourcePackLoader.createPackForMod instead. Applying workaround.
[22Mar2025 17:59:46.895] [main/WARN] [ModernFix/]: PathResourcePack base class instantiated with root path of mod file Nameless+Trinkets-1.18.2-1.7.5.jar. This probably means a mod should be calling ResourcePackLoader.createPackForMod instead. Applying workaround.
[22Mar2025 17:59:46.896] [main/WARN] [ModernFix/]: PathResourcePack base class instantiated with root path of mod file AttributeFix-Forge-1.18.2-14.0.2.jar. This probably means a mod should be calling ResourcePackLoader.createPackForMod instead. Applying workaround.
[22Mar2025 17:59:46.896] [main/WARN] [ModernFix/]: PathResourcePack base class instantiated with root path of mod file Pehkui-3.7.11+1.18.2-forge.jar. This probably means a mod should be calling ResourcePackLoader.createPackForMod instead. Applying workaround.
[22Mar2025 17:59:46.896] [main/WARN] [ModernFix/]: PathResourcePack base class instantiated with root path of mod file tac-0.3.10.1-1.18.2.jar. This probably means a mod should be calling ResourcePackLoader.createPackForMod instead. Applying workaround.
[22Mar2025 17:59:46.896] [main/WARN] [ModernFix/]: PathResourcePack base class instantiated with root path of mod file BuildersDelight-1.18.2-v.1.0.jar. This probably means a mod should be calling ResourcePackLoader.createPackForMod instead. Applying workaround.
[22Mar2025 17:59:46.896] [main/WARN] [ModernFix/]: PathResourcePack base class instantiated with root path of mod file FastSuite-1.18.2-3.0.2.jar. This probably means a mod should be calling ResourcePackLoader.createPackForMod instead. Applying workaround.
[22Mar2025 17:59:46.899] [main/WARN] [ModernFix/]: PathResourcePack base class instantiated with root path of mod file Clumps-forge-1.18.2-8.0.0+17.jar. This probably means a mod should be calling ResourcePackLoader.createPackForMod instead. Applying workaround.
[22Mar2025 17:59:46.899] [main/WARN] [ModernFix/]: PathResourcePack base class instantiated with root path of mod file fastasyncworldsave-1.18.2-1.2.jar. This probably means a mod should be calling ResourcePackLoader.createPackForMod instead. Applying workaround.
[22Mar2025 17:59:46.899] [main/WARN] [ModernFix/]: PathResourcePack base class instantiated with root path of mod file comforts-forge-1.18.2-5.0.0.6.jar. This probably means a mod should be calling ResourcePackLoader.createPackForMod instead. Applying workaround.
[22Mar2025 17:59:46.899] [main/WARN] [ModernFix/]: PathResourcePack base class instantiated with root path of mod file artifacts-1.18.2-4.2.0.jar. This probably means a mod should be calling ResourcePackLoader.createPackForMod instead. Applying workaround.
[22Mar2025 17:59:46.900] [main/WARN] [ModernFix/]: PathResourcePack base class instantiated with root path of mod file alternate-current-mc1.18-1.2.1.jar. This probably means a mod should be calling ResourcePackLoader.createPackForMod instead. Applying workaround.
[22Mar2025 17:59:46.900] [main/WARN] [ModernFix/]: PathResourcePack base class instantiated with root path of mod file NaturesCompass-1.18.2-1.9.7-forge.jar. This probably means a mod should be calling ResourcePackLoader.createPackForMod instead. Applying workaround.
[22Mar2025 17:59:46.900] [main/WARN] [ModernFix/]: PathResourcePack base class instantiated with root path of mod file configured-2.0.0-1.18.2.jar. This probably means a mod should be calling ResourcePackLoader.createPackForMod instead. Applying workaround.
[22Mar2025 17:59:46.900] [main/WARN] [ModernFix/]: PathResourcePack base class instantiated with root path of mod file Serene+Seasons-1.18.2-7.0.0.13.jar. This probably means a mod should be calling ResourcePackLoader.createPackForMod instead. Applying workaround.
[22Mar2025 17:59:46.900] [main/WARN] [ModernFix/]: PathResourcePack base class instantiated with root path of mod file lazydfu-1.0-1.18+.jar. This probably means a mod should be calling ResourcePackLoader.createPackForMod instead. Applying workaround.
[22Mar2025 17:59:46.900] [main/WARN] [ModernFix/]: PathResourcePack base class instantiated with root path of mod file starlight-1.0.2+forge.546ae87.jar. This probably means a mod should be calling ResourcePackLoader.createPackForMod instead. Applying workaround.
[22Mar2025 17:59:46.900] [main/WARN] [ModernFix/]: PathResourcePack base class instantiated with root path of mod file BeeFix-1.18-1.0.7.jar. This probably means a mod should be calling ResourcePackLoader.createPackForMod instead. Applying workaround.
[22Mar2025 17:59:46.900] [main/WARN] [ModernFix/]: PathResourcePack base class instantiated with root path of mod file ExplorersCompass-1.18.2-1.3.0-forge.jar. This probably means a mod should be calling ResourcePackLoader.createPackForMod instead. Applying workaround.
[22Mar2025 17:59:46.901] [main/WARN] [ModernFix/]: PathResourcePack base class instantiated with root path of mod file drg_flares-1.18-forge-1.2.2.jar. This probably means a mod should be calling ResourcePackLoader.createPackForMod instead. Applying workaround.
[22Mar2025 17:59:46.901] [main/WARN] [ModernFix/]: PathResourcePack base class instantiated with root path of mod file mapperbase-1.18.2-4.0.1.0.jar. This probably means a mod should be calling ResourcePackLoader.createPackForMod instead. Applying workaround.
[22Mar2025 17:59:46.901] [main/WARN] [ModernFix/]: PathResourcePack base class instantiated with root path of mod file embellishcraft-1.18.2-5.0.1.0.jar. This probably means a mod should be calling ResourcePackLoader.createPackForMod instead. Applying workaround.
[22Mar2025 17:59:46.901] [main/WARN] [ModernFix/]: PathResourcePack base class instantiated with root path of mod file ClickMachine-1.18.2-6.0.5.jar. This probably means a mod should be calling ResourcePackLoader.createPackForMod instead. Applying workaround.
[22Mar2025 17:59:46.901] [main/WARN] [ModernFix/]: PathResourcePack base class instantiated with root path of mod file JEITweaker-1.18.2-3.0.0.9.jar. This probably means a mod should be calling ResourcePackLoader.createPackForMod instead. Applying workaround.
[22Mar2025 17:59:46.901] [main/WARN] [ModernFix/]: PathResourcePack base class instantiated with root path of mod file fixedanvilrepaircost-1.18.2-3.1.jar. This probably means a mod should be calling ResourcePackLoader.createPackForMod instead. Applying workaround.
[22Mar2025 17:59:46.901] [main/WARN] [ModernFix/]: PathResourcePack base class instantiated with root path of mod file CraftTweaker-forge-1.18.2-9.1.211.jar. This probably means a mod should be calling ResourcePackLoader.createPackForMod instead. Applying workaround.
[22Mar2025 17:59:46.901] [main/WARN] [ModernFix/]: PathResourcePack base class instantiated with root path of mod file watut-forge-1.18.2-1.0.14.jar. This probably means a mod should be calling ResourcePackLoader.createPackForMod instead. Applying workaround.
[22Mar2025 17:59:46.902] [main/WARN] [ModernFix/]: PathResourcePack base class instantiated with root path of mod file firstaid-1.11.1.jar. This probably means a mod should be calling ResourcePackLoader.createPackForMod instead. Applying workaround.
[22Mar2025 17:59:46.903] [main/WARN] [ModernFix/]: PathResourcePack base class instantiated with root path of mod file ImmersivePetroleum-1.18.2-4.2.0-25.jar. This probably means a mod should be calling ResourcePackLoader.createPackForMod instead. Applying workaround.
[22Mar2025 17:59:46.903] [main/WARN] [ModernFix/]: PathResourcePack base class instantiated with root path of mod file forge-1.18.2-40.2.21-universal.jar. This probably means a mod should be calling ResourcePackLoader.createPackForMod instead. Applying workaround.
[22Mar2025 17:59:46.903] [main/WARN] [ModernFix/]: PathResourcePack base class instantiated with root path of mod file ReadyPlayerFun-1.18.2-1.4.1.9.jar. This probably means a mod should be calling ResourcePackLoader.createPackForMod instead. Applying workaround.
[22Mar2025 17:59:46.903] [main/WARN] [ModernFix/]: PathResourcePack base class instantiated with root path of mod file toofast-1.18-0.0.1.3.jar. This probably means a mod should be calling ResourcePackLoader.createPackForMod instead. Applying workaround.
[22Mar2025 17:59:46.903] [main/WARN] [ModernFix/]: PathResourcePack base class instantiated with root path of mod file chalk-1.18.2-1.4.2.jar. This probably means a mod should be calling ResourcePackLoader.createPackForMod instead. Applying workaround.
[22Mar2025 17:59:46.903] [main/WARN] [ModernFix/]: PathResourcePack base class instantiated with root path of mod file jeimultiblocks-1.18.2-0.0.2.jar. This probably means a mod should be calling ResourcePackLoader.createPackForMod instead. Applying workaround.
[22Mar2025 17:59:46.903] [main/WARN] [ModernFix/]: PathResourcePack base class instantiated with root path of mod file THEUNDEADREVAMPED_0.9e_1.18.2.jar. This probably means a mod should be calling ResourcePackLoader.createPackForMod instead. Applying workaround.
[22Mar2025 17:59:46.904] [main/WARN] [ModernFix/]: PathResourcePack base class instantiated with root path of mod file Log-Begone-Forge-1.18-1.0.4.jar. This probably means a mod should be calling ResourcePackLoader.createPackForMod instead. Applying workaround.
[22Mar2025 17:59:46.904] [main/WARN] [ModernFix/]: PathResourcePack base class instantiated with root path of mod file ImmersivePosts-1.18.2-4.3.0-3.jar. This probably means a mod should be calling ResourcePackLoader.createPackForMod instead. Applying workaround.
[22Mar2025 17:59:46.904] [main/WARN] [ModernFix/]: PathResourcePack base class instantiated with root path of mod file selene-1.18.2-1.17.9.jar. This probably means a mod should be calling ResourcePackLoader.createPackForMod instead. Applying workaround.
[22Mar2025 17:59:46.904] [main/WARN] [ModernFix/]: PathResourcePack base class instantiated with root path of mod file default-server-properties-1.0.1-build.10+mc1.18.2.jar. This probably means a mod should be calling ResourcePackLoader.createPackForMod instead. Applying workaround.
[22Mar2025 17:59:46.904] [main/WARN] [ModernFix/]: PathResourcePack base class instantiated with root path of mod file smoothchunk-1.18.2-1.9.jar. This probably means a mod should be calling ResourcePackLoader.createPackForMod instead. Applying workaround.
[22Mar2025 17:59:46.904] [main/WARN] [ModernFix/]: PathResourcePack base class instantiated with root path of mod file SimpleBackups-1.18.2-1.1.9.jar. This probably means a mod should be calling ResourcePackLoader.createPackForMod instead. Applying workaround.
[22Mar2025 17:59:46.904] [main/WARN] [ModernFix/]: PathResourcePack base class instantiated with root path of mod file fxcontrol-1.18-3.0.9.jar. This probably means a mod should be calling ResourcePackLoader.createPackForMod instead. Applying workaround.
[22Mar2025 17:59:46.904] [main/WARN] [ModernFix/]: PathResourcePack base class instantiated with root path of mod file voicechat-forge-1.18.2-2.4.28.jar. This probably means a mod should be calling ResourcePackLoader.createPackForMod instead. Applying workaround.
[22Mar2025 17:59:46.905] [main/WARN] [ModernFix/]: PathResourcePack base class instantiated with root path of mod file swingthroughgrass-1.18.2-1.9.1.jar. This probably means a mod should be calling ResourcePackLoader.createPackForMod instead. Applying workaround.
[22Mar2025 17:59:46.905] [main/WARN] [ModernFix/]: PathResourcePack base class instantiated with root path of mod file theoneprobe-1.18-5.1.2.jar. This probably means a mod should be calling ResourcePackLoader.createPackForMod instead. Applying workaround.
[22Mar2025 17:59:46.905] [main/WARN] [ModernFix/]: PathResourcePack base class instantiated with root path of mod file TerraBlender-forge-1.18.2-1.2.0.126.jar. This probably means a mod should be calling ResourcePackLoader.createPackForMod instead. Applying workaround.
[22Mar2025 17:59:46.905] [main/WARN] [ModernFix/]: PathResourcePack base class instantiated with root path of mod file MouseTweaks-forge-mc1.18-2.21.jar. This probably means a mod should be calling ResourcePackLoader.createPackForMod instead. Applying workaround.
[22Mar2025 17:59:46.905] [main/WARN] [ModernFix/]: PathResourcePack base class instantiated with root path of mod file bettercombat-forge-1.6.2+1.18.2.jar. This probably means a mod should be calling ResourcePackLoader.createPackForMod instead. Applying workaround.
[22Mar2025 17:59:46.905] [main/WARN] [ModernFix/]: PathResourcePack base class instantiated with root path of mod file ftb-quests-forge-1802.3.15-build.298.jar. This probably means a mod should be calling ResourcePackLoader.createPackForMod instead. Applying workaround.
[22Mar2025 17:59:46.905] [main/WARN] [ModernFix/]: PathResourcePack base class instantiated with root path of mod file ImmersiveEngineering-1.18.2-8.4.0-161.jar. This probably means a mod should be calling ResourcePackLoader.createPackForMod instead. Applying workaround.
[22Mar2025 17:59:46.905] [main/WARN] [ModernFix/]: PathResourcePack base class instantiated with root path of mod file another_furniture-forge-1.2.2-1.18.2.jar. This probably means a mod should be calling ResourcePackLoader.createPackForMod instead. Applying workaround.
[22Mar2025 17:59:46.905] [main/WARN] [ModernFix/]: PathResourcePack base class instantiated with root path of mod file CreativeCore_FORGE_v2.6.15_mc1.18.2.jar. This probably means a mod should be calling ResourcePackLoader.createPackForMod instead. Applying workaround.
[22Mar2025 17:59:46.906] [main/WARN] [ModernFix/]: PathResourcePack base class instantiated with root path of mod file smoothboot(reloaded)-mc1.18.2-0.0.4.jar. This probably means a mod should be calling ResourcePackLoader.createPackForMod instead. Applying workaround.
[22Mar2025 17:59:46.906] [main/WARN] [ModernFix/]: PathResourcePack base class instantiated with root path of mod file CreateTweaker-1.18.2-2.0.0.20.jar. This probably means a mod should be calling ResourcePackLoader.createPackForMod instead. Applying workaround.
[22Mar2025 17:59:46.906] [main/WARN] [ModernFix/]: PathResourcePack base class instantiated with root path of mod file ThisRocks-1.18.2-1.0.4.jar. This probably means a mod should be calling ResourcePackLoader.createPackForMod instead. Applying workaround.
[22Mar2025 17:59:46.906] [main/WARN] [ModernFix/]: PathResourcePack base class instantiated with root path of mod file car-1.18.2-1.0.1.jar. This probably means a mod should be calling ResourcePackLoader.createPackForMod instead. Applying workaround.
[22Mar2025 17:59:46.906] [main/WARN] [ModernFix/]: PathResourcePack base class instantiated with root path of mod file kffmod-3.10.0.jar. This probably means a mod should be calling ResourcePackLoader.createPackForMod instead. Applying workaround.
[22Mar2025 17:59:46.906] [main/WARN] [ModernFix/]: PathResourcePack base class instantiated with root path of mod file easy_villagers-1.18.2-1.0.11.jar. This probably means a mod should be calling ResourcePackLoader.createPackForMod instead. Applying workaround.
[22Mar2025 17:59:46.906] [main/WARN] [ModernFix/]: PathResourcePack base class instantiated with root path of mod file pipez-1.18.2-1.1.5.jar. This probably means a mod should be calling ResourcePackLoader.createPackForMod instead. Applying workaround.
[22Mar2025 17:59:46.906] [main/WARN] [ModernFix/]: PathResourcePack base class instantiated with root path of mod file Iceberg-1.18.2-forge-1.0.49.jar. This probably means a mod should be calling ResourcePackLoader.createPackForMod instead. Applying workaround.
[22Mar2025 17:59:46.907] [main/WARN] [ModernFix/]: PathResourcePack base class instantiated with root path of mod file flywheel-forge-1.18.2-0.6.10-105.jar. This probably means a mod should be calling ResourcePackLoader.createPackForMod instead. Applying workaround.
[22Mar2025 17:59:46.907] [main/WARN] [ModernFix/]: PathResourcePack base class instantiated with root path of mod file create-1.18.2-0.5.1.f.jar. This probably means a mod should be calling ResourcePackLoader.createPackForMod instead. Applying workaround.
[22Mar2025 17:59:46.907] [main/WARN] [ModernFix/]: PathResourcePack base class instantiated with root path of mod file createdeco-1.3.3-1.18.2.jar. This probably means a mod should be calling ResourcePackLoader.createPackForMod instead. Applying workaround.
[22Mar2025 17:59:46.907] [main/WARN] [ModernFix/]: PathResourcePack base class instantiated with root path of mod file create_central_kitchen-1.18.2-for-create-0.5.1.f-1.3.9.d.jar. This probably means a mod should be calling ResourcePackLoader.createPackForMod instead. Applying workaround.
[22Mar2025 17:59:46.907] [main/WARN] [ModernFix/]: PathResourcePack base class instantiated with root path of mod file diet-forge-1.18.2-1.3.2.1.jar. This probably means a mod should be calling ResourcePackLoader.createPackForMod instead. Applying workaround.
[22Mar2025 17:59:46.907] [main/WARN] [ModernFix/]: PathResourcePack base class instantiated with root path of mod file create-stuff-additions1.18.2_v2.0.4a.jar. This probably means a mod should be calling ResourcePackLoader.createPackForMod instead. Applying workaround.
[22Mar2025 17:59:46.907] [main/WARN] [ModernFix/]: PathResourcePack base class instantiated with root path of mod file mobsunscreen-1.18.1-3.0.4.jar. This probably means a mod should be calling ResourcePackLoader.createPackForMod instead. Applying workaround.
[22Mar2025 17:59:46.908] [main/WARN] [ModernFix/]: PathResourcePack base class instantiated with root path of mod file FastWorkbench-1.18.2-6.1.1.jar. This probably means a mod should be calling ResourcePackLoader.createPackForMod instead. Applying workaround.
[22Mar2025 17:59:46.908] [main/WARN] [ModernFix/]: PathResourcePack base class instantiated with root path of mod file polymorph-forge-1.18.2-0.46.jar. This probably means a mod should be calling ResourcePackLoader.createPackForMod instead. Applying workaround.
[22Mar2025 17:59:46.908] [main/WARN] [ModernFix/]: PathResourcePack base class instantiated with root path of mod file AutoRegLib-1.7-53.jar. This probably means a mod should be calling ResourcePackLoader.createPackForMod instead. Applying workaround.
[22Mar2025 17:59:46.908] [main/WARN] [ModernFix/]: PathResourcePack base class instantiated with root path of mod file Quark-3.2-358.jar. This probably means a mod should be calling ResourcePackLoader.createPackForMod instead. Applying workaround.
[22Mar2025 17:59:46.908] [main/WARN] [ModernFix/]: PathResourcePack base class instantiated with root path of mod file [1.18.2]+SecurityCraft+v1.9.7.jar. This probably means a mod should be calling ResourcePackLoader.createPackForMod instead. Applying workaround.
[22Mar2025 17:59:46.908] [main/WARN] [ModernFix/]: PathResourcePack base class instantiated with root path of mod file StorageDrawers-1.18.2-10.2.1.jar. This probably means a mod should be calling ResourcePackLoader.createPackForMod instead. Applying workaround.
[22Mar2025 17:59:46.908] [main/WARN] [ModernFix/]: PathResourcePack base class instantiated with root path of mod file ParCool-1.18.2-3.1.0.6-R.jar. This probably means a mod should be calling ResourcePackLoader.createPackForMod instead. Applying workaround.
[22Mar2025 17:59:46.908] [main/WARN] [ModernFix/]: PathResourcePack base class instantiated with root path of mod file crittersandcompanions-1.18.2-1.0.2.jar. This probably means a mod should be calling ResourcePackLoader.createPackForMod instead. Applying workaround.
[22Mar2025 17:59:46.909] [main/WARN] [ModernFix/]: PathResourcePack base class instantiated with root path of mod file betterchunkloading-1.18.2-2.2.jar. This probably means a mod should be calling ResourcePackLoader.createPackForMod instead. Applying workaround.
[22Mar2025 17:59:46.909] [main/WARN] [ModernFix/]: PathResourcePack base class instantiated with root path of mod file canary-mc1.18.2-0.3.3.jar. This probably means a mod should be calling ResourcePackLoader.createPackForMod instead. Applying workaround.
[22Mar2025 17:59:46.909] [main/WARN] [ModernFix/]: PathResourcePack base class instantiated with root path of mod file coroutil-forge-1.18.2-1.3.6.jar. This probably means a mod should be calling ResourcePackLoader.createPackForMod instead. Applying workaround.
[22Mar2025 17:59:46.909] [main/WARN] [ModernFix/]: PathResourcePack base class instantiated with root path of mod file Mutationcraft_1.18.2_1.0.6.jar. This probably means a mod should be calling ResourcePackLoader.createPackForMod instead. Applying workaround.
[22Mar2025 17:59:46.909] [main/WARN] [ModernFix/]: PathResourcePack base class instantiated with root path of mod file FastFurnace-1.18.2-6.0.3.jar. This probably means a mod should be calling ResourcePackLoader.createPackForMod instead. Applying workaround.
[22Mar2025 17:59:46.909] [main/WARN] [ModernFix/]: PathResourcePack base class instantiated with root path of mod file ferritecore-4.2.2-forge.jar. This probably means a mod should be calling ResourcePackLoader.createPackForMod instead. Applying workaround.
[22Mar2025 17:59:46.909] [main/WARN] [ModernFix/]: PathResourcePack base class instantiated with root path of mod file lootr-1.18.2-0.3.25.63.jar. This probably means a mod should be calling ResourcePackLoader.createPackForMod instead. Applying workaround.
[22Mar2025 17:59:46.909] [main/WARN] [ModernFix/]: PathResourcePack base class instantiated with root path of mod file SoL-Carrot-1.18.1-1.12.0.jar. This probably means a mod should be calling ResourcePackLoader.createPackForMod instead. Applying workaround.
[22Mar2025 17:59:46.910] [main/WARN] [ModernFix/]: PathResourcePack base class instantiated with root path of mod file Enhanced_Celestials-forge-1.18.2-2.0.7.jar. This probably means a mod should be calling ResourcePackLoader.createPackForMod instead. Applying workaround.
[22Mar2025 17:59:46.910] [main/WARN] [ModernFix/]: PathResourcePack base class instantiated with root path of mod file ColdSweat-2.2.5.1.jar. This probably means a mod should be calling ResourcePackLoader.createPackForMod instead. Applying workaround.
[22Mar2025 17:59:46.910] [main/WARN] [ModernFix/]: PathResourcePack base class instantiated with root path of mod file crossbowverhaul-1.18.2-1.4.1-universal.jar. This probably means a mod should be calling ResourcePackLoader.createPackForMod instead. Applying workaround.
[22Mar2025 17:59:46.910] [main/WARN] [ModernFix/]: PathResourcePack base class instantiated with root path of mod file eh1.2-1.18.2.jar. This probably means a mod should be calling ResourcePackLoader.createPackForMod instead. Applying workaround.
[22Mar2025 17:59:46.910] [main/WARN] [ModernFix/]: PathResourcePack base class instantiated with root path of mod file expandability-6.0.0.jar. This probably means a mod should be calling ResourcePackLoader.createPackForMod instead. Applying workaround.
[22Mar2025 17:59:46.910] [main/WARN] [ModernFix/]: PathResourcePack base class instantiated with root path of mod file CosmeticArmorReworked-1.18.2-v2a.jar. This probably means a mod should be calling ResourcePackLoader.createPackForMod instead. Applying workaround.
[22Mar2025 17:59:46.910] [main/WARN] [ModernFix/]: PathResourcePack base class instantiated with root path of mod file createaddition-1.18.2-1.0.0.jar. This probably means a mod should be calling ResourcePackLoader.createPackForMod instead. Applying workaround.
[22Mar2025 17:59:46.911] [main/WARN] [ModernFix/]: PathResourcePack base class instantiated with root path of mod file xptome-1.18.2-2.1.7.jar. This probably means a mod should be calling ResourcePackLoader.createPackForMod instead. Applying workaround.
[22Mar2025 17:59:50.279] [main/INFO] [KubeJS/]: Registered custom recipe handler for type kubejs:shaped
[22Mar2025 17:59:50.280] [main/INFO] [KubeJS/]: Registered custom recipe handler for type kubejs:shapeless
[22Mar2025 17:59:50.281] [main/INFO] [KubeJS/]: Registered custom recipe handler for type minecraft:crafting_shaped
[22Mar2025 17:59:50.281] [main/INFO] [KubeJS/]: Registered custom recipe handler for type minecraft:crafting_shapeless
[22Mar2025 17:59:50.282] [main/INFO] [KubeJS/]: Registered custom recipe handler for type minecraft:stonecutting
[22Mar2025 17:59:50.283] [main/INFO] [KubeJS/]: Registered custom recipe handler for type minecraft:smelting
[22Mar2025 17:59:50.283] [main/INFO] [KubeJS/]: Registered custom recipe handler for type minecraft:blasting
[22Mar2025 17:59:50.284] [main/INFO] [KubeJS/]: Registered custom recipe handler for type minecraft:smoking
[22Mar2025 17:59:50.284] [main/INFO] [KubeJS/]: Registered custom recipe handler for type minecraft:campfire_cooking
[22Mar2025 17:59:50.285] [main/INFO] [KubeJS/]: Registered custom recipe handler for type minecraft:smithing
[22Mar2025 17:59:50.935] [main/INFO] [oretweaker/]: Filler :: stone_ore_replaceables
[22Mar2025 17:59:50.936] [main/INFO] [oretweaker/]: Filler Name :: stone_ore_replaceables
[22Mar2025 17:59:50.942] [main/INFO] [oretweaker/]: Filler :: stone_ore_replaceables
[22Mar2025 17:59:50.942] [main/INFO] [oretweaker/]: Filler Name :: stone_ore_replaceables
[22Mar2025 17:59:50.943] [main/INFO] [oretweaker/]: Filler :: stone_ore_replaceables
[22Mar2025 17:59:50.943] [main/INFO] [oretweaker/]: Filler Name :: stone_ore_replaceables
[22Mar2025 17:59:50.943] [main/INFO] [oretweaker/]: Filler :: minecraft:netherrack
[22Mar2025 17:59:50.943] [main/INFO] [oretweaker/]: Filler Name :: netherrack
[22Mar2025 17:59:50.943] [main/INFO] [oretweaker/]: Filler :: minecraft:netherrack
[22Mar2025 17:59:50.943] [main/INFO] [oretweaker/]: Filler Name :: netherrack
[22Mar2025 17:59:50.943] [main/INFO] [oretweaker/]: Filler :: base_stone_overworld
[22Mar2025 17:59:50.944] [main/INFO] [oretweaker/]: Filler Name :: base_stone_overworld
[22Mar2025 17:59:50.944] [main/INFO] [oretweaker/]: Filler :: stone_ore_replaceables
[22Mar2025 17:59:50.944] [main/INFO] [oretweaker/]: Filler Name :: stone_ore_replaceables
[22Mar2025 17:59:50.944] [main/INFO] [oretweaker/]: Filler :: stone_ore_replaceables
[22Mar2025 17:59:50.944] [main/INFO] [oretweaker/]: Filler Name :: stone_ore_replaceables
[22Mar2025 17:59:50.944] [main/INFO] [oretweaker/]: Filler :: stone_ore_replaceables
[22Mar2025 17:59:50.944] [main/INFO] [oretweaker/]: Filler Name :: stone_ore_replaceables
[22Mar2025 17:59:50.945] [main/INFO] [oretweaker/]: Filler :: stone_ore_replaceables
[22Mar2025 17:59:50.945] [main/INFO] [oretweaker/]: Filler Name :: stone_ore_replaceables
[22Mar2025 17:59:50.945] [main/INFO] [oretweaker/]: Filler :: stone_ore_replaceables
[22Mar2025 17:59:50.945] [main/INFO] [oretweaker/]: Filler Name :: stone_ore_replaceables
[22Mar2025 17:59:50.945] [main/INFO] [oretweaker/]: Filler :: stone_ore_replaceables
[22Mar2025 17:59:50.945] [main/INFO] [oretweaker/]: Filler Name :: stone_ore_replaceables
[22Mar2025 17:59:50.946] [main/INFO] [oretweaker/]: Filler :: base_stone_overworld
[22Mar2025 17:59:50.946] [main/INFO] [oretweaker/]: Filler Name :: base_stone_overworld
[22Mar2025 17:59:50.946] [main/INFO] [oretweaker/]: Filler :: deepslate_ore_replaceables
[22Mar2025 17:59:50.946] [main/INFO] [oretweaker/]: Filler Name :: deepslate_ore_replaceables
[22Mar2025 17:59:50.946] [main/INFO] [oretweaker/]: Filler :: stone_ore_replaceables
[22Mar2025 17:59:50.946] [main/INFO] [oretweaker/]: Filler Name :: stone_ore_replaceables
[22Mar2025 17:59:50.947] [main/INFO] [oretweaker/]: Filler :: minecraft:deepslate
[22Mar2025 17:59:50.947] [main/INFO] [oretweaker/]: Filler Name :: deepslate
[22Mar2025 17:59:50.947] [main/INFO] [oretweaker/]: Filler :: minecraft:deepslate
[22Mar2025 17:59:50.947] [main/INFO] [oretweaker/]: Filler Name :: deepslate
[22Mar2025 17:59:50.947] [main/INFO] [oretweaker/]: Filler :: minecraft:deepslate
[22Mar2025 17:59:50.947] [main/INFO] [oretweaker/]: Filler Name :: deepslate
[22Mar2025 17:59:50.947] [main/INFO] [oretweaker/]: Filler :: minecraft:deepslate
[22Mar2025 17:59:50.947] [main/INFO] [oretweaker/]: Filler Name :: deepslate
[22Mar2025 17:59:50.948] [main/INFO] [oretweaker/]: Filler :: minecraft:deepslate
[22Mar2025 17:59:50.948] [main/INFO] [oretweaker/]: Filler Name :: deepslate
[22Mar2025 17:59:50.948] [main/INFO] [oretweaker/]: Filler :: minecraft:deepslate
[22Mar2025 17:59:50.948] [main/INFO] [oretweaker/]: Filler Name :: deepslate
[22Mar2025 17:59:50.948] [main/INFO] [oretweaker/]: Filler :: minecraft:deepslate
[22Mar2025 17:59:50.948] [main/INFO] [oretweaker/]: Filler Name :: deepslate
[22Mar2025 17:59:50.948] [main/INFO] [oretweaker/]: Filler :: minecraft:deepslate
[22Mar2025 17:59:50.948] [main/INFO] [oretweaker/]: Filler Name :: deepslate
[22Mar2025 17:59:50.948] [main/INFO] [oretweaker/]: Filler :: minecraft:deepslate
[22Mar2025 17:59:50.949] [main/INFO] [oretweaker/]: Filler Name :: deepslate
[22Mar2025 17:59:50.949] [main/INFO] [oretweaker/]: Filler :: minecraft:deepslate
[22Mar2025 17:59:50.949] [main/INFO] [oretweaker/]: Filler Name :: deepslate
[22Mar2025 17:59:50.949] [main/INFO] [oretweaker/]: Filler :: minecraft:deepslate
[22Mar2025 17:59:50.949] [main/INFO] [oretweaker/]: Filler Name :: deepslate
[22Mar2025 17:59:50.949] [main/INFO] [oretweaker/]: Filler :: minecraft:deepslate
[22Mar2025 17:59:50.949] [main/INFO] [oretweaker/]: Filler Name :: deepslate
[22Mar2025 17:59:50.949] [main/INFO] [oretweaker/]: Filler :: minecraft:deepslate
[22Mar2025 17:59:50.949] [main/INFO] [oretweaker/]: Filler Name :: deepslate
[22Mar2025 17:59:50.950] [main/INFO] [oretweaker/]: Filler :: minecraft:deepslate
[22Mar2025 17:59:50.950] [main/INFO] [oretweaker/]: Filler Name :: deepslate
[22Mar2025 17:59:50.950] [main/INFO] [oretweaker/]: Filler :: minecraft:deepslate
[22Mar2025 17:59:50.950] [main/INFO] [oretweaker/]: Filler Name :: deepslate
[22Mar2025 17:59:50.950] [main/INFO] [oretweaker/]: Filler :: minecraft:deepslate
[22Mar2025 17:59:50.950] [main/INFO] [oretweaker/]: Filler Name :: deepslate
[22Mar2025 17:59:50.950] [main/INFO] [oretweaker/]: Filler :: minecraft:deepslate
[22Mar2025 17:59:50.950] [main/INFO] [oretweaker/]: Filler Name :: deepslate
[22Mar2025 17:59:50.950] [main/INFO] [oretweaker/]: Filler :: minecraft:deepslate
[22Mar2025 17:59:50.951] [main/INFO] [oretweaker/]: Filler Name :: deepslate
[22Mar2025 17:59:50.951] [main/INFO] [oretweaker/]: Filler :: minecraft:deepslate
[22Mar2025 17:59:50.951] [main/INFO] [oretweaker/]: Filler Name :: deepslate
[22Mar2025 17:59:50.951] [main/INFO] [oretweaker/]: Filler :: minecraft:deepslate
[22Mar2025 17:59:50.951] [main/INFO] [oretweaker/]: Filler Name :: deepslate
[22Mar2025 17:59:50.951] [main/INFO] [oretweaker/]: Filler :: base_stone_overworld
[22Mar2025 17:59:50.951] [main/INFO] [oretweaker/]: Filler Name :: base_stone_overworld
[22Mar2025 17:59:50.951] [main/INFO] [oretweaker/]: Filler :: base_stone_overworld
[22Mar2025 17:59:50.951] [main/INFO] [oretweaker/]: Filler Name :: base_stone_overworld
[22Mar2025 17:59:50.952] [main/INFO] [oretweaker/]: Filler :: minecraft:netherrack
[22Mar2025 17:59:50.952] [main/INFO] [oretweaker/]: Filler Name :: netherrack
[22Mar2025 17:59:50.952] [main/INFO] [oretweaker/]: Filler :: base_stone_overworld
[22Mar2025 17:59:50.952] [main/INFO] [oretweaker/]: Filler Name :: base_stone_overworld
[22Mar2025 17:59:50.952] [main/INFO] [oretweaker/]: Filler :: stone_ore_replaceables
[22Mar2025 17:59:50.952] [main/INFO] [oretweaker/]: Filler Name :: stone_ore_replaceables
[22Mar2025 17:59:50.952] [main/INFO] [oretweaker/]: Filler :: stone_ore_replaceables
[22Mar2025 17:59:50.952] [main/INFO] [oretweaker/]: Filler Name :: stone_ore_replaceables
[22Mar2025 17:59:50.952] [main/INFO] [oretweaker/]: Filler :: stone_ore_replaceables
[22Mar2025 17:59:50.952] [main/INFO] [oretweaker/]: Filler Name :: stone_ore_replaceables
[22Mar2025 17:59:50.953] [main/INFO] [oretweaker/]: Filler :: minecraft:netherrack
[22Mar2025 17:59:50.953] [main/INFO] [oretweaker/]: Filler Name :: netherrack
[22Mar2025 17:59:50.953] [main/INFO] [oretweaker/]: Filler :: stone_ore_replaceables
[22Mar2025 17:59:50.953] [main/INFO] [oretweaker/]: Filler Name :: stone_ore_replaceables
[22Mar2025 17:59:50.953] [main/INFO] [oretweaker/]: Filler :: stone_ore_replaceables
[22Mar2025 17:59:50.953] [main/INFO] [oretweaker/]: Filler Name :: stone_ore_replaceables
[22Mar2025 17:59:50.953] [main/INFO] [oretweaker/]: Filler :: base_stone_overworld
[22Mar2025 17:59:50.953] [main/INFO] [oretweaker/]: Filler Name :: base_stone_overworld
[22Mar2025 17:59:50.954] [main/INFO] [oretweaker/]: Filler :: base_stone_overworld
[22Mar2025 17:59:50.954] [main/INFO] [oretweaker/]: Filler Name :: base_stone_overworld
[22Mar2025 17:59:50.954] [main/INFO] [oretweaker/]: Filler :: minecraft:netherrack
[22Mar2025 17:59:50.954] [main/INFO] [oretweaker/]: Filler Name :: netherrack
[22Mar2025 17:59:50.954] [main/INFO] [oretweaker/]: Filler :: stone_ore_replaceables
[22Mar2025 17:59:50.954] [main/INFO] [oretweaker/]: Filler Name :: stone_ore_replaceables
[22Mar2025 17:59:50.954] [main/INFO] [oretweaker/]: Filler :: base_stone_overworld
[22Mar2025 17:59:50.955] [main/INFO] [oretweaker/]: Filler Name :: base_stone_overworld
[22Mar2025 17:59:50.955] [main/INFO] [oretweaker/]: Filler :: base_stone_overworld
[22Mar2025 17:59:50.955] [main/INFO] [oretweaker/]: Filler Name :: base_stone_overworld
[22Mar2025 17:59:50.955] [main/INFO] [oretweaker/]: Filler :: minecraft:netherrack
[22Mar2025 17:59:50.955] [main/INFO] [oretweaker/]: Filler Name :: netherrack
[22Mar2025 17:59:50.955] [main/INFO] [oretweaker/]: Filler :: base_stone_overworld
[22Mar2025 17:59:50.955] [main/INFO] [oretweaker/]: Filler Name :: base_stone_overworld
[22Mar2025 17:59:50.955] [main/INFO] [oretweaker/]: Filler :: stone_ore_replaceables
[22Mar2025 17:59:50.955] [main/INFO] [oretweaker/]: Filler Name :: stone_ore_replaceables
[22Mar2025 17:59:50.956] [main/INFO] [oretweaker/]: Filler :: stone_ore_replaceables
[22Mar2025 17:59:50.956] [main/INFO] [oretweaker/]: Filler Name :: stone_ore_replaceables
[22Mar2025 17:59:50.956] [main/INFO] [oretweaker/]: Filler :: stone_ore_replaceables
[22Mar2025 17:59:50.956] [main/INFO] [oretweaker/]: Filler Name :: stone_ore_replaceables
[22Mar2025 17:59:50.956] [main/INFO] [oretweaker/]: Filler :: stone_ore_replaceables
[22Mar2025 17:59:50.956] [main/INFO] [oretweaker/]: Filler Name :: stone_ore_replaceables
[22Mar2025 17:59:50.957] [main/INFO] [oretweaker/]: Filler :: stone_ore_replaceables
[22Mar2025 17:59:50.957] [main/INFO] [oretweaker/]: Filler Name :: stone_ore_replaceables
[22Mar2025 17:59:50.957] [main/INFO] [oretweaker/]: Filler :: stone_ore_replaceables
[22Mar2025 17:59:50.957] [main/INFO] [oretweaker/]: Filler Name :: stone_ore_replaceables
[22Mar2025 17:59:54.859] [main/WARN] [net.minecraft.commands.Commands/]: Ambiguity between arguments [teleport, location] and [teleport, destination] with inputs: [0.1 -0.5 .9, 0 0 0]
[22Mar2025 17:59:54.861] [main/WARN] [net.minecraft.commands.Commands/]: Ambiguity between arguments [teleport, location] and [teleport, targets] with inputs: [0.1 -0.5 .9, 0 0 0]
[22Mar2025 17:59:54.864] [main/WARN] [net.minecraft.commands.Commands/]: Ambiguity between arguments [teleport, destination] and [teleport, targets] with inputs: [Player, 0123, @e, dd12be42-52a9-4a91-a8a1-11c01849e498]
[22Mar2025 17:59:54.866] [main/WARN] [net.minecraft.commands.Commands/]: Ambiguity between arguments [teleport, targets] and [teleport, destination] with inputs: [Player, 0123, dd12be42-52a9-4a91-a8a1-11c01849e498]
[22Mar2025 17:59:54.867] [main/WARN] [net.minecraft.commands.Commands/]: Ambiguity between arguments [teleport, targets, location] and [teleport, targets, destination] with inputs: [0.1 -0.5 .9, 0 0 0]
[22Mar2025 17:59:54.871] [main/WARN] [net.minecraft.commands.Commands/]: Ambiguity between arguments [ftbteams, info, server_id] and [ftbteams, info, team] with inputs: [server_id]
[22Mar2025 17:59:54.874] [main/WARN] [net.minecraft.commands.Commands/]: Ambiguity between arguments [openpac-parties, about, player] and [openpac-parties, about, profile] with inputs: [Player, 0123, dd12be42-52a9-4a91-a8a1-11c01849e498]
[22Mar2025 17:59:54.875] [main/WARN] [net.minecraft.commands.Commands/]: Ambiguity between arguments [openpac-parties, about, profile] and [openpac-parties, about, player] with inputs: [Player, 0123]
[22Mar2025 17:59:54.878] [main/WARN] [net.minecraft.commands.Commands/]: Ambiguity between arguments [hordes, spawnWave, count] and [hordes, spawnWave, player] with inputs: [0, -123, 123]
[22Mar2025 17:59:54.880] [main/WARN] [net.minecraft.commands.Commands/]: Ambiguity between arguments [hordes, spawnWave, player] and [hordes, spawnWave, count] with inputs: [0123]
[22Mar2025 17:59:54.883] [main/WARN] [net.minecraft.commands.Commands/]: Ambiguity between arguments [hordes, start, length] and [hordes, start, player] with inputs: [0, -123, 123]
[22Mar2025 17:59:54.884] [main/WARN] [net.minecraft.commands.Commands/]: Ambiguity between arguments [hordes, start, player] and [hordes, start, length] with inputs: [0123]
[22Mar2025 17:59:54.888] [main/WARN] [net.minecraft.commands.Commands/]: Ambiguity between arguments [scale, get, scale_type] and [scale, get, entity] with inputs: [base]
[22Mar2025 17:59:54.889] [main/WARN] [net.minecraft.commands.Commands/]: Ambiguity between arguments [scale, get, scale_type, entity] and [scale, get, scale_type, scalingFactor] with inputs: [0123]
[22Mar2025 17:59:54.891] [main/WARN] [net.minecraft.commands.Commands/]: Ambiguity between arguments [scale, get, scale_type, scalingFactor] and [scale, get, scale_type, entity] with inputs: [0, -1, -.5, 1.2, .5, -1234.56]
[22Mar2025 17:59:54.893] [main/WARN] [net.minecraft.commands.Commands/]: Ambiguity between arguments [scale, get, scalingFactor] and [scale, get, entity] with inputs: [0, -1, -.5, 1.2, .5, -1234.56]
[22Mar2025 17:59:54.895] [main/WARN] [net.minecraft.commands.Commands/]: Ambiguity between arguments [scale, get, entity] and [scale, get, scalingFactor] with inputs: [0123]
[22Mar2025 17:59:54.897] [main/WARN] [net.minecraft.commands.Commands/]: Ambiguity between arguments [scale, compute, scale_type, entity] and [scale, compute, scale_type, scalingFactor] with inputs: [0123]
[22Mar2025 17:59:54.898] [main/WARN] [net.minecraft.commands.Commands/]: Ambiguity between arguments [scale, compute, scale_type, scalingFactor] and [scale, compute, scale_type, entity] with inputs: [0, -1, -.5, 1.2, .5, -1234.56]
[22Mar2025 17:59:54.900] [main/WARN] [net.minecraft.commands.Commands/]: Ambiguity between arguments [scale, reset, scale_type] and [scale, reset, targets] with inputs: [base]
[22Mar2025 17:59:54.901] [main/WARN] [net.minecraft.commands.Commands/]: Ambiguity between arguments [scale, delay, get, scale_type] and [scale, delay, get, entity] with inputs: [base]
[22Mar2025 17:59:54.903] [main/WARN] [net.minecraft.commands.Commands/]: Ambiguity between arguments [scale, delay, reset, scale_type] and [scale, delay, reset, targets] with inputs: [base]
[22Mar2025 17:59:54.904] [main/WARN] [net.minecraft.commands.Commands/]: Ambiguity between arguments [scale, easing, get, scale_type] and [scale, easing, get, entity] with inputs: [base]
[22Mar2025 17:59:54.906] [main/WARN] [net.minecraft.commands.Commands/]: Ambiguity between arguments [scale, easing, reset, scale_type] and [scale, easing, reset, targets] with inputs: [base]
[22Mar2025 17:59:54.907] [main/WARN] [net.minecraft.commands.Commands/]: Ambiguity between arguments [scale, persist, reset, scale_type] and [scale, persist, reset, targets] with inputs: [base]
[22Mar2025 17:59:54.909] [main/WARN] [net.minecraft.commands.Commands/]: Ambiguity between arguments [railways, split_train, train_id] and [railways, split_train, train_name] with inputs: [dd12be42-52a9-4a91-a8a1-11c01849e498]
[22Mar2025 17:59:54.911] [main/WARN] [net.minecraft.commands.Commands/]: Ambiguity between arguments [railways, split_train, train_id] and [railways, split_train, train_name] with inputs: [dd12be42-52a9-4a91-a8a1-11c01849e498]
[22Mar2025 17:59:54.912] [main/WARN] [net.minecraft.commands.Commands/]: Ambiguity between arguments [create, coupling, add, cart1] and [create, coupling, add, carts] with inputs: [Player, 0123, @e, dd12be42-52a9-4a91-a8a1-11c01849e498]
[22Mar2025 17:59:54.913] [main/WARN] [net.minecraft.commands.Commands/]: Ambiguity between arguments [create, coupling, add, carts] and [create, coupling, add, cart1] with inputs: [Player, 0123, dd12be42-52a9-4a91-a8a1-11c01849e498]
[22Mar2025 17:59:54.915] [main/WARN] [net.minecraft.commands.Commands/]: Ambiguity between arguments [create, coupling, add, cart1] and [create, coupling, add, carts] with inputs: [Player, 0123, @e, dd12be42-52a9-4a91-a8a1-11c01849e498]
[22Mar2025 17:59:54.916] [main/WARN] [net.minecraft.commands.Commands/]: Ambiguity between arguments [create, coupling, add, carts] and [create, coupling, add, cart1] with inputs: [Player, 0123, dd12be42-52a9-4a91-a8a1-11c01849e498]
[22Mar2025 17:59:54.918] [main/WARN] [net.minecraft.commands.Commands/]: Ambiguity between arguments [deathhistory, player] and [deathhistory, player_uuid] with inputs: [dd12be42-52a9-4a91-a8a1-11c01849e498]
[22Mar2025 17:59:54.920] [main/WARN] [net.minecraft.commands.Commands/]: Ambiguity between arguments [voicechat, join, group_id] and [voicechat, join, group_name] with inputs: [dd12be42-52a9-4a91-a8a1-11c01849e498]
[22Mar2025 17:59:55.677] [Worker-Main20/INFO] [tac/]: YO_DATA_GUN
[22Mar2025 17:59:57.924] [Worker-Main21/WARN] [com.simibubi.create.Create/]: Your custom createaddition:rolling/aluminum_plate recipe (createaddition:rolling/aluminum_plate) specified a duration. Durations have no impact on this type of recipe.
[22Mar2025 17:59:57.991] [Worker-Main21/WARN] [com.simibubi.create.Create/]: Your custom createaddition:rolling/brass_ingot recipe (createaddition:rolling/brass_ingot) specified a duration. Durations have no impact on this type of recipe.
[22Mar2025 17:59:58.039] [Worker-Main21/WARN] [com.simibubi.create.Create/]: Your custom createaddition:rolling/copper_ingot recipe (createaddition:rolling/copper_ingot) specified a duration. Durations have no impact on this type of recipe.
[22Mar2025 17:59:58.092] [Worker-Main21/WARN] [com.simibubi.create.Create/]: Your custom createaddition:rolling/nickel_rod recipe (createaddition:rolling/nickel_rod) specified a duration. Durations have no impact on this type of recipe.
[22Mar2025 17:59:58.111] [Worker-Main21/WARN] [com.simibubi.create.Create/]: Your custom createaddition:rolling/steel_plate recipe (createaddition:rolling/steel_plate) specified a duration. Durations have no impact on this type of recipe.
[22Mar2025 17:59:58.156] [Worker-Main21/WARN] [com.simibubi.create.Create/]: Your custom createaddition:rolling/steel_ingot recipe (createaddition:rolling/steel_ingot) specified a duration. Durations have no impact on this type of recipe.
[22Mar2025 17:59:58.163] [Worker-Main21/WARN] [com.simibubi.create.Create/]: Your custom createaddition:rolling/lead_rod recipe (createaddition:rolling/lead_rod) specified a duration. Durations have no impact on this type of recipe.
[22Mar2025 17:59:58.189] [Worker-Main21/WARN] [com.simibubi.create.Create/]: Your custom createaddition:rolling/electrum_plate recipe (createaddition:rolling/electrum_plate) specified a duration. Durations have no impact on this type of recipe.
[22Mar2025 17:59:58.191] [Worker-Main21/WARN] [com.simibubi.create.Create/]: Your custom createaddition:rolling/aluminum_ingot recipe (createaddition:rolling/aluminum_ingot) specified a duration. Durations have no impact on this type of recipe.
[22Mar2025 17:59:58.225] [Worker-Main21/WARN] [com.simibubi.create.Create/]: Your custom createaddition:rolling/iron_plate recipe (createaddition:rolling/iron_plate) specified a duration. Durations have no impact on this type of recipe.
[22Mar2025 17:59:58.234] [Worker-Main21/WARN] [com.simibubi.create.Create/]: Your custom createaddition:rolling/lead_plate recipe (createaddition:rolling/lead_plate) specified a duration. Durations have no impact on this type of recipe.
[22Mar2025 17:59:58.251] [Worker-Main21/WARN] [com.simibubi.create.Create/]: Your custom createaddition:rolling/gold_plate recipe (createaddition:rolling/gold_plate) specified a duration. Durations have no impact on this type of recipe.
[22Mar2025 17:59:58.265] [Worker-Main21/WARN] [com.simibubi.create.Create/]: Your custom createaddition:rolling/electrum_ingot recipe (createaddition:rolling/electrum_ingot) specified a duration. Durations have no impact on this type of recipe.
[22Mar2025 17:59:58.315] [Worker-Main21/WARN] [com.simibubi.create.Create/]: Your custom createaddition:rolling/uranium_rod recipe (createaddition:rolling/uranium_rod) specified a duration. Durations have no impact on this type of recipe.
[22Mar2025 17:59:58.318] [Worker-Main21/WARN] [com.simibubi.create.Create/]: Your custom createaddition:rolling/iron_ingot recipe (createaddition:rolling/iron_ingot) specified a duration. Durations have no impact on this type of recipe.
[22Mar2025 17:59:58.357] [Worker-Main21/WARN] [com.simibubi.create.Create/]: Your custom createaddition:rolling/gold_ingot recipe (createaddition:rolling/gold_ingot) specified a duration. Durations have no impact on this type of recipe.
[22Mar2025 17:59:58.359] [Worker-Main21/WARN] [com.simibubi.create.Create/]: Your custom createaddition:rolling/straw recipe (createaddition:rolling/straw) specified a duration. Durations have no impact on this type of recipe.
[22Mar2025 17:59:58.389] [Worker-Main21/WARN] [com.simibubi.create.Create/]: Your custom createaddition:rolling/constantan_rod recipe (createaddition:rolling/constantan_rod) specified a duration. Durations have no impact on this type of recipe.
[22Mar2025 17:59:58.398] [Worker-Main21/WARN] [com.simibubi.create.Create/]: Your custom createaddition:rolling/silver_rod recipe (createaddition:rolling/silver_rod) specified a duration. Durations have no impact on this type of recipe.
[22Mar2025 17:59:58.424] [Worker-Main21/WARN] [com.simibubi.create.Create/]: Your custom createaddition:rolling/electrum_rod recipe (createaddition:rolling/electrum_rod) specified a duration. Durations have no impact on this type of recipe.
[22Mar2025 17:59:58.439] [Worker-Main21/WARN] [com.simibubi.create.Create/]: Your custom createaddition:rolling/copper_plate recipe (createaddition:rolling/copper_plate) specified a duration. Durations have no impact on this type of recipe.
[22Mar2025 17:59:58.485] [Worker-Main21/WARN] [com.simibubi.create.Create/]: Your custom createaddition:rolling/aluminum_plate recipe (createaddition:rolling/aluminum_plate) specified a duration. Durations have no impact on this type of recipe.
[22Mar2025 17:59:58.512] [Worker-Main21/WARN] [com.simibubi.create.Create/]: Your custom createaddition:rolling/brass_ingot recipe (createaddition:rolling/brass_ingot) specified a duration. Durations have no impact on this type of recipe.
[22Mar2025 17:59:58.539] [Worker-Main21/WARN] [com.simibubi.create.Create/]: Your custom createaddition:rolling/copper_ingot recipe (createaddition:rolling/copper_ingot) specified a duration. Durations have no impact on this type of recipe.
[22Mar2025 17:59:58.556] [Worker-Main21/WARN] [com.simibubi.create.Create/]: Your custom createaddition:rolling/nickel_rod recipe (createaddition:rolling/nickel_rod) specified a duration. Durations have no impact on this type of recipe.
[22Mar2025 17:59:58.563] [Worker-Main21/WARN] [com.simibubi.create.Create/]: Your custom createaddition:rolling/steel_plate recipe (createaddition:rolling/steel_plate) specified a duration. Durations have no impact on this type of recipe.
[22Mar2025 17:59:58.584] [Worker-Main21/WARN] [com.simibubi.create.Create/]: Your custom createaddition:rolling/steel_ingot recipe (createaddition:rolling/steel_ingot) specified a duration. Durations have no impact on this type of recipe.
[22Mar2025 17:59:58.587] [Worker-Main21/WARN] [com.simibubi.create.Create/]: Your custom createaddition:rolling/lead_rod recipe (createaddition:rolling/lead_rod) specified a duration. Durations have no impact on this type of recipe.
[22Mar2025 17:59:58.850] [Worker-Main21/WARN] [com.simibubi.create.Create/]: Your custom createaddition:rolling/electrum_plate recipe (createaddition:rolling/electrum_plate) specified a duration. Durations have no impact on this type of recipe.
[22Mar2025 17:59:58.851] [Worker-Main21/WARN] [com.simibubi.create.Create/]: Your custom createaddition:rolling/aluminum_ingot recipe (createaddition:rolling/aluminum_ingot) specified a duration. Durations have no impact on this type of recipe.
[22Mar2025 17:59:58.877] [Worker-Main21/WARN] [com.simibubi.create.Create/]: Your custom createaddition:rolling/iron_plate recipe (createaddition:rolling/iron_plate) specified a duration. Durations have no impact on this type of recipe.
[22Mar2025 17:59:58.887] [Worker-Main21/WARN] [com.simibubi.create.Create/]: Your custom createaddition:rolling/lead_plate recipe (createaddition:rolling/lead_plate) specified a duration. Durations have no impact on this type of recipe.
[22Mar2025 17:59:58.895] [Worker-Main21/WARN] [com.simibubi.create.Create/]: Your custom createaddition:rolling/gold_plate recipe (createaddition:rolling/gold_plate) specified a duration. Durations have no impact on this type of recipe.
[22Mar2025 17:59:58.909] [Worker-Main21/WARN] [com.simibubi.create.Create/]: Your custom createaddition:rolling/electrum_ingot recipe (createaddition:rolling/electrum_ingot) specified a duration. Durations have no impact on this type of recipe.
[22Mar2025 17:59:58.945] [Worker-Main21/WARN] [com.simibubi.create.Create/]: Your custom createaddition:rolling/uranium_rod recipe (createaddition:rolling/uranium_rod) specified a duration. Durations have no impact on this type of recipe.
[22Mar2025 17:59:58.948] [Worker-Main21/WARN] [com.simibubi.create.Create/]: Your custom createaddition:rolling/iron_ingot recipe (createaddition:rolling/iron_ingot) specified a duration. Durations have no impact on this type of recipe.
[22Mar2025 17:59:58.979] [Worker-Main21/WARN] [com.simibubi.create.Create/]: Your custom createaddition:rolling/gold_ingot recipe (createaddition:rolling/gold_ingot) specified a duration. Durations have no impact on this type of recipe.
[22Mar2025 17:59:58.980] [Worker-Main21/WARN] [com.simibubi.create.Create/]: Your custom createaddition:rolling/straw recipe (createaddition:rolling/straw) specified a duration. Durations have no impact on this type of recipe.
[22Mar2025 17:59:59.013] [Worker-Main21/WARN] [com.simibubi.create.Create/]: Your custom createaddition:rolling/constantan_rod recipe (createaddition:rolling/constantan_rod) specified a duration. Durations have no impact on this type of recipe.
[22Mar2025 17:59:59.024] [Worker-Main21/WARN] [com.simibubi.create.Create/]: Your custom createaddition:rolling/silver_rod recipe (createaddition:rolling/silver_rod) specified a duration. Durations have no impact on this type of recipe.
[22Mar2025 17:59:59.049] [Worker-Main21/WARN] [com.simibubi.create.Create/]: Your custom createaddition:rolling/electrum_rod recipe (createaddition:rolling/electrum_rod) specified a duration. Durations have no impact on this type of recipe.
[22Mar2025 17:59:59.057] [Worker-Main21/WARN] [com.simibubi.create.Create/]: Your custom createaddition:rolling/copper_plate recipe (createaddition:rolling/copper_plate) specified a duration. Durations have no impact on this type of recipe.
[22Mar2025 17:59:59.096] [Worker-Main21/INFO] [ModernFix/]: Clearing KubeJS recipe lists...
[22Mar2025 17:59:59.959] [Worker-Main21/INFO] [placebo/]: Registered 1 additional loot tables.
[22Mar2025 18:00:00.277] [Worker-Main21/INFO] [net.minecraft.advancements.AdvancementList/]: Loaded 613 advancements
[22Mar2025 18:00:00.287] [Worker-Main21/INFO] [placebo/]: Registered 1 additional recipes.
[22Mar2025 18:00:00.315] [Worker-Main21/ERROR] [tac/]: Missing required properties for tac:medium_steel_armor
[22Mar2025 18:00:00.319] [Worker-Main21/ERROR] [tac/]: Missing required properties for tac:cardboard_armor
[22Mar2025 18:00:00.327] [Worker-Main21/ERROR] [tac/]: Missing required properties for tac:armor_test
[22Mar2025 18:00:00.337] [Worker-Main21/ERROR] [tac/]: Missing required properties for tac:light_armor
[22Mar2025 18:00:00.359] [Worker-Main21/INFO] [immersivepetroleum/]: Loading Distillation Recipes.
[22Mar2025 18:00:00.365] [Worker-Main21/INFO] [immersivepetroleum/]: Loading Reservoirs.
[22Mar2025 18:00:00.368] [Worker-Main21/INFO] [immersivepetroleum/]: Loading Coker-Unit Recipes.
[22Mar2025 18:00:00.370] [Worker-Main21/INFO] [immersivepetroleum/]: Loading High-Pressure Refinery Recipes.
[22Mar2025 18:00:00.394] [Worker-Main21/INFO] [net.mehvahdjukaar.selene.Selene/]: Loaded 60 Soft Fluids
[22Mar2025 18:00:00.403] [Worker-Main21/INFO] [hordes/]: Loaded entity minecraft:zombie as entity.minecraft.zombie with weight 20, min day 0 and max day 0
[22Mar2025 18:00:00.404] [Worker-Main21/INFO] [hordes/]: Loaded entity zombie_extreme:bomber as entity.zombie_extreme.bomber with weight 5, min day 0 and max day 0
[22Mar2025 18:00:00.404] [Worker-Main21/INFO] [hordes/]: Loaded entity undead_revamp2:thesmoker as entity.undead_revamp2.thesmoker with weight 5, min day 0 and max day 0
[22Mar2025 18:00:00.404] [Worker-Main21/INFO] [hordes/]: Loaded entity undead_revamp2:thepregnant as entity.undead_revamp2.thepregnant with weight 2, min day 0 and max day 0
[22Mar2025 18:00:00.404] [Worker-Main21/INFO] [hordes/]: loaded horde table hordes:mobs_75
[22Mar2025 18:00:00.404] [Worker-Main21/INFO] [hordes/]: Loaded entity minecraft:zombie as entity.minecraft.zombie with weight 25, min day 0 and max day 0
[22Mar2025 18:00:00.405] [Worker-Main21/INFO] [hordes/]: Loaded entity undead_revamp2:bomber as entity.undead_revamp2.bomber with weight 5, min day 0 and max day 0
[22Mar2025 18:00:00.405] [Worker-Main21/INFO] [hordes/]: Loaded entity undead_revamp2:thesmoker as entity.undead_revamp2.thesmoker with weight 5, min day 0 and max day 0
[22Mar2025 18:00:00.405] [Worker-Main21/INFO] [hordes/]: Loaded entity undead_revamp2:thepregnant as entity.undead_revamp2.thepregnant with weight 1, min day 0 and max day 0
[22Mar2025 18:00:00.405] [Worker-Main21/INFO] [hordes/]: loaded horde table hordes:mobs_30
[22Mar2025 18:00:00.405] [Worker-Main21/INFO] [hordes/]: Loaded entity minecraft:zombie as entity.minecraft.zombie with weight 15, min day 0 and max day 0
[22Mar2025 18:00:00.405] [Worker-Main21/INFO] [hordes/]: Loaded entity zombie_extreme:bomber as entity.zombie_extreme.bomber with weight 5, min day 0 and max day 0
[22Mar2025 18:00:00.405] [Worker-Main21/INFO] [hordes/]: Loaded entity zombie_extreme:inflated as entity.zombie_extreme.inflated with weight 5, min day 0 and max day 0
[22Mar2025 18:00:00.406] [Worker-Main21/INFO] [hordes/]: Loaded entity undead_revamp2:thesmoker as entity.undead_revamp2.thesmoker with weight 5, min day 0 and max day 0
[22Mar2025 18:00:00.406] [Worker-Main21/INFO] [hordes/]: Loaded entity minecraft:zombie as entity.minecraft.zombie with weight 5, min day 0 and max day 0
[22Mar2025 18:00:00.406] [Worker-Main21/INFO] [hordes/]: Loaded entity undead_revamp2:thepregnant as entity.undead_revamp2.thepregnant with weight 3, min day 0 and max day 0
[22Mar2025 18:00:00.406] [Worker-Main21/INFO] [hordes/]: loaded horde table hordes:mobs_105
[22Mar2025 18:00:00.406] [Worker-Main21/INFO] [hordes/]: Loaded entity minecraft:zombie as entity.minecraft.zombie with weight 25, min day 0 and max day 0
[22Mar2025 18:00:00.406] [Worker-Main21/INFO] [hordes/]: Loaded entity undead_revamp2:bomber as entity.undead_revamp2.bomber with weight 5, min day 0 and max day 0
[22Mar2025 18:00:00.406] [Worker-Main21/INFO] [hordes/]: Loaded entity undead_revamp2:thesmoker as entity.undead_revamp2.thesmoker with weight 5, min day 0 and max day 0
[22Mar2025 18:00:00.407] [Worker-Main21/INFO] [hordes/]: Loaded entity undead_revamp2:thepregnant as entity.undead_revamp2.thepregnant with weight 1, min day 0 and max day 0
[22Mar2025 18:00:00.407] [Worker-Main21/INFO] [hordes/]: loaded horde table hordes:mobs_45
[22Mar2025 18:00:00.407] [Worker-Main21/INFO] [hordes/]: Loaded entity minecraft:zombie as entity.minecraft.zombie with weight 15, min day 0 and max day 0
[22Mar2025 18:00:00.407] [Worker-Main21/INFO] [hordes/]: Loaded entity zombie_extreme:bomber as entity.zombie_extreme.bomber with weight 5, min day 0 and max day 0
[22Mar2025 18:00:00.407] [Worker-Main21/INFO] [hordes/]: Loaded entity zombie_extreme:inflated as entity.zombie_extreme.inflated with weight 5, min day 0 and max day 0
[22Mar2025 18:00:00.407] [Worker-Main21/INFO] [hordes/]: Loaded entity undead_revamp2:theheavy as entity.undead_revamp2.theheavy with weight 5, min day 0 and max day 0
[22Mar2025 18:00:00.407] [Worker-Main21/INFO] [hordes/]: Loaded entity undead_revamp2:thepregnant as entity.undead_revamp2.thepregnant with weight 2, min day 0 and max day 0
[22Mar2025 18:00:00.407] [Worker-Main21/INFO] [hordes/]: loaded horde table hordes:mobs_135
[22Mar2025 18:00:00.408] [Worker-Main21/INFO] [hordes/]: Loaded entity minecraft:zombie as entity.minecraft.zombie with weight 15, min day 0 and max day 0
[22Mar2025 18:00:00.408] [Worker-Main21/INFO] [hordes/]: Loaded entity zombie_extreme:bomber as entity.zombie_extreme.bomber with weight 5, min day 0 and max day 0
[22Mar2025 18:00:00.408] [Worker-Main21/INFO] [hordes/]: Loaded entity zombie_extreme:patient_zero as entity.zombie_extreme.patient_zero with weight 5, min day 0 and max day 0
[22Mar2025 18:00:00.408] [Worker-Main21/INFO] [hordes/]: Loaded entity zombie_extreme:rat_king as entity.zombie_extreme.rat_king with weight 5, min day 0 and max day 0
[22Mar2025 18:00:00.408] [Worker-Main21/INFO] [hordes/]: Loaded entity undead_revamp2:thepregnant as entity.undead_revamp2.thepregnant with weight 5, min day 0 and max day 0
[22Mar2025 18:00:00.409] [Worker-Main21/INFO] [hordes/]: Loaded entity mutationcraft:human_herder as entity.mutationcraft.human_herder with weight 5, min day 0 and max day 0
[22Mar2025 18:00:00.409] [Worker-Main21/INFO] [hordes/]: Loaded entity mutationcraft:resenter as entity.mutationcraft.resenter with weight 5, min day 0 and max day 0
[22Mar2025 18:00:00.409] [Worker-Main21/INFO] [hordes/]: loaded horde table hordes:mobs_300
[22Mar2025 18:00:00.409] [Worker-Main21/INFO] [hordes/]: Loaded entity minecraft:zombie as entity.minecraft.zombie with weight 15, min day 0 and max day 0
[22Mar2025 18:00:00.409] [Worker-Main21/INFO] [hordes/]: Loaded entity zombie_extreme:bomber as entity.zombie_extreme.bomber with weight 5, min day 0 and max day 0
[22Mar2025 18:00:00.409] [Worker-Main21/INFO] [hordes/]: Loaded entity undead_revamp2:theheavy as entity.undead_revamp2.theheavy with weight 5, min day 0 and max day 0
[22Mar2025 18:00:00.410] [Worker-Main21/INFO] [hordes/]: Loaded entity zombie_extreme:demolisher as entity.zombie_extreme.demolisher with weight 5, min day 0 and max day 0
[22Mar2025 18:00:00.410] [Worker-Main21/INFO] [hordes/]: Loaded entity zombie_extreme:rat_king as entity.zombie_extreme.rat_king with weight 5, min day 0 and max day 0
[22Mar2025 18:00:00.410] [Worker-Main21/INFO] [hordes/]: Loaded entity undead_revamp2:thepregnant as entity.undead_revamp2.thepregnant with weight 2, min day 0 and max day 0
[22Mar2025 18:00:00.410] [Worker-Main21/INFO] [hordes/]: loaded horde table hordes:mobs_210
[22Mar2025 18:00:00.410] [Worker-Main21/INFO] [hordes/]: Loaded entity minecraft:zombie as entity.minecraft.zombie with weight 30, min day 0 and max day 0
[22Mar2025 18:00:00.410] [Worker-Main21/INFO] [hordes/]: Loaded entity undead_revamp2:bomber as entity.undead_revamp2.bomber with weight 5, min day 0 and max day 0
[22Mar2025 18:00:00.411] [Worker-Main21/INFO] [hordes/]: Loaded entity undead_revamp2:thesmoker as entity.undead_revamp2.thesmoker with weight 5, min day 0 and max day 0
[22Mar2025 18:00:00.411] [Worker-Main21/INFO] [hordes/]: loaded horde table hordes:mobs_15
[22Mar2025 18:00:00.411] [Worker-Main21/INFO] [hordes/]: Loaded entity minecraft:zombie as entity.minecraft.zombie with weight 15, min day 0 and max day 0
[22Mar2025 18:00:00.411] [Worker-Main21/INFO] [hordes/]: Loaded entity zombie_extreme:bomber as entity.zombie_extreme.bomber with weight 5, min day 0 and max day 0
[22Mar2025 18:00:00.411] [Worker-Main21/INFO] [hordes/]: Loaded entity zombie_extreme:inflated as entity.zombie_extreme.inflated with weight 5, min day 0 and max day 0
[22Mar2025 18:00:00.411] [Worker-Main21/INFO] [hordes/]: Loaded entity undead_revamp2:theheavy as entity.undead_revamp2.theheavy with weight 5, min day 0 and max day 0
[22Mar2025 18:00:00.412] [Worker-Main21/INFO] [hordes/]: Loaded entity zombie_extreme:demolisher as entity.zombie_extreme.demolisher with weight 5, min day 0 and max day 0
[22Mar2025 18:00:00.412] [Worker-Main21/INFO] [hordes/]: Loaded entity undead_revamp2:thepregnant as entity.undead_revamp2.thepregnant with weight 2, min day 0 and max day 0
[22Mar2025 18:00:00.412] [Worker-Main21/INFO] [hordes/]: loaded horde table hordes:mobs_165
[22Mar2025 18:00:00.412] [Worker-Main21/INFO] [hordes/]: Loaded entity minecraft:zombie as entity.minecraft.zombie with weight 30, min day 0 and max day 0
[22Mar2025 18:00:00.412] [Worker-Main21/INFO] [hordes/]: loaded horde table hordes:fallback
[22Mar2025 18:00:00.413] [Worker-Main21/INFO] [hordes/]: Loaded entity minecraft:zombie as entity.minecraft.zombie with weight 15, min day 0 and max day 0
[22Mar2025 18:00:00.413] [Worker-Main21/INFO] [hordes/]: Loaded entity zombie_extreme:bomber as entity.zombie_extreme.bomber with weight 5, min day 0 and max day 0
[22Mar2025 18:00:00.413] [Worker-Main21/INFO] [hordes/]: Loaded entity undead_revamp2:theheavy as entity.undead_revamp2.theheavy with weight 5, min day 0 and max day 0
[22Mar2025 18:00:00.413] [Worker-Main21/INFO] [hordes/]: Loaded entity zombie_extreme:patient_zero as entity.zombie_extreme.patient_zero with weight 5, min day 0 and max day 0
[22Mar2025 18:00:00.413] [Worker-Main21/INFO] [hordes/]: Loaded entity zombie_extreme:rat_king as entity.zombie_extreme.rat_king with weight 5, min day 0 and max day 0
[22Mar2025 18:00:00.413] [Worker-Main21/INFO] [hordes/]: Loaded entity undead_revamp2:thepregnant as entity.undead_revamp2.thepregnant with weight 2, min day 0 and max day 0
[22Mar2025 18:00:00.414] [Worker-Main21/INFO] [hordes/]: loaded horde table hordes:mobs_240
[22Mar2025 18:00:00.414] [Worker-Main21/INFO] [hordes/]: Loaded entity minecraft:zombie as entity.minecraft.zombie with weight 15, min day 0 and max day 0
[22Mar2025 18:00:00.414] [Worker-Main21/INFO] [hordes/]: Loaded entity zombie_extreme:bomber as entity.zombie_extreme.bomber with weight 5, min day 0 and max day 0
[22Mar2025 18:00:00.414] [Worker-Main21/INFO] [hordes/]: Loaded entity zombie_extreme:patient_zero as entity.zombie_extreme.patient_zero with weight 5, min day 0 and max day 0
[22Mar2025 18:00:00.414] [Worker-Main21/INFO] [hordes/]: Loaded entity zombie_extreme:rat_king as entity.zombie_extreme.rat_king with weight 5, min day 0 and max day 0
[22Mar2025 18:00:00.572] [Worker-Main21/INFO] [hordes/]: Loaded entity undead_revamp2:thepregnant as entity.undead_revamp2.thepregnant with weight 5, min day 0 and max day 0
[22Mar2025 18:00:00.573] [Worker-Main21/INFO] [hordes/]: Loaded entity mutationcraft:human_herder as entity.mutationcraft.human_herder with weight 5, min day 0 and max day 0
[22Mar2025 18:00:00.574] [Worker-Main21/INFO] [hordes/]: loaded horde table hordes:mobs_270
[22Mar2025 18:00:00.578] [Worker-Main21/INFO] [hordes/]: loaded horde script hordes:wave_0_loot_script
[22Mar2025 18:00:00.578] [Worker-Main21/INFO] [hordes/]: loaded horde script hordes:wave_0_script
[22Mar2025 18:00:00.579] [Worker-Main21/INFO] [hordes/]: loaded horde script hordes:wave_1_loot_script
[22Mar2025 18:00:00.579] [Worker-Main21/INFO] [hordes/]: loaded horde script hordes:wave_1_script
[22Mar2025 18:00:00.579] [Worker-Main21/INFO] [hordes/]: loaded horde script hordes:wave_2_loot_script
[22Mar2025 18:00:00.579] [Worker-Main21/INFO] [hordes/]: loaded horde script hordes:wave_2_script
[22Mar2025 18:00:00.579] [Worker-Main21/INFO] [hordes/]: loaded horde script hordes:wave_3_loot_script
[22Mar2025 18:00:00.580] [Worker-Main21/INFO] [hordes/]: loaded horde script hordes:wave_3_script
[22Mar2025 18:00:00.580] [Worker-Main21/INFO] [hordes/]: loaded horde script hordes:wave_4_loot_script
[22Mar2025 18:00:00.580] [Worker-Main21/INFO] [hordes/]: loaded horde script hordes:wave_4_script
[22Mar2025 18:00:00.580] [Worker-Main21/INFO] [hordes/]: loaded horde script hordes:wave_5_loot_script
[22Mar2025 18:00:00.581] [Worker-Main21/INFO] [hordes/]: loaded horde script hordes:wave_5_script
[22Mar2025 18:00:00.581] [Worker-Main21/INFO] [hordes/]: loaded horde script hordes:wave_6_loot_script
[22Mar2025 18:00:00.581] [Worker-Main21/INFO] [hordes/]: loaded horde script hordes:wave_6_script
[22Mar2025 18:00:00.581] [Worker-Main21/INFO] [hordes/]: loaded horde script hordes:wave_7_loot_script
[22Mar2025 18:00:00.581] [Worker-Main21/INFO] [hordes/]: loaded horde script hordes:wave_7_script
[22Mar2025 18:00:00.582] [Worker-Main21/INFO] [hordes/]: loaded horde script hordes:wave_8_loot_script
[22Mar2025 18:00:00.582] [Worker-Main21/INFO] [hordes/]: loaded horde script hordes:wave_8_script
[22Mar2025 18:00:00.582] [Worker-Main21/INFO] [hordes/]: loaded horde script hordes:wave_9_loot_script
[22Mar2025 18:00:00.583] [Worker-Main21/INFO] [hordes/]: loaded horde script hordes:wave_9_script
[22Mar2025 18:00:00.583] [Worker-Main21/INFO] [hordes/]: loaded horde script hordes:wave_10_loot_script
[22Mar2025 18:00:00.583] [Worker-Main21/INFO] [hordes/]: loaded horde script hordes:wave_10_script
[22Mar2025 18:00:00.583] [Worker-Main21/INFO] [hordes/]: loaded horde script hordes:wave_11_loot_script
[22Mar2025 18:00:00.584] [Worker-Main21/INFO] [hordes/]: loaded horde script hordes:wave_11_script
[22Mar2025 18:00:00.584] [Worker-Main21/INFO] [hordes/]: Loading conversion tables
[22Mar2025 18:00:00.584] [Worker-Main21/INFO] [hordes/]: Loading conversion table hordes:infection_conversions
[22Mar2025 18:00:00.587] [Worker-Main21/INFO] [hordes/]: Loaded conversion entity.minecraft.vindicator to entity.minecraft.zombie_villager with chance of 0.3
[22Mar2025 18:00:00.587] [Worker-Main21/INFO] [hordes/]: Loaded conversion entity.minecraft.pillager to entity.minecraft.zombie_villager with chance of 0.3
[22Mar2025 18:00:00.587] [Worker-Main21/INFO] [hordes/]: Loaded conversion entity.minecraft.villager to entity.minecraft.zombie_villager with chance of 0.3
[22Mar2025 18:00:00.588] [Worker-Main21/INFO] [hordes/]: Loaded conversion entity.minecraft.horse to entity.zombiemobs.zombie_horsee with chance of 0.3
[22Mar2025 18:00:00.588] [Worker-Main21/INFO] [hordes/]: Loaded conversion entity.minecraft.cat to entity.zombiemobs.zombie_cat with chance of 0.3
[22Mar2025 18:00:00.588] [Worker-Main21/INFO] [hordes/]: Loaded conversion entity.minecraft.chicken to entity.zombiemobs.zombie_chicken with chance of 0.3
[22Mar2025 18:00:00.588] [Worker-Main21/INFO] [hordes/]: Loaded conversion entity.minecraft.cow to entity.zombiemobs.zombie_cow with chance of 0.3
[22Mar2025 18:00:00.588] [Worker-Main21/INFO] [hordes/]: Loaded conversion entity.minecraft.dolphin to entity.zombiemobs.zombie_dolphin with chance of 0.3
[22Mar2025 18:00:00.588] [Worker-Main21/INFO] [hordes/]: Loaded conversion entity.minecraft.donkey to entity.zombiemobs.zombie_donkey with chance of 0.3
[22Mar2025 18:00:00.589] [Worker-Main21/INFO] [hordes/]: Loaded conversion entity.minecraft.fox to entity.zombiemobs.zombie_fox with chance of 0.3
[22Mar2025 18:00:00.589] [Worker-Main21/INFO] [hordes/]: Loaded conversion entity.minecraft.goat to entity.zombiemobs.zombie_goat with chance of 0.3
[22Mar2025 18:00:00.589] [Worker-Main21/INFO] [hordes/]: Loaded conversion entity.minecraft.llama to entity.zombiemobs.zombie_llama with chance of 0.3
[22Mar2025 18:00:00.589] [Worker-Main21/INFO] [hordes/]: Loaded conversion entity.minecraft.mooshroom to entity.zombiemobs.zombie_mooshroom with chance of 0.3
[22Mar2025 18:00:00.589] [Worker-Main21/INFO] [hordes/]: Loaded conversion entity.minecraft.ocelot to entity.zombiemobs.zombie_ocelot with chance of 0.3
[22Mar2025 18:00:00.589] [Worker-Main21/INFO] [hordes/]: Loaded conversion entity.minecraft.panda to entity.zombiemobs.zombie_panda with chance of 0.3
[22Mar2025 18:00:00.589] [Worker-Main21/INFO] [hordes/]: Loaded conversion entity.minecraft.pig to entity.zombiemobs.zombie_pig with chance of 0.3
[22Mar2025 18:00:00.589] [Worker-Main21/INFO] [hordes/]: Loaded conversion entity.minecraft.sheep to entity.zombiemobs.zombie_sheep with chance of 0.3
[22Mar2025 18:00:00.590] [Worker-Main21/INFO] [hordes/]: Loaded conversion entity.minecraft.turtle to entity.zombiemobs.zombie_turtle with chance of 0.3
[22Mar2025 18:00:00.590] [Worker-Main21/INFO] [hordes/]: Loaded conversion entity.minecraft.squid to entity.zombiemobs.zombie_squid with chance of 0.3
[22Mar2025 18:00:00.590] [Worker-Main21/INFO] [hordes/]: Loaded conversion entity.minecraft.wolf to entity.zombiemobs.zombie_wolf with chance of 0.3
[22Mar2025 18:00:00.590] [Worker-Main21/INFO] [hordes/]: Loading immunity item list
[22Mar2025 18:00:00.590] [Worker-Main21/INFO] [hordes/]: Loading immunity item list hordes:immunity_items
[22Mar2025 18:00:00.591] [Worker-Main21/INFO] [hordes/]: Loaded immunity item minecraft:enchanted_golden_apple with duration 120
[22Mar2025 18:00:00.591] [Worker-Main21/INFO] [hordes/]: Loaded immunity item minecraft:golden_apple with duration 120
[22Mar2025 18:00:00.591] [Worker-Main21/INFO] [hordes/]: Loading wearables protection list
[22Mar2025 18:00:00.591] [Worker-Main21/INFO] [hordes/]: Loading wearables protection list hordes:immune_wearables
[22Mar2025 18:00:00.596] [Worker-Main21/INFO] [CraftTweaker/]: crafttweaker.reload.start
[22Mar2025 18:00:03.753] [Worker-Main21/WARN] [com.simibubi.create.Create/]: Your custom create:pressing recipe (crafttweaker:can_press) specified a duration. Durations have no impact on this type of recipe.
[22Mar2025 18:00:03.821] [Worker-Main21/WARN] [com.simibubi.create.Create/]: Your custom create:splashing recipe (crafttweaker:aluminum_nugget) specified a duration. Durations have no impact on this type of recipe.
[22Mar2025 18:00:04.831] [Worker-Main21/WARN] [com.simibubi.create.Create/]: Your custom create:pressing recipe (crafttweaker:cast_iron_sheet) specified a duration. Durations have no impact on this type of recipe.
[22Mar2025 18:00:06.157] [Worker-Main21/INFO] [CraftTweaker/]: crafttweaker.reload.complete
[22Mar2025 18:00:06.165] [Worker-Main21/INFO] [fastsuite/]: Successfully processed 14698 recipes into the AuxRecipeManager.
[22Mar2025 18:00:06.721] [Server thread/INFO] [net.minecraft.server.dedicated.DedicatedServer/]: Starting minecraft server version 1.18.2
[22Mar2025 18:00:06.721] [Server thread/INFO] [net.minecraft.server.dedicated.DedicatedServer/]: Loading properties
[22Mar2025 18:00:06.722] [Server thread/INFO] [net.minecraft.server.dedicated.DedicatedServer/]: Default game type: SURVIVAL
[22Mar2025 18:00:06.722] [Server thread/INFO] [net.minecraft.server.MinecraftServer/]: Generating keypair
[22Mar2025 18:00:06.857] [Server thread/INFO] [net.minecraft.server.dedicated.DedicatedServer/]: Starting Minecraft server on *:25565
[22Mar2025 18:00:06.963] [Server thread/INFO] [net.minecraft.server.network.ServerConnectionListener/]: Using epoll channel type
[22Mar2025 18:00:07.056] [Server thread/WARN] [net.minecraft.server.dedicated.DedicatedServer/]: **** SERVER IS RUNNING IN OFFLINE/INSECURE MODE!
[22Mar2025 18:00:07.057] [Server thread/WARN] [net.minecraft.server.dedicated.DedicatedServer/]: The server will make no attempt to authenticate usernames. Beware.
[22Mar2025 18:00:07.058] [Server thread/WARN] [net.minecraft.server.dedicated.DedicatedServer/]: While this makes the game possible to play without internet access, it also opens up the ability for hackers to connect with any username they choose.
[22Mar2025 18:00:07.058] [Server thread/WARN] [net.minecraft.server.dedicated.DedicatedServer/]: To change this, set "online-mode" to "true" in the server.properties file.
[22Mar2025 18:00:07.114] [Server thread/INFO] [immersivepetroleum/FuelHandler/]: Added immersivepetroleum:naphtha as Portable Generator Fuel. (256RF/t 9mB/t)
[22Mar2025 18:00:07.114] [Server thread/INFO] [immersivepetroleum/FuelHandler/]: Added immersivepetroleum:gasoline as Portable Generator Fuel. (256RF/t 6mB/t)
[22Mar2025 18:00:07.114] [Server thread/INFO] [immersivepetroleum/FuelHandler/]: Added immersivepetroleum:benzene as Portable Generator Fuel. (256RF/t 6mB/t)
[22Mar2025 18:00:07.115] [Server thread/INFO] [immersivepetroleum/FuelHandler/]: Added immersivepetroleum:gasoline as Motorboat Fuel. (1 mB/t)
[22Mar2025 18:00:07.115] [Server thread/INFO] [immersivepetroleum/FuelHandler/]: Added immersivepetroleum:naphtha as Motorboat Fuel. (2 mB/t)
[22Mar2025 18:00:07.115] [Server thread/INFO] [immersivepetroleum/FuelHandler/]: Added immersivepetroleum:benzene as Motorboat Fuel. (2 mB/t)
[22Mar2025 18:00:07.257] [Server thread/ERROR] [net.minecraft.resources.RegistryResourceAccess$InMemoryStorage/]: Error adding element: Value provider too high: 256 [500-500]
[22Mar2025 18:00:07.782] [Server thread/INFO] [FTB Teams/]: Loaded FTB Teams - 2 known players
[22Mar2025 18:00:07.786] [Server thread/INFO] [xaero.pac.OpenPartiesAndClaims/]: Initializing Open Parties and Claims for the server...
[22Mar2025 18:00:07.797] [Server thread/INFO] [xaero.pac.OpenPartiesAndClaims/]: Loading server info!
[22Mar2025 18:00:07.860] [Server thread/INFO] [xaero.pac.OpenPartiesAndClaims/]: Loading player configs...
[22Mar2025 18:00:07.892] [Server thread/INFO] [xaero.pac.OpenPartiesAndClaims/]: Loaded player configs!
[22Mar2025 18:00:07.893] [Server thread/INFO] [xaero.pac.OpenPartiesAndClaims/]: Loading parties...
[22Mar2025 18:00:07.894] [Server thread/INFO] [xaero.pac.OpenPartiesAndClaims/]: Loaded parties!
[22Mar2025 18:00:07.895] [Server thread/INFO] [xaero.pac.OpenPartiesAndClaims/]: Fixing party inconsistencies...
[22Mar2025 18:00:07.941] [Server thread/INFO] [xaero.pac.OpenPartiesAndClaims/]: Registered party system for OPAC: default
[22Mar2025 18:00:07.942] [Server thread/INFO] [xaero.pac.OpenPartiesAndClaims/]: Registered party system for OPAC: ftb_teams
[22Mar2025 18:00:07.943] [Server thread/INFO] [xaero.pac.OpenPartiesAndClaims/]: Registered permission system for OPAC: permission_api
[22Mar2025 18:00:08.298] [Server thread/INFO] [spark/]: Starting background profiler...
[22Mar2025 18:00:09.185] [Server thread/INFO] [configured/]: Loading server configs...
[22Mar2025 18:00:09.250] [Server thread/INFO] [terrablender/]: Initialized TerraBlender biomes for level stem minecraft:the_nether
[22Mar2025 18:00:09.775] [Server thread/INFO] [terrablender/]: Initialized TerraBlender biomes for level stem minecraft:overworld
[22Mar2025 18:00:09.775] [Server thread/INFO] [net.minecraft.server.dedicated.DedicatedServer/]: Preparing level "world"
[22Mar2025 18:00:10.179] [Server thread/INFO] [GlobalGameRules/]: Applying config gamerules to level world
[22Mar2025 18:00:11.011] [Server thread/INFO] [net.minecraft.server.MinecraftServer/]: Preparing start region for dimension minecraft:overworld
[22Mar2025 18:00:11.019] [Server thread/WARN] [mixin/]: Method overwrite conflict for removeIf in canary.mixins.json:world.chunk_tickets.SortedArraySetMixin, previously written by org.embeddedt.modernfix.common.mixin.bugfix.paper_chunk_patches.SortedArraySetMixin. Skipping method.
[22Mar2025 18:00:14.434] [Server thread/INFO] [net.minecraft.server.level.progress.LoggerChunkProgressListener/]: Preparing spawn area: 0%
[22Mar2025 18:00:14.434] [Server thread/INFO] [net.minecraft.server.level.progress.LoggerChunkProgressListener/]: Preparing spawn area: 0%
[22Mar2025 18:00:14.435] [Server thread/INFO] [net.minecraft.server.level.progress.LoggerChunkProgressListener/]: Preparing spawn area: 0%
[22Mar2025 18:00:14.435] [Server thread/INFO] [net.minecraft.server.level.progress.LoggerChunkProgressListener/]: Preparing spawn area: 0%
[22Mar2025 18:00:14.436] [Server thread/INFO] [net.minecraft.server.level.progress.LoggerChunkProgressListener/]: Preparing spawn area: 0%
[22Mar2025 18:00:14.436] [Server thread/INFO] [net.minecraft.server.level.progress.LoggerChunkProgressListener/]: Preparing spawn area: 0%
[22Mar2025 18:00:14.436] [Server thread/INFO] [net.minecraft.server.level.progress.LoggerChunkProgressListener/]: Preparing spawn area: 0%
[22Mar2025 18:00:14.518] [Server thread/INFO] [net.minecraft.server.level.progress.LoggerChunkProgressListener/]: Preparing spawn area: 0%
[22Mar2025 18:00:14.559] [Server thread/INFO] [com.cupboard.Cupboard/]: Loaded config for: betterchunkloading.json
[22Mar2025 18:00:14.649] [Server thread/WARN] [net.minecraft.network.syncher.SynchedEntityData/]: defineId called for: class de.maxhenkel.car.entity.car.base.EntityCarInventoryBase from class de.maxhenkel.car.entity.car.base.EntityCarLockBase
[22Mar2025 18:00:15.035] [Server thread/INFO] [net.minecraft.server.level.progress.LoggerChunkProgressListener/]: Preparing spawn area: 20%
[22Mar2025 18:00:15.512] [Server thread/INFO] [net.minecraft.server.level.progress.LoggerChunkProgressListener/]: Preparing spawn area: 46%
[22Mar2025 18:00:16.013] [Server thread/INFO] [net.minecraft.server.level.progress.LoggerChunkProgressListener/]: Preparing spawn area: 98%
[22Mar2025 18:00:16.071] [Server thread/INFO] [net.minecraft.server.level.progress.LoggerChunkProgressListener/]: Time elapsed: 5060 ms
[22Mar2025 18:00:16.072] [Server thread/INFO] [net.minecraft.server.dedicated.DedicatedServer/]: Done (9.000s)! For help, type "help"
[22Mar2025 18:00:16.230] [Server thread/INFO] [net.minecraftforge.server.permission.PermissionAPI/]: Successfully initialized permission handler forge:default_handler
[22Mar2025 18:00:16.231] [Server thread/INFO] [xaero.pac.OpenPartiesAndClaims/]: Loading claims...
[22Mar2025 18:00:16.231] [Server thread/INFO] [xaero.pac.OpenPartiesAndClaims/]: Loaded claims in 0ms
[22Mar2025 18:00:16.231] [Server thread/WARN] [xaero.pac.OpenPartiesAndClaims/]: The configured permission system "ftb_ranks" isn't registered!
[22Mar2025 18:00:16.232] [Server thread/INFO] [xaero.pac.OpenPartiesAndClaims/]: Configured OPAC to use the following permission system: permission_api
[22Mar2025 18:00:16.232] [Server thread/INFO] [xaero.pac.OpenPartiesAndClaims/]: Configured OPAC to use the following party system as primary: ftb_teams
[22Mar2025 18:00:16.233] [Server thread/INFO] [xaero.map.WorldMap/]: Registered synced player tracker system: ftb_teams
[22Mar2025 18:00:16.275] [Server thread/INFO] [xaero.common.MinimapLogs/]: Registered synced player tracker system: ftb_teams
[22Mar2025 18:00:16.384] [Server thread/INFO] [puffish_skills/]: [puffish_skills] Configuration loaded successfully!
[22Mar2025 18:00:16.427] [Server thread/INFO] [top.theillusivec4.diet.DietMod/]: Generating diet values...
[22Mar2025 18:00:16.428] [Server thread/INFO] [top.theillusivec4.diet.DietMod/]: Finding ungrouped food items...
[22Mar2025 18:00:16.444] [Server thread/INFO] [top.theillusivec4.diet.DietMod/]: Found 174 ungrouped food items
[22Mar2025 18:00:16.444] [Server thread/INFO] [top.theillusivec4.diet.DietMod/]: Building item-to-recipes map...
[22Mar2025 18:00:16.474] [Server thread/INFO] [top.theillusivec4.diet.DietMod/]: Found 9644 valid items with recipes
[22Mar2025 18:00:16.476] [Server thread/INFO] [top.theillusivec4.diet.DietMod/]: Processing items...
[22Mar2025 18:00:16.488] [Server thread/INFO] [top.theillusivec4.diet.DietMod/]: Processed 231 items
[22Mar2025 18:00:16.488] [Server thread/INFO] [top.theillusivec4.diet.DietMod/]: Generating diet values took 60.56 ms
[22Mar2025 18:00:16.490] [Server thread/INFO] [com.unlikepaladin.pfm.PaladinFurnitureMod/]: Paladin's Furniture 1.3 has released, for MinecraftForge, NeoForge and Fabric, there is new content and many bugs, crashes and issues have been fixed. Download it from: Modrinth
[22Mar2025 18:00:16.500] [Server thread/INFO] [FTB Quests/]: Loading quests from /workspaces/bghfdgfdgdfdgf/servidor_minecraft/config/ftbquests/quests
[22Mar2025 18:00:16.567] [Server thread/INFO] [FTB Quests/]: Loaded 5 chapter groups, 18 chapters, 347 quests, 1 reward tables
[22Mar2025 18:00:16.568] [Server thread/INFO] [FTB Quests/]: Loading quest progression data from /workspaces/bghfdgfdgdfdgf/servidor_minecraft/config/ftbquests/quests
[22Mar2025 18:00:16.799] [Server thread/INFO] [net.bettercombat.logic.WeaponRegistry/]: Encoded Weapon Attribute registry size (with package overhead): 185914 bytes (in 19 string chunks with the size of 10000)
[22Mar2025 18:00:16.804] [Server thread/INFO] [patchouli/]: Sending reload packet to clients
[22Mar2025 18:00:16.813] [Server thread/WARN] [voicechat/]: [voicechat] Running in offline mode - Voice chat encryption is not secure!
[22Mar2025 18:00:16.872] [VoiceChatServerThread/INFO] [voicechat/]: [voicechat] Voice chat server started at port 24454
[22Mar2025 18:00:17.210] [Server thread/WARN] [ModernFix/]: Dedicated server took 89.829 seconds to load
[22Mar2025 18:00:17.283] [Server thread/ERROR] [net.minecraft.server.MinecraftServer/]: Couldn't load server icon
java.lang.NullPointerException: Cannot invoke "java.awt.image.BufferedImage.getWidth()" because "bufferedimage" is null
	at net.minecraft.server.MinecraftServer.m_202468_(MinecraftServer.java:811) ~[server-1.18.2-20220404.173914-srg.jar%23226!/:?]
	at java.util.Optional.ifPresent(Optional.java:178) ~[?:?]
	at net.minecraft.server.MinecraftServer.m_129878_(MinecraftServer.java:808) ~[server-1.18.2-20220404.173914-srg.jar%23226!/:?]
	at net.minecraft.server.MinecraftServer.m_130011_(MinecraftServer.java:666) ~[server-1.18.2-20220404.173914-srg.jar%23226!/:?]
	at net.minecraft.server.MinecraftServer.m_177918_(MinecraftServer.java:261) ~[server-1.18.2-20220404.173914-srg.jar%23226!/:?]
	at java.lang.Thread.run(Thread.java:840) [?:?]
[22Mar2025 18:00:17.309] [Server thread/INFO] [readyplayerfun/]: Pausing server onWorldTick at 203224, 277937
[22Mar2025 18:00:17.596] [Server thread/ERROR] [net.minecraft.resources.RegistryResourceAccess$InMemoryStorage/]: Error adding element: Value provider too high: 256 [500-500]
[22Mar2025 18:06:25.779] [Server thread/INFO] [net.minecraftforge.common.AdvancementLoadFix/]: Using new advancement loading for net.minecraft.server.PlayerAdvancements@636b5858
[22Mar2025 18:06:25.828] [Server thread/INFO] [net.minecraft.server.players.PlayerList/]: DavZerok[/127.159.136.178:60651] logged in with entity id 25 at (793.895887030743, 61.65324240296299, 505.0051625933545)
[22Mar2025 18:06:25.966] [Server thread/INFO] [net.minecraft.server.dedicated.DedicatedServer/]: DavZerok joined the game
[22Mar2025 18:06:25.973] [Server thread/INFO] [tac/]: PENDING
[22Mar2025 18:06:26.031] [Server thread/INFO] [xaero.pac.OpenPartiesAndClaims/]: Updating all forceload tickets for 47f289ce-7df7-3037-8ecf-80a056f9f854
[22Mar2025 18:06:26.171] [Server thread/INFO] [readyplayerfun/]: Unpausing server: onPlayerLogin, 0:06:08 at 203224, 277937
[22Mar2025 18:06:26.778] [Server thread/INFO] [voicechat/]: [voicechat] Received secret request of DavZerok (17)
[22Mar2025 18:06:26.780] [Server thread/INFO] [voicechat/]: [voicechat] Sent secret to DavZerok
[22Mar2025 18:06:27.272] [Server thread/INFO] [de.melanx.simplebackups.SimpleBackups/]: Backup done.
[22Mar2025 18:06:27.275] [SimpleBackups/INFO] [de.melanx.simplebackups.BackupThread/]: Successfully deleted "world_2025-03-21_01-28-11.zip"
[22Mar2025 18:06:45.446] [Server thread/WARN] [net.minecraft.server.MinecraftServer/]: Can't keep up! Is the server overloaded? Running 8784ms or 175 ticks behind
[22Mar2025 18:06:45.602] [Server thread/INFO] [net.minecraftforge.common.AdvancementLoadFix/]: Using new advancement loading for net.minecraft.server.PlayerAdvancements@b177bf6
[22Mar2025 18:07:08.404] [Server thread/WARN] [net.minecraft.server.MinecraftServer/]: Can't keep up! Is the server overloaded? Running 7992ms or 159 ticks behind
[22Mar2025 18:08:19.255] [Server thread/WARN] [net.minecraft.server.MinecraftServer/]: Can't keep up! Is the server overloaded? Running 2792ms or 55 ticks behind
[22Mar2025 18:08:38.753] [Server thread/INFO] [net.minecraft.server.dedicated.DedicatedServer/]: DavZerok was slain by Zombie
[22Mar2025 18:08:39.257] [Server thread/WARN] [net.minecraft.server.MinecraftServer/]: Can't keep up! Is the server overloaded? Running 5045ms or 100 ticks behind
[22Mar2025 18:08:41.696] [Server thread/INFO] [net.minecraft.server.dedicated.DedicatedServer/]: No player was found
[22Mar2025 18:08:41.702] [Server thread/INFO] [tac/]: PENDING
[22Mar2025 18:09:37.527] [Server thread/INFO] [net.minecraft.server.dedicated.DedicatedServer/]: DavZerok has made the advancement ['X' Marks the Spot]
[22Mar2025 18:18:16.397] [Server thread/WARN] [net.minecraft.server.MinecraftServer/]: Can't keep up! Is the server overloaded? Running 4334ms or 86 ticks behind
[22Mar2025 18:18:45.325] [Server thread/INFO] [net.minecraft.server.network.ServerGamePacketListenerImpl/]: DavZerok lost connection: Disconnected
[22Mar2025 18:18:45.325] [Server thread/INFO] [net.minecraft.server.dedicated.DedicatedServer/]: DavZerok left the game
[22Mar2025 18:18:45.327] [Server thread/INFO] [xaero.pac.OpenPartiesAndClaims/]: Updating all forceload tickets for 47f289ce-7df7-3037-8ecf-80a056f9f854
[22Mar2025 18:18:45.328] [Server thread/INFO] [readyplayerfun/]: Pausing server onPlayerLogout at 217441, 292154
[22Mar2025 18:18:45.329] [Server thread/INFO] [voicechat/]: [voicechat] Disconnecting client DavZerok
[22Mar2025 18:22:55.520] [Server thread/INFO] [net.minecraftforge.common.AdvancementLoadFix/]: Using new advancement loading for net.minecraft.server.PlayerAdvancements@17fb4c77
[22Mar2025 18:22:55.525] [Server thread/INFO] [net.minecraft.server.players.PlayerList/]: DavZerok[/127.159.136.178:60559] logged in with entity id 60516 at (347.04559130210373, 75.0, 542.1255126504611)
[22Mar2025 18:22:55.544] [Server thread/INFO] [net.minecraft.server.dedicated.DedicatedServer/]: DavZerok joined the game
[22Mar2025 18:22:55.545] [Server thread/INFO] [tac/]: PENDING
[22Mar2025 18:22:55.561] [Server thread/INFO] [xaero.pac.OpenPartiesAndClaims/]: Updating all forceload tickets for 47f289ce-7df7-3037-8ecf-80a056f9f854
[22Mar2025 18:22:55.587] [Server thread/INFO] [readyplayerfun/]: Unpausing server: onPlayerLogin, 0:04:10 at 217441, 292154
[22Mar2025 18:22:55.720] [Server thread/INFO] [voicechat/]: [voicechat] Received secret request of DavZerok (17)
[22Mar2025 18:22:55.722] [Server thread/INFO] [voicechat/]: [voicechat] Sent secret to DavZerok
[22Mar2025 18:22:59.395] [Server thread/WARN] [net.minecraft.server.MinecraftServer/]: Can't keep up! Is the server overloaded? Running 2382ms or 47 ticks behind
[22Mar2025 18:23:45.007] [Server thread/WARN] [net.minecraft.server.MinecraftServer/]: Can't keep up! Is the server overloaded? Running 2044ms or 40 ticks behind
[22Mar2025 18:24:13.321] [Server thread/INFO] [net.minecraft.server.dedicated.DedicatedServer/]: DavZerok was slain by Runner
[22Mar2025 18:24:14.558] [Server thread/INFO] [net.minecraft.server.dedicated.DedicatedServer/]: No player was found
[22Mar2025 18:24:14.559] [Server thread/INFO] [tac/]: PENDING
[22Mar2025 18:24:39.817] [Server thread/WARN] [net.minecraft.server.level.ServerPlayerGameMode/]: Mismatch in destroy block pos: BlockPos{x=0, y=0, z=0} BlockPos{x=-40, y=72, z=171}
[22Mar2025 18:24:47.617] [Server thread/WARN] [net.minecraft.server.level.ServerPlayerGameMode/]: Mismatch in destroy block pos: BlockPos{x=-40, y=72, z=173} BlockPos{x=-40, y=72, z=171}
[22Mar2025 18:25:04.517] [Server thread/WARN] [net.minecraft.server.level.ServerPlayerGameMode/]: Mismatch in destroy block pos: BlockPos{x=-40, y=72, z=173} BlockPos{x=-42, y=77, z=172}
[22Mar2025 18:25:08.572] [Server thread/WARN] [net.minecraft.server.level.ServerPlayerGameMode/]: Mismatch in destroy block pos: BlockPos{x=-40, y=72, z=173} BlockPos{x=-40, y=78, z=169}
[22Mar2025 18:26:34.216] [Server thread/INFO] [net.minecraft.server.dedicated.DedicatedServer/]: DavZerok was slain by Zombie
[22Mar2025 18:26:35.355] [Server thread/INFO] [net.minecraft.server.dedicated.DedicatedServer/]: No player was found
[22Mar2025 18:26:35.356] [Server thread/INFO] [tac/]: PENDING
[22Mar2025 18:30:00.420] [Server thread/INFO] [net.minecraft.server.dedicated.DedicatedServer/]: DavZerok has made the advancement [Sweet Dreams]
[22Mar2025 18:30:30.171] [Server thread/INFO] [net.minecraft.server.dedicated.DedicatedServer/]: DavZerok was doomed to fall
[22Mar2025 18:30:31.306] [Server thread/INFO] [net.minecraft.server.dedicated.DedicatedServer/]: No player was found
[22Mar2025 18:30:31.308] [Server thread/INFO] [tac/]: PENDING
[22Mar2025 18:32:00.526] [Server thread/INFO] [sereneseasons/]: Season time skipped by 9035 in deceasedcraft:abyss
[22Mar2025 18:32:00.527] [Server thread/INFO] [sereneseasons/]: Season time skipped by 9035 in minecraft:the_nether
[22Mar2025 18:32:00.528] [Server thread/INFO] [sereneseasons/]: Season time skipped by 9035 in minecraft:the_end
[22Mar2025 18:32:00.528] [Server thread/INFO] [sereneseasons/]: Season time skipped by 9035 in lostcities:lostcity
[22Mar2025 18:32:00.562] [Server thread/INFO] [sereneseasons/]: Season time skipped by 9035 in minecraft:overworld
[22Mar2025 18:35:25.668] [Server thread/INFO] [net.minecraft.server.dedicated.DedicatedServer/]: DavZerok has made the advancement [Suit Up]
[22Mar2025 18:35:46.719] [Server thread/INFO] [net.minecraft.server.dedicated.DedicatedServer/]: DavZerok has made the advancement [Crops of the Wild]
[22Mar2025 18:37:28.672] [Server thread/WARN] [net.minecraft.server.MinecraftServer/]: Can't keep up! Is the server overloaded? Running 2710ms or 54 ticks behind
[22Mar2025 18:40:00.369] [Server thread/INFO] [net.minecraft.server.dedicated.DedicatedServer/]: DavZerok was slain by The Wheezer
[22Mar2025 18:40:01.472] [Server thread/INFO] [net.minecraft.server.dedicated.DedicatedServer/]: No player was found
[22Mar2025 18:40:01.473] [Server thread/INFO] [tac/]: PENDING
[22Mar2025 18:42:46.517] [Server thread/INFO] [net.minecraft.server.dedicated.DedicatedServer/]: DavZerok has made the advancement [Disme A Dozen]
[22Mar2025 18:43:01.719] [Server thread/INFO] [sereneseasons/]: Season time skipped by 10831 in deceasedcraft:abyss
[22Mar2025 18:43:01.720] [Server thread/INFO] [sereneseasons/]: Season time skipped by 10831 in minecraft:the_nether
[22Mar2025 18:43:01.720] [Server thread/INFO] [sereneseasons/]: Season time skipped by 10831 in minecraft:the_end
[22Mar2025 18:43:01.721] [Server thread/INFO] [sereneseasons/]: Season time skipped by 10831 in lostcities:lostcity
[22Mar2025 18:43:01.762] [Server thread/INFO] [sereneseasons/]: Season time skipped by 10831 in minecraft:overworld
[22Mar2025 18:45:49.376] [Server thread/INFO] [net.minecraft.world.entity.LivingEntity/]: Named entity ZombiePlayer['DavZerok'/148461, l='ServerLevel[world]', x=560.20, y=72.00, z=619.61] died: entity.hordes.ZombiePlayer.chat was slain by DavZerok
[22Mar2025 18:48:17.067] [Server thread/WARN] [net.minecraft.server.MinecraftServer/]: Can't keep up! Is the server overloaded? Running 2354ms or 47 ticks behind
[22Mar2025 18:48:47.935] [Server thread/WARN] [net.minecraft.server.MinecraftServer/]: Can't keep up! Is the server overloaded? Running 3073ms or 61 ticks behind
[22Mar2025 18:54:57.120] [Server thread/INFO] [sereneseasons/]: Season time skipped by 9801 in deceasedcraft:abyss
[22Mar2025 18:54:57.121] [Server thread/INFO] [sereneseasons/]: Season time skipped by 9801 in minecraft:the_nether
[22Mar2025 18:54:57.121] [Server thread/INFO] [sereneseasons/]: Season time skipped by 9801 in minecraft:the_end
[22Mar2025 18:54:57.122] [Server thread/INFO] [sereneseasons/]: Season time skipped by 9801 in lostcities:lostcity
[22Mar2025 18:54:57.162] [Server thread/INFO] [sereneseasons/]: Season time skipped by 9801 in minecraft:overworld
[22Mar2025 19:03:43.857] [Server thread/INFO] [net.minecraft.server.dedicated.DedicatedServer/]: DavZerok has made the advancement [Acquire Hardware]
[22Mar2025 19:04:07.577] [Server thread/INFO] [net.minecraftforge.common.AdvancementLoadFix/]: Using new advancement loading for net.minecraft.server.PlayerAdvancements@6aaadd50
[22Mar2025 19:04:07.582] [Server thread/INFO] [net.minecraft.server.players.PlayerList/]: Alrio2009[/127.74.228.232:33109] logged in with entity id 213920 at (-4.688670173298695, 72.0, -982.9540256130589)
[22Mar2025 19:04:07.606] [Server thread/INFO] [net.minecraft.server.dedicated.DedicatedServer/]: Alrio2009 joined the game
[22Mar2025 19:04:07.607] [Server thread/INFO] [tac/]: PENDING
[22Mar2025 19:04:07.629] [Server thread/INFO] [xaero.pac.OpenPartiesAndClaims/]: Updating all forceload tickets for 80891582-9c21-3c37-b877-392a9f94286d
[22Mar2025 19:04:08.484] [Server thread/INFO] [voicechat/]: [voicechat] Received secret request of Alrio2009 (17)
[22Mar2025 19:04:08.485] [Server thread/INFO] [voicechat/]: [voicechat] Sent secret to Alrio2009
[22Mar2025 19:07:53.518] [Server thread/WARN] [firstaid/]: Failed to lookup healer for item air
[22Mar2025 19:07:54.730] [Server thread/WARN] [firstaid/]: Failed to lookup healer for item air
[22Mar2025 19:08:55.077] [Server thread/INFO] [net.minecraft.server.dedicated.DedicatedServer/]: DavZerok has made the advancement [Isn't It Iron Pick]
[22Mar2025 19:12:01.025] [Server thread/INFO] [net.minecraft.server.dedicated.DedicatedServer/]: [Alrio2009: Set own game mode to Creative Mode]
[22Mar2025 19:12:07.241] [Server thread/INFO] [net.minecraft.server.dedicated.DedicatedServer/]: [Alrio2009: Set own game mode to Survival Mode]
[22Mar2025 19:12:23.822] [Server thread/INFO] [net.minecraft.server.dedicated.DedicatedServer/]: Alrio2009 was slain by Zombie
[22Mar2025 19:12:34.230] [Server thread/INFO] [net.minecraft.server.dedicated.DedicatedServer/]: No player was found
[22Mar2025 19:12:34.230] [Server thread/INFO] [tac/]: PENDING
[22Mar2025 19:12:48.494] [Server thread/INFO] [net.minecraft.server.dedicated.DedicatedServer/]: [Alrio2009: Teleported Alrio2009 to 63.500000, 61.500000, -1202.500000]
[22Mar2025 19:14:22.639] [Server thread/INFO] [net.minecraft.server.dedicated.DedicatedServer/]: [Alrio2009: Teleported Alrio2009 to -21.500000, 74.500000, -920.500000]
[22Mar2025 19:14:26.632] [Server thread/WARN] [net.minecraft.server.MinecraftServer/]: Can't keep up! Is the server overloaded? Running 2020ms or 40 ticks behind
